{"mc":{
	"monster1":{
		"frameRate":5,
		"labels":[
			{"name":"run0","frame":1,"end":6},
			{"name":"run1","frame":1,"end":6},
			{"name":"run2","frame":1,"end":6},
			{"name":"run3","frame":1,"end":6},
			{"name":"run4","frame":1,"end":6}
			
			],
		"events":[
			
			],
		"frames":[
			
			{
			"res":"001",
			"x":0,
			"y":0
			},
			{
			"res":"002",
			"x":0,
			"y":4
			},
			{
			"res":"003",
			"x":0,
			"y":8
			},
			{
			"res":"004",
			"x":0,
			"y":11
			},
			{
			"res":"005",
			"x":0,
			"y":8
			},
			{
			"res":"006",
			"x":0,
			"y":4
			}
			]
}},
	"res":{
		"003":{"x":86,"y":131,"w":84,"h":125},
		"002":{"x":86,"y":1,"w":84,"h":129},
		"001":{"x":1,"y":1,"w":84,"h":132},
		"006":{"x":86,"y":1,"w":84,"h":129},
		"004":{"x":1,"y":134,"w":84,"h":122},
		"005":{"x":86,"y":131,"w":84,"h":125}
	}}