{"mc":{
	"run":{
		"frameRate":12,
		"labels":[
			{"name":"run0","frame":2,"end":8},
			{"name":"run1","frame":2,"end":8},
			{"name":"run2","frame":2,"end":8},
			{"name":"run3","frame":2,"end":8},
			{"name":"run4","frame":2,"end":8},
			
			{"name":"drop0","frame":9,"end":9},
			{"name":"drop1","frame":9,"end":9},
			{"name":"drop2","frame":9,"end":9},
			{"name":"drop3","frame":9,"end":9},
			{"name":"drop4","frame":9,"end":9}
			],
		"events":[
			
			],
		"frames":[
			
			{
			"res":"001",
			"x":-59,
			"y":-77
			},
			{
			"res":"002",
			"x":-58,
			"y":-75
			},
			{
			"res":"003",
			"x":-58,
			"y":-74
			},
			{
			"res":"004",
			"x":-59,
			"y":-72
			},
			{
			"res":"005",
			"x":-58,
			"y":-75
			},
			{
			"res":"006",
			"x":-59,
			"y":-76
			},
			{
			"res":"007",
			"x":-58,
			"y":-77
			},
			{
			"res":"008",
			"x":-58,
			"y":-77
			},
			{
			"res":"001",
			"x":-48,
			"y":-58
			}
			]
}},
	"res":{
		"008":{"x":236,"y":1,"w":116,"h":99},
		"002":{"x":119,"y":101,"w":116,"h":97},
		"006":{"x":1,"y":101,"w":117,"h":98},
		"004":{"x":236,"y":200,"w":115,"h":95},
		"001":{"x":1,"y":201,"w":112,"h":86},
		"003":{"x":119,"y":200,"w":116,"h":96},
		"005":{"x":236,"y":101,"w":116,"h":97},
		"007":{"x":119,"y":1,"w":116,"h":99}
	}}