{"frames": [

{
	"filename": "cold_frame.png",
	"frame": {"x":0,"y":0,"w":256,"h":256},
	"rotated": false,
	"trimmed": false,
	"spriteSourceSize": {"x":0,"y":0,"w":256,"h":256},
	"sourceSize": {"w":256,"h":256}
},
{
	"filename": "cold_start.png",
	"frame": {"x":0,"y":258,"w":256,"h":74},
	"rotated": false,
	"trimmed": false,
	"spriteSourceSize": {"x":0,"y":0,"w":256,"h":74},
	"sourceSize": {"w":256,"h":74}
},
{
	"filename": "cold_word.png",
	"frame": {"x":0,"y":334,"w":256,"h":64},
	"rotated": false,
	"trimmed": false,
	"spriteSourceSize": {"x":0,"y":0,"w":256,"h":64},
	"sourceSize": {"w":256,"h":64}
}],
"meta": {
	"app": "http://www.codeandweb.com/texturepacker ",
	"version": "1.0",
	"image": "coldui.png",
	"format": "RGBA8888",
	"size": {"w":256,"h":512},
	"scale": "1",
	"smartupdate": "$TexturePacker:SmartUpdate:74885e66900177eb10cd4af1569d6e6d:1/1$"
}
}
