{"frames": [

{
	"filename": "0.png",
	"frame": {"x":249,"y":2,"w":2,"h":2},
	"rotated": false,
	"trimmed": false,
	"spriteSourceSize": {"x":0,"y":0,"w":2,"h":2},
	"sourceSize": {"w":2,"h":2}
},
{
	"filename": "1.png",
	"frame": {"x":123,"y":263,"w":71,"h":130},
	"rotated": false,
	"trimmed": false,
	"spriteSourceSize": {"x":0,"y":0,"w":71,"h":130},
	"sourceSize": {"w":71,"h":130}
},
{
	"filename": "2.png",
	"frame": {"x":123,"y":134,"w":118,"h":127},
	"rotated": false,
	"trimmed": false,
	"spriteSourceSize": {"x":0,"y":0,"w":118,"h":127},
	"sourceSize": {"w":118,"h":127}
},
{
	"filename": "3.png",
	"frame": {"x":127,"y":2,"w":120,"h":130},
	"rotated": false,
	"trimmed": false,
	"spriteSourceSize": {"x":0,"y":0,"w":120,"h":130},
	"sourceSize": {"w":120,"h":130}
},
{
	"filename": "4.png",
	"frame": {"x":2,"y":132,"w":119,"h":130},
	"rotated": false,
	"trimmed": false,
	"spriteSourceSize": {"x":0,"y":0,"w":119,"h":130},
	"sourceSize": {"w":119,"h":130}
},
{
	"filename": "5.png",
	"frame": {"x":2,"y":2,"w":123,"h":128},
	"rotated": false,
	"trimmed": false,
	"spriteSourceSize": {"x":0,"y":0,"w":123,"h":128},
	"sourceSize": {"w":123,"h":128}
},
{
	"filename": "6.png",
	"frame": {"x":249,"y":2,"w":2,"h":2},
	"rotated": false,
	"trimmed": false,
	"spriteSourceSize": {"x":0,"y":0,"w":2,"h":2},
	"sourceSize": {"w":2,"h":2}
},
{
	"filename": "7.png",
	"frame": {"x":249,"y":2,"w":2,"h":2},
	"rotated": false,
	"trimmed": false,
	"spriteSourceSize": {"x":0,"y":0,"w":2,"h":2},
	"sourceSize": {"w":2,"h":2}
},
{
	"filename": "8.png",
	"frame": {"x":249,"y":2,"w":2,"h":2},
	"rotated": false,
	"trimmed": false,
	"spriteSourceSize": {"x":0,"y":0,"w":2,"h":2},
	"sourceSize": {"w":2,"h":2}
},
{
	"filename": "9.png",
	"frame": {"x":249,"y":2,"w":2,"h":2},
	"rotated": false,
	"trimmed": false,
	"spriteSourceSize": {"x":0,"y":0,"w":2,"h":2},
	"sourceSize": {"w":2,"h":2}
}],
"meta": {
	"app": "http://www.codeandweb.com/texturepacker ",
	"version": "1.0",
	"image": "coldnum.png",
	"format": "RGBA8888",
	"size": {"w":256,"h":512},
	"scale": "1",
	"smartupdate": "$TexturePacker:SmartUpdate:d1137531e87f79bf076d2e684a343c6f:1/1$"
}
}
