{"frames": [

{
	"filename": "0.png",
	"frame": {"x":97,"y":37,"w":28,"h":34},
	"rotated": false,
	"trimmed": false,
	"spriteSourceSize": {"x":0,"y":0,"w":28,"h":34},
	"sourceSize": {"w":28,"h":34}
},
{
	"filename": "1.png",
	"frame": {"x":99,"y":2,"w":16,"h":33},
	"rotated": false,
	"trimmed": false,
	"spriteSourceSize": {"x":0,"y":0,"w":16,"h":33},
	"sourceSize": {"w":16,"h":33}
},
{
	"filename": "2.png",
	"frame": {"x":65,"y":37,"w":30,"h":33},
	"rotated": false,
	"trimmed": false,
	"spriteSourceSize": {"x":0,"y":0,"w":30,"h":33},
	"sourceSize": {"w":30,"h":33}
},
{
	"filename": "3.png",
	"frame": {"x":2,"y":74,"w":30,"h":34},
	"rotated": false,
	"trimmed": false,
	"spriteSourceSize": {"x":0,"y":0,"w":30,"h":34},
	"sourceSize": {"w":30,"h":34}
},
{
	"filename": "4.png",
	"frame": {"x":34,"y":73,"w":29,"h":34},
	"rotated": false,
	"trimmed": false,
	"spriteSourceSize": {"x":0,"y":0,"w":29,"h":34},
	"sourceSize": {"w":29,"h":34}
},
{
	"filename": "5.png",
	"frame": {"x":34,"y":2,"w":31,"h":33},
	"rotated": false,
	"trimmed": false,
	"spriteSourceSize": {"x":0,"y":0,"w":31,"h":33},
	"sourceSize": {"w":31,"h":33}
},
{
	"filename": "6.png",
	"frame": {"x":2,"y":38,"w":30,"h":34},
	"rotated": false,
	"trimmed": false,
	"spriteSourceSize": {"x":0,"y":0,"w":30,"h":34},
	"sourceSize": {"w":30,"h":34}
},
{
	"filename": "7.png",
	"frame": {"x":67,"y":2,"w":30,"h":33},
	"rotated": false,
	"trimmed": false,
	"spriteSourceSize": {"x":0,"y":0,"w":30,"h":33},
	"sourceSize": {"w":30,"h":33}
},
{
	"filename": "8.png",
	"frame": {"x":2,"y":2,"w":30,"h":34},
	"rotated": false,
	"trimmed": false,
	"spriteSourceSize": {"x":0,"y":0,"w":30,"h":34},
	"sourceSize": {"w":30,"h":34}
},
{
	"filename": "9.png",
	"frame": {"x":34,"y":37,"w":29,"h":34},
	"rotated": false,
	"trimmed": false,
	"spriteSourceSize": {"x":0,"y":0,"w":29,"h":34},
	"sourceSize": {"w":29,"h":34}
}],
"meta": {
	"app": "http://www.codeandweb.com/texturepacker ",
	"version": "1.0",
	"image": "comboshare.png",
	"format": "RGBA8888",
	"size": {"w":128,"h":128},
	"scale": "1",
	"smartupdate": "$TexturePacker:SmartUpdate:ff8a298cc251174620d049fce1403726:1/1$"
}
}
