{"frames": [

{
	"filename": "btn_close.png",
	"frame": {"x":0,"y":64,"w":128,"h":63},
	"rotated": false,
	"trimmed": false,
	"spriteSourceSize": {"x":0,"y":0,"w":128,"h":63},
	"sourceSize": {"w":128,"h":63}
},
{
	"filename": "btn_close_pressed.png",
	"frame": {"x":0,"y":0,"w":128,"h":63},
	"rotated": false,
	"trimmed": false,
	"spriteSourceSize": {"x":0,"y":0,"w":128,"h":63},
	"sourceSize": {"w":128,"h":63}
},
{
	"filename": "btn_guanbi.png",
	"frame": {"x":129,"y":81,"w":80,"h":80},
	"rotated": false,
	"trimmed": false,
	"spriteSourceSize": {"x":0,"y":0,"w":80,"h":80},
	"sourceSize": {"w":80,"h":80}
},
{
	"filename": "btn_guanbi_pressed.png",
	"frame": {"x":129,"y":0,"w":80,"h":80},
	"rotated": false,
	"trimmed": false,
	"spriteSourceSize": {"x":0,"y":0,"w":80,"h":80},
	"sourceSize": {"w":80,"h":80}
}],
"meta": {
	"app": "http://www.codeandweb.com/texturepacker ",
	"version": "1.0",
	"image": "common.png",
	"format": "RGBA8888",
	"size": {"w":256,"h":256},
	"scale": "1",
	"smartupdate": "$TexturePacker:SmartUpdate:0c922152cb54230d5cc07589b06af41f:1/1$"
}
}
