{"frames": [

{
	"filename": "0.png",
	"frame": {"x":158,"y":68,"w":50,"h":64},
	"rotated": false,
	"trimmed": false,
	"spriteSourceSize": {"x":0,"y":0,"w":50,"h":64},
	"sourceSize": {"w":50,"h":64}
},
{
	"filename": "1.png",
	"frame": {"x":106,"y":68,"w":50,"h":64},
	"rotated": false,
	"trimmed": false,
	"spriteSourceSize": {"x":0,"y":0,"w":50,"h":64},
	"sourceSize": {"w":50,"h":64}
},
{
	"filename": "2.png",
	"frame": {"x":54,"y":134,"w":50,"h":64},
	"rotated": false,
	"trimmed": false,
	"spriteSourceSize": {"x":0,"y":0,"w":50,"h":64},
	"sourceSize": {"w":50,"h":64}
},
{
	"filename": "3.png",
	"frame": {"x":54,"y":68,"w":50,"h":64},
	"rotated": false,
	"trimmed": false,
	"spriteSourceSize": {"x":0,"y":0,"w":50,"h":64},
	"sourceSize": {"w":50,"h":64}
},
{
	"filename": "4.png",
	"frame": {"x":158,"y":2,"w":50,"h":64},
	"rotated": false,
	"trimmed": false,
	"spriteSourceSize": {"x":0,"y":0,"w":50,"h":64},
	"sourceSize": {"w":50,"h":64}
},
{
	"filename": "5.png",
	"frame": {"x":106,"y":2,"w":50,"h":64},
	"rotated": false,
	"trimmed": false,
	"spriteSourceSize": {"x":0,"y":0,"w":50,"h":64},
	"sourceSize": {"w":50,"h":64}
},
{
	"filename": "6.png",
	"frame": {"x":54,"y":2,"w":50,"h":64},
	"rotated": false,
	"trimmed": false,
	"spriteSourceSize": {"x":0,"y":0,"w":50,"h":64},
	"sourceSize": {"w":50,"h":64}
},
{
	"filename": "7.png",
	"frame": {"x":2,"y":134,"w":50,"h":64},
	"rotated": false,
	"trimmed": false,
	"spriteSourceSize": {"x":0,"y":0,"w":50,"h":64},
	"sourceSize": {"w":50,"h":64}
},
{
	"filename": "8.png",
	"frame": {"x":2,"y":68,"w":50,"h":64},
	"rotated": false,
	"trimmed": false,
	"spriteSourceSize": {"x":0,"y":0,"w":50,"h":64},
	"sourceSize": {"w":50,"h":64}
},
{
	"filename": "9.png",
	"frame": {"x":2,"y":2,"w":50,"h":64},
	"rotated": false,
	"trimmed": false,
	"spriteSourceSize": {"x":0,"y":0,"w":50,"h":64},
	"sourceSize": {"w":50,"h":64}
}],
"meta": {
	"app": "http://www.codeandweb.com/texturepacker ",
	"version": "1.0",
	"image": "countdown.png",
	"format": "RGBA8888",
	"size": {"w":256,"h":256},
	"scale": "1",
	"smartupdate": "$TexturePacker:SmartUpdate:52ef247eff64e60540abbb0cde81ef57:1/1$"
}
}
