{"frames": [

{
	"filename": "btn_icon_close.png",
	"frame": {"x":64,"y":608,"w":62,"h":64},
	"rotated": false,
	"trimmed": false,
	"spriteSourceSize": {"x":0,"y":0,"w":62,"h":64},
	"sourceSize": {"w":62,"h":64}
},
{
	"filename": "btn_icon_close_pressed.png",
	"frame": {"x":44,"y":674,"w":62,"h":64},
	"rotated": false,
	"trimmed": false,
	"spriteSourceSize": {"x":0,"y":0,"w":62,"h":64},
	"sourceSize": {"w":62,"h":64}
},
{
	"filename": "btn_invite.png",
	"frame": {"x":294,"y":177,"w":131,"h":48},
	"rotated": false,
	"trimmed": false,
	"spriteSourceSize": {"x":0,"y":0,"w":131,"h":48},
	"sourceSize": {"w":131,"h":48}
},
{
	"filename": "btn_invite_press.png",
	"frame": {"x":294,"y":127,"w":131,"h":48},
	"rotated": false,
	"trimmed": false,
	"spriteSourceSize": {"x":0,"y":0,"w":131,"h":48},
	"sourceSize": {"w":131,"h":48}
},
{
	"filename": "btn_min.png",
	"frame": {"x":0,"y":608,"w":62,"h":64},
	"rotated": false,
	"trimmed": false,
	"spriteSourceSize": {"x":0,"y":0,"w":62,"h":64},
	"sourceSize": {"w":62,"h":64}
},
{
	"filename": "btn_min_pressed.png",
	"frame": {"x":416,"y":590,"w":62,"h":64},
	"rotated": false,
	"trimmed": false,
	"spriteSourceSize": {"x":0,"y":0,"w":62,"h":64},
	"sourceSize": {"w":62,"h":64}
},
{
	"filename": "btn_ready.png",
	"frame": {"x":0,"y":495,"w":292,"h":111},
	"rotated": false,
	"trimmed": false,
	"spriteSourceSize": {"x":0,"y":0,"w":292,"h":111},
	"sourceSize": {"w":292,"h":111}
},
{
	"filename": "btn_ready_gray.png",
	"frame": {"x":0,"y":382,"w":292,"h":111},
	"rotated": false,
	"trimmed": false,
	"spriteSourceSize": {"x":0,"y":0,"w":292,"h":111},
	"sourceSize": {"w":292,"h":111}
},
{
	"filename": "btn_ready_pressed.png",
	"frame": {"x":0,"y":269,"w":292,"h":111},
	"rotated": false,
	"trimmed": false,
	"spriteSourceSize": {"x":0,"y":0,"w":292,"h":111},
	"sourceSize": {"w":292,"h":111}
},
{
	"filename": "btn_start.png",
	"frame": {"x":0,"y":156,"w":292,"h":111},
	"rotated": false,
	"trimmed": false,
	"spriteSourceSize": {"x":0,"y":0,"w":292,"h":111},
	"sourceSize": {"w":292,"h":111}
},
{
	"filename": "btn_start_pressed.png",
	"frame": {"x":0,"y":43,"w":292,"h":111},
	"rotated": false,
	"trimmed": false,
	"spriteSourceSize": {"x":0,"y":0,"w":292,"h":111},
	"sourceSize": {"w":292,"h":111}
},
{
	"filename": "chooseitem.png",
	"frame": {"x":294,"y":103,"w":186,"h":22},
	"rotated": false,
	"trimmed": false,
	"spriteSourceSize": {"x":0,"y":0,"w":186,"h":22},
	"sourceSize": {"w":186,"h":22}
},
{
	"filename": "ctdbg.png",
	"frame": {"x":294,"y":357,"w":128,"h":21},
	"rotated": false,
	"trimmed": false,
	"spriteSourceSize": {"x":0,"y":0,"w":128,"h":21},
	"sourceSize": {"w":128,"h":21}
},
{
	"filename": "head_frame.png",
	"frame": {"x":416,"y":524,"w":64,"h":64},
	"rotated": false,
	"trimmed": false,
	"spriteSourceSize": {"x":0,"y":0,"w":64,"h":64},
	"sourceSize": {"w":64,"h":64}
},
{
	"filename": "img_bg_mask.png",
	"frame": {"x":482,"y":103,"w":4,"h":4},
	"rotated": false,
	"trimmed": false,
	"spriteSourceSize": {"x":0,"y":0,"w":4,"h":4},
	"sourceSize": {"w":4,"h":4}
},
{
	"filename": "img_countbg.png",
	"frame": {"x":0,"y":696,"w":42,"h":18},
	"rotated": false,
	"trimmed": false,
	"spriteSourceSize": {"x":0,"y":0,"w":42,"h":18},
	"sourceSize": {"w":42,"h":18}
},
{
	"filename": "img_item_box.png",
	"frame": {"x":294,"y":472,"w":120,"h":120},
	"rotated": false,
	"trimmed": false,
	"spriteSourceSize": {"x":0,"y":0,"w":120,"h":120},
	"sourceSize": {"w":120,"h":120}
},
{
	"filename": "img_item_mask.png",
	"frame": {"x":418,"y":458,"w":64,"h":64},
	"rotated": false,
	"trimmed": false,
	"spriteSourceSize": {"x":0,"y":0,"w":64,"h":64},
	"sourceSize": {"w":64,"h":64}
},
{
	"filename": "img_item_select.png",
	"frame": {"x":418,"y":392,"w":64,"h":64},
	"rotated": false,
	"trimmed": false,
	"spriteSourceSize": {"x":0,"y":0,"w":64,"h":64},
	"sourceSize": {"w":64,"h":64}
},
{
	"filename": "img_itembg.png",
	"frame": {"x":424,"y":326,"w":64,"h":64},
	"rotated": false,
	"trimmed": false,
	"spriteSourceSize": {"x":0,"y":0,"w":64,"h":64},
	"sourceSize": {"w":64,"h":64}
},
{
	"filename": "img_kuangbg.png",
	"frame": {"x":427,"y":127,"w":83,"h":65},
	"rotated": false,
	"trimmed": false,
	"spriteSourceSize": {"x":0,"y":0,"w":83,"h":65},
	"sourceSize": {"w":83,"h":65}
},
{
	"filename": "img_lock.png",
	"frame": {"x":0,"y":860,"w":47,"h":64},
	"rotated": false,
	"trimmed": false,
	"spriteSourceSize": {"x":0,"y":0,"w":47,"h":64},
	"sourceSize": {"w":47,"h":64}
},
{
	"filename": "img_map_selected.png",
	"frame": {"x":424,"y":260,"w":64,"h":64},
	"rotated": false,
	"trimmed": false,
	"spriteSourceSize": {"x":0,"y":0,"w":64,"h":64},
	"sourceSize": {"w":64,"h":64}
},
{
	"filename": "img_ready.png",
	"frame": {"x":427,"y":194,"w":64,"h":64},
	"rotated": false,
	"trimmed": false,
	"spriteSourceSize": {"x":0,"y":0,"w":64,"h":64},
	"sourceSize": {"w":64,"h":64}
},
{
	"filename": "img_tab.png",
	"frame": {"x":294,"y":426,"w":122,"h":44},
	"rotated": false,
	"trimmed": false,
	"spriteSourceSize": {"x":0,"y":0,"w":122,"h":44},
	"sourceSize": {"w":122,"h":44}
},
{
	"filename": "img_tab_pressed.png",
	"frame": {"x":294,"y":380,"w":122,"h":44},
	"rotated": false,
	"trimmed": false,
	"spriteSourceSize": {"x":0,"y":0,"w":122,"h":44},
	"sourceSize": {"w":122,"h":44}
},
{
	"filename": "img_toast_bg.png",
	"frame": {"x":0,"y":0,"w":512,"h":41},
	"rotated": false,
	"trimmed": false,
	"spriteSourceSize": {"x":0,"y":0,"w":512,"h":41},
	"sourceSize": {"w":512,"h":41}
},
{
	"filename": "mapicon_1.png",
	"frame": {"x":0,"y":758,"w":100,"h":100},
	"rotated": false,
	"trimmed": false,
	"spriteSourceSize": {"x":0,"y":0,"w":100,"h":100},
	"sourceSize": {"w":100,"h":100}
},
{
	"filename": "mapicon_2.png",
	"frame": {"x":396,"y":656,"w":100,"h":100},
	"rotated": false,
	"trimmed": false,
	"spriteSourceSize": {"x":0,"y":0,"w":100,"h":100},
	"sourceSize": {"w":100,"h":100}
},
{
	"filename": "mapicon_3.png",
	"frame": {"x":294,"y":594,"w":100,"h":100},
	"rotated": false,
	"trimmed": false,
	"spriteSourceSize": {"x":0,"y":0,"w":100,"h":100},
	"sourceSize": {"w":100,"h":100}
},
{
	"filename": "player_gray.png",
	"frame": {"x":294,"y":227,"w":128,"h":128},
	"rotated": false,
	"trimmed": false,
	"spriteSourceSize": {"x":0,"y":0,"w":128,"h":128},
	"sourceSize": {"w":128,"h":128}
},
{
	"filename": "txt_choosechapter.png",
	"frame": {"x":294,"y":43,"w":213,"h":58},
	"rotated": false,
	"trimmed": false,
	"spriteSourceSize": {"x":0,"y":0,"w":213,"h":58},
	"sourceSize": {"w":213,"h":58}
}],
"meta": {
	"app": "http://www.codeandweb.com/texturepacker ",
	"version": "1.0",
	"image": "login.png",
	"format": "BGRA8888",
	"size": {"w":512,"h":1024},
	"scale": "1",
	"smartupdate": "$TexturePacker:SmartUpdate:7f96e66155a42e1cae8fb42cf2e8f46c:1/1$"
}
}
