{"frames": [

{
	"filename": "arrow.png",
	"frame": {"x":453,"y":2,"w":29,"h":32},
	"rotated": false,
	"trimmed": false,
	"spriteSourceSize": {"x":0,"y":0,"w":29,"h":32},
	"sourceSize": {"w":29,"h":32}
},
{
	"filename": "bridge_2.png",
	"frame": {"x":154,"y":82,"w":187,"h":58},
	"rotated": false,
	"trimmed": false,
	"spriteSourceSize": {"x":0,"y":0,"w":187,"h":58},
	"sourceSize": {"w":187,"h":58}
},
{
	"filename": "btn_help.png",
	"frame": {"x":343,"y":82,"w":62,"h":64},
	"rotated": false,
	"trimmed": false,
	"spriteSourceSize": {"x":0,"y":0,"w":62,"h":64},
	"sourceSize": {"w":62,"h":64}
},
{
	"filename": "combo_bg.png",
	"frame": {"x":2,"y":2,"w":150,"h":128},
	"rotated": false,
	"trimmed": false,
	"spriteSourceSize": {"x":0,"y":0,"w":150,"h":128},
	"sourceSize": {"w":150,"h":128}
},
{
	"filename": "deathmatch_coldalert.png",
	"frame": {"x":2,"y":142,"w":172,"h":26},
	"rotated": false,
	"trimmed": false,
	"spriteSourceSize": {"x":0,"y":0,"w":172,"h":26},
	"sourceSize": {"w":172,"h":26}
},
{
	"filename": "hpbar.png",
	"frame": {"x":297,"y":142,"w":33,"h":20},
	"rotated": false,
	"trimmed": false,
	"spriteSourceSize": {"x":0,"y":0,"w":33,"h":20},
	"sourceSize": {"w":33,"h":20}
},
{
	"filename": "pg_bg.png",
	"frame": {"x":176,"y":148,"w":64,"h":20},
	"rotated": false,
	"trimmed": false,
	"spriteSourceSize": {"x":0,"y":0,"w":64,"h":20},
	"sourceSize": {"w":64,"h":20}
},
{
	"filename": "pg_freeze.png",
	"frame": {"x":398,"y":148,"w":20,"h":20},
	"rotated": false,
	"trimmed": false,
	"spriteSourceSize": {"x":0,"y":0,"w":20,"h":20},
	"sourceSize": {"w":20,"h":20}
},
{
	"filename": "pg_full.png",
	"frame": {"x":376,"y":148,"w":20,"h":20},
	"rotated": false,
	"trimmed": false,
	"spriteSourceSize": {"x":0,"y":0,"w":20,"h":20},
	"sourceSize": {"w":20,"h":20}
},
{
	"filename": "pg_half.png",
	"frame": {"x":354,"y":148,"w":20,"h":20},
	"rotated": false,
	"trimmed": false,
	"spriteSourceSize": {"x":0,"y":0,"w":20,"h":20},
	"sourceSize": {"w":20,"h":20}
},
{
	"filename": "pg_plus.png",
	"frame": {"x":332,"y":148,"w":20,"h":20},
	"rotated": false,
	"trimmed": false,
	"spriteSourceSize": {"x":0,"y":0,"w":20,"h":20},
	"sourceSize": {"w":20,"h":20}
},
{
	"filename": "playerbg1.png",
	"frame": {"x":447,"y":108,"w":38,"h":38},
	"rotated": false,
	"trimmed": false,
	"spriteSourceSize": {"x":0,"y":0,"w":38,"h":38},
	"sourceSize": {"w":38,"h":38}
},
{
	"filename": "playerbg2.png",
	"frame": {"x":407,"y":108,"w":38,"h":38},
	"rotated": false,
	"trimmed": false,
	"spriteSourceSize": {"x":0,"y":0,"w":38,"h":38},
	"sourceSize": {"w":38,"h":38}
},
{
	"filename": "playerbg3.png",
	"frame": {"x":447,"y":68,"w":38,"h":38},
	"rotated": false,
	"trimmed": false,
	"spriteSourceSize": {"x":0,"y":0,"w":38,"h":38},
	"sourceSize": {"w":38,"h":38}
},
{
	"filename": "playerbg4.png",
	"frame": {"x":407,"y":68,"w":38,"h":38},
	"rotated": false,
	"trimmed": false,
	"spriteSourceSize": {"x":0,"y":0,"w":38,"h":38},
	"sourceSize": {"w":38,"h":38}
},
{
	"filename": "txt_combom.png",
	"frame": {"x":154,"y":42,"w":231,"h":38},
	"rotated": false,
	"trimmed": false,
	"spriteSourceSize": {"x":0,"y":0,"w":231,"h":38},
	"sourceSize": {"w":231,"h":38}
},
{
	"filename": "txt_combop.png",
	"frame": {"x":154,"y":2,"w":231,"h":38},
	"rotated": false,
	"trimmed": false,
	"spriteSourceSize": {"x":0,"y":0,"w":231,"h":38},
	"sourceSize": {"w":231,"h":38}
},
{
	"filename": "txt_rank.png",
	"frame": {"x":242,"y":142,"w":53,"h":25},
	"rotated": false,
	"trimmed": false,
	"spriteSourceSize": {"x":0,"y":0,"w":53,"h":25},
	"sourceSize": {"w":53,"h":25}
},
{
	"filename": "wave.png",
	"frame": {"x":387,"y":2,"w":64,"h":64},
	"rotated": false,
	"trimmed": false,
	"spriteSourceSize": {"x":0,"y":0,"w":64,"h":64},
	"sourceSize": {"w":64,"h":64}
}],
"meta": {
	"app": "http://www.codeandweb.com/texturepacker ",
	"version": "1.0",
	"image": "mainui.png",
	"format": "RGBA8888",
	"size": {"w":487,"h":170},
	"scale": "1",
	"smartupdate": "$TexturePacker:SmartUpdate:f472257bec66a4af948c34f3d3ac552a:1/1$"
}
}
