{"frames": [

{
	"filename": "bg1.png",
	"frame": {"x":512,"y":0,"w":256,"h":512},
	"rotated": false,
	"trimmed": false,
	"spriteSourceSize": {"x":0,"y":0,"w":256,"h":512},
	"sourceSize": {"w":256,"h":512}
},
{
	"filename": "bg2.png",
	"frame": {"x":256,"y":0,"w":256,"h":512},
	"rotated": false,
	"trimmed": false,
	"spriteSourceSize": {"x":0,"y":0,"w":256,"h":512},
	"sourceSize": {"w":256,"h":512}
},
{
	"filename": "bg3.png",
	"frame": {"x":0,"y":0,"w":256,"h":512},
	"rotated": false,
	"trimmed": false,
	"spriteSourceSize": {"x":0,"y":0,"w":256,"h":512},
	"sourceSize": {"w":256,"h":512}
}],
"meta": {
	"app": "http://www.codeandweb.com/texturepacker ",
	"version": "1.0",
	"image": "mapthumb.png",
	"format": "RGBA8888",
	"size": {"w":768,"h":512},
	"scale": "1",
	"smartupdate": "$TexturePacker:SmartUpdate:dfffb5feeeabade73f5112dbd55f7504:1/1$"
}
}
