{"frames": [

{
	"filename": "-.png",
	"frame": {"x":56,"y":70,"w":25,"h":32},
	"rotated": false,
	"trimmed": false,
	"spriteSourceSize": {"x":0,"y":0,"w":25,"h":32},
	"sourceSize": {"w":25,"h":32}
},
{
	"filename": "0.png",
	"frame": {"x":83,"y":36,"w":25,"h":32},
	"rotated": false,
	"trimmed": false,
	"spriteSourceSize": {"x":0,"y":0,"w":25,"h":32},
	"sourceSize": {"w":25,"h":32}
},
{
	"filename": "1.png",
	"frame": {"x":56,"y":36,"w":25,"h":32},
	"rotated": false,
	"trimmed": false,
	"spriteSourceSize": {"x":0,"y":0,"w":25,"h":32},
	"sourceSize": {"w":25,"h":32}
},
{
	"filename": "2.png",
	"frame": {"x":29,"y":70,"w":25,"h":32},
	"rotated": false,
	"trimmed": false,
	"spriteSourceSize": {"x":0,"y":0,"w":25,"h":32},
	"sourceSize": {"w":25,"h":32}
},
{
	"filename": "3.png",
	"frame": {"x":29,"y":36,"w":25,"h":32},
	"rotated": false,
	"trimmed": false,
	"spriteSourceSize": {"x":0,"y":0,"w":25,"h":32},
	"sourceSize": {"w":25,"h":32}
},
{
	"filename": "4.png",
	"frame": {"x":83,"y":2,"w":25,"h":32},
	"rotated": false,
	"trimmed": false,
	"spriteSourceSize": {"x":0,"y":0,"w":25,"h":32},
	"sourceSize": {"w":25,"h":32}
},
{
	"filename": "5.png",
	"frame": {"x":56,"y":2,"w":25,"h":32},
	"rotated": false,
	"trimmed": false,
	"spriteSourceSize": {"x":0,"y":0,"w":25,"h":32},
	"sourceSize": {"w":25,"h":32}
},
{
	"filename": "6.png",
	"frame": {"x":29,"y":2,"w":25,"h":32},
	"rotated": false,
	"trimmed": false,
	"spriteSourceSize": {"x":0,"y":0,"w":25,"h":32},
	"sourceSize": {"w":25,"h":32}
},
{
	"filename": "7.png",
	"frame": {"x":2,"y":70,"w":25,"h":32},
	"rotated": false,
	"trimmed": false,
	"spriteSourceSize": {"x":0,"y":0,"w":25,"h":32},
	"sourceSize": {"w":25,"h":32}
},
{
	"filename": "8.png",
	"frame": {"x":2,"y":36,"w":25,"h":32},
	"rotated": false,
	"trimmed": false,
	"spriteSourceSize": {"x":0,"y":0,"w":25,"h":32},
	"sourceSize": {"w":25,"h":32}
},
{
	"filename": "9.png",
	"frame": {"x":2,"y":2,"w":25,"h":32},
	"rotated": false,
	"trimmed": false,
	"spriteSourceSize": {"x":0,"y":0,"w":25,"h":32},
	"sourceSize": {"w":25,"h":32}
}],
"meta": {
	"app": "http://www.codeandweb.com/texturepacker ",
	"version": "1.0",
	"image": "minus.png",
	"format": "RGBA8888",
	"size": {"w":128,"h":128},
	"scale": "1",
	"smartupdate": "$TexturePacker:SmartUpdate:d7621a68a870660a0eea95873357208f:1/1$"
}
}
