{"frames": [

{
	"filename": "rankview_bg.png",
	"frame": {"x":573,"y":2,"w":256,"h":512},
	"rotated": false,
	"trimmed": false,
	"spriteSourceSize": {"x":0,"y":0,"w":256,"h":512},
	"sourceSize": {"w":256,"h":512}
},
{
	"filename": "rankview_panel1_columns.png",
	"frame": {"x":2,"y":365,"w":568,"h":53},
	"rotated": false,
	"trimmed": false,
	"spriteSourceSize": {"x":0,"y":0,"w":568,"h":53},
	"sourceSize": {"w":568,"h":53}
},
{
	"filename": "rankview_panel1_head.png",
	"frame": {"x":2,"y":420,"w":566,"h":162},
	"rotated": false,
	"trimmed": false,
	"spriteSourceSize": {"x":0,"y":0,"w":566,"h":162},
	"sourceSize": {"w":566,"h":162}
},
{
	"filename": "rankview_panel2_cup_01.png",
	"frame": {"x":652,"y":516,"w":80,"h":67},
	"rotated": false,
	"trimmed": false,
	"spriteSourceSize": {"x":0,"y":0,"w":80,"h":67},
	"sourceSize": {"w":80,"h":67}
},
{
	"filename": "rankview_panel2_cup_02.png",
	"frame": {"x":570,"y":516,"w":80,"h":67},
	"rotated": false,
	"trimmed": false,
	"spriteSourceSize": {"x":0,"y":0,"w":80,"h":67},
	"sourceSize": {"w":80,"h":67}
},
{
	"filename": "rankview_panel2_cup_03.png",
	"frame": {"x":913,"y":548,"w":80,"h":67},
	"rotated": false,
	"trimmed": false,
	"spriteSourceSize": {"x":0,"y":0,"w":80,"h":67},
	"sourceSize": {"w":80,"h":67}
},
{
	"filename": "rankview_panel2_overlay_mvp.png",
	"frame": {"x":734,"y":516,"w":62,"h":61},
	"rotated": false,
	"trimmed": false,
	"spriteSourceSize": {"x":0,"y":0,"w":62,"h":61},
	"sourceSize": {"w":62,"h":61}
},
{
	"filename": "rankview_panel2_row_bg_empty.png",
	"frame": {"x":2,"y":277,"w":569,"h":86},
	"rotated": false,
	"trimmed": false,
	"spriteSourceSize": {"x":0,"y":0,"w":569,"h":86},
	"sourceSize": {"w":569,"h":86}
},
{
	"filename": "rankview_panel2_row_bg_other.png",
	"frame": {"x":2,"y":189,"w":569,"h":86},
	"rotated": false,
	"trimmed": false,
	"spriteSourceSize": {"x":0,"y":0,"w":569,"h":86},
	"sourceSize": {"w":569,"h":86}
},
{
	"filename": "rankview_panel2_row_bg_self.png",
	"frame": {"x":2,"y":101,"w":569,"h":86},
	"rotated": false,
	"trimmed": false,
	"spriteSourceSize": {"x":0,"y":0,"w":569,"h":86},
	"sourceSize": {"w":569,"h":86}
},
{
	"filename": "rankview_panel2_stats_icon_ab_01.png",
	"frame": {"x":974,"y":142,"w":30,"h":26},
	"rotated": false,
	"trimmed": false,
	"spriteSourceSize": {"x":0,"y":0,"w":30,"h":26},
	"sourceSize": {"w":30,"h":26}
},
{
	"filename": "rankview_panel2_stats_icon_ab_02.png",
	"frame": {"x":974,"y":114,"w":30,"h":26},
	"rotated": false,
	"trimmed": false,
	"spriteSourceSize": {"x":0,"y":0,"w":30,"h":26},
	"sourceSize": {"w":30,"h":26}
},
{
	"filename": "rankview_panel2_stats_icon_kh_01.png",
	"frame": {"x":974,"y":86,"w":30,"h":26},
	"rotated": false,
	"trimmed": false,
	"spriteSourceSize": {"x":0,"y":0,"w":30,"h":26},
	"sourceSize": {"w":30,"h":26}
},
{
	"filename": "rankview_panel2_stats_icon_kh_02.png",
	"frame": {"x":974,"y":58,"w":30,"h":26},
	"rotated": false,
	"trimmed": false,
	"spriteSourceSize": {"x":0,"y":0,"w":30,"h":26},
	"sourceSize": {"w":30,"h":26}
},
{
	"filename": "rankview_panel2_stats_icon_km_01.png",
	"frame": {"x":978,"y":30,"w":30,"h":26},
	"rotated": false,
	"trimmed": false,
	"spriteSourceSize": {"x":0,"y":0,"w":30,"h":26},
	"sourceSize": {"w":30,"h":26}
},
{
	"filename": "rankview_panel2_stats_icon_km_02.png",
	"frame": {"x":978,"y":2,"w":30,"h":26},
	"rotated": false,
	"trimmed": false,
	"spriteSourceSize": {"x":0,"y":0,"w":30,"h":26},
	"sourceSize": {"w":30,"h":26}
},
{
	"filename": "rankview_panel3_bg.png",
	"frame": {"x":2,"y":2,"w":569,"h":97},
	"rotated": false,
	"trimmed": false,
	"spriteSourceSize": {"x":0,"y":0,"w":569,"h":97},
	"sourceSize": {"w":569,"h":97}
},
{
	"filename": "rankview_panel3_btn_share_d.png",
	"frame": {"x":831,"y":129,"w":141,"h":70},
	"rotated": false,
	"trimmed": false,
	"spriteSourceSize": {"x":0,"y":0,"w":141,"h":70},
	"sourceSize": {"w":141,"h":70}
},
{
	"filename": "rankview_panel3_btn_share_u.png",
	"frame": {"x":831,"y":57,"w":141,"h":70},
	"rotated": false,
	"trimmed": false,
	"spriteSourceSize": {"x":0,"y":0,"w":141,"h":70},
	"sourceSize": {"w":141,"h":70}
},
{
	"filename": "rankview_panel3_label_01.png",
	"frame": {"x":831,"y":2,"w":145,"h":53},
	"rotated": false,
	"trimmed": false,
	"spriteSourceSize": {"x":0,"y":0,"w":145,"h":53},
	"sourceSize": {"w":145,"h":53}
},
{
	"filename": "rankview_panel3_user_title_01.png",
	"frame": {"x":831,"y":272,"w":92,"h":26},
	"rotated": false,
	"trimmed": false,
	"spriteSourceSize": {"x":0,"y":0,"w":92,"h":26},
	"sourceSize": {"w":92,"h":26}
},
{
	"filename": "rankview_panel3_user_title_02.png",
	"frame": {"x":925,"y":244,"w":92,"h":26},
	"rotated": false,
	"trimmed": false,
	"spriteSourceSize": {"x":0,"y":0,"w":92,"h":26},
	"sourceSize": {"w":92,"h":26}
},
{
	"filename": "rankview_panel3_user_title_03.png",
	"frame": {"x":831,"y":244,"w":92,"h":26},
	"rotated": false,
	"trimmed": false,
	"spriteSourceSize": {"x":0,"y":0,"w":92,"h":26},
	"sourceSize": {"w":92,"h":26}
},
{
	"filename": "rankview_panel4_btn_campaign_d.png",
	"frame": {"x":831,"y":397,"w":89,"h":95},
	"rotated": false,
	"trimmed": false,
	"spriteSourceSize": {"x":0,"y":0,"w":89,"h":95},
	"sourceSize": {"w":89,"h":95}
},
{
	"filename": "rankview_panel4_btn_campaign_u.png",
	"frame": {"x":922,"y":369,"w":89,"h":95},
	"rotated": false,
	"trimmed": false,
	"spriteSourceSize": {"x":0,"y":0,"w":89,"h":95},
	"sourceSize": {"w":89,"h":95}
},
{
	"filename": "rankview_panel4_btn_close_d.png",
	"frame": {"x":831,"y":494,"w":80,"h":80},
	"rotated": false,
	"trimmed": false,
	"spriteSourceSize": {"x":0,"y":0,"w":80,"h":80},
	"sourceSize": {"w":80,"h":80}
},
{
	"filename": "rankview_panel4_btn_close_u.png",
	"frame": {"x":922,"y":466,"w":80,"h":80},
	"rotated": false,
	"trimmed": false,
	"spriteSourceSize": {"x":0,"y":0,"w":80,"h":80},
	"sourceSize": {"w":80,"h":80}
},
{
	"filename": "rankview_panel4_btn_shop_d.png",
	"frame": {"x":831,"y":300,"w":89,"h":95},
	"rotated": false,
	"trimmed": false,
	"spriteSourceSize": {"x":0,"y":0,"w":89,"h":95},
	"sourceSize": {"w":89,"h":95}
},
{
	"filename": "rankview_panel4_btn_shop_u.png",
	"frame": {"x":925,"y":272,"w":89,"h":95},
	"rotated": false,
	"trimmed": false,
	"spriteSourceSize": {"x":0,"y":0,"w":89,"h":95},
	"sourceSize": {"w":89,"h":95}
},
{
	"filename": "rankview_panel4_tips.png",
	"frame": {"x":831,"y":201,"w":138,"h":41},
	"rotated": false,
	"trimmed": false,
	"spriteSourceSize": {"x":0,"y":0,"w":138,"h":41},
	"sourceSize": {"w":138,"h":41}
}],
"meta": {
	"app": "http://www.codeandweb.com/texturepacker ",
	"version": "1.0",
	"image": "rankview2.png",
	"format": "RGBA8888",
	"size": {"w":1024,"h":1024},
	"scale": "1",
	"smartupdate": "$TexturePacker:SmartUpdate:b5395d2f28bacd95e01b228e8ed0a623:1/1$"
}
}
