{"frames": [

{
	"filename": "1.png",
	"frame": {"x":86,"y":2,"w":40,"h":60},
	"rotated": false,
	"trimmed": false,
	"spriteSourceSize": {"x":0,"y":0,"w":40,"h":60},
	"sourceSize": {"w":40,"h":60}
},
{
	"filename": "2.png",
	"frame": {"x":44,"y":2,"w":40,"h":60},
	"rotated": false,
	"trimmed": false,
	"spriteSourceSize": {"x":0,"y":0,"w":40,"h":60},
	"sourceSize": {"w":40,"h":60}
},
{
	"filename": "3.png",
	"frame": {"x":2,"y":64,"w":40,"h":60},
	"rotated": false,
	"trimmed": false,
	"spriteSourceSize": {"x":0,"y":0,"w":40,"h":60},
	"sourceSize": {"w":40,"h":60}
},
{
	"filename": "4.png",
	"frame": {"x":2,"y":2,"w":40,"h":60},
	"rotated": false,
	"trimmed": false,
	"spriteSourceSize": {"x":0,"y":0,"w":40,"h":60},
	"sourceSize": {"w":40,"h":60}
}],
"meta": {
	"app": "http://www.codeandweb.com/texturepacker ",
	"version": "1.0",
	"image": "rank.png",
	"format": "RGBA8888",
	"size": {"w":128,"h":128},
	"scale": "1",
	"smartupdate": "$TexturePacker:SmartUpdate:a0dac92ce0a9a79740be207ff1453c28:1/1$"
}
}
