{"frames": [

{
	"filename": "100_1.png",
	"frame": {"x":2,"y":394,"w":100,"h":50},
	"rotated": false,
	"trimmed": false,
	"spriteSourceSize": {"x":0,"y":0,"w":100,"h":50},
	"sourceSize": {"w":100,"h":50}
},
{
	"filename": "100_2.png",
	"frame": {"x":104,"y":366,"w":100,"h":50},
	"rotated": false,
	"trimmed": false,
	"spriteSourceSize": {"x":0,"y":0,"w":100,"h":50},
	"sourceSize": {"w":100,"h":50}
},
{
	"filename": "101_1.png",
	"frame": {"x":2,"y":342,"w":100,"h":50},
	"rotated": false,
	"trimmed": false,
	"spriteSourceSize": {"x":0,"y":0,"w":100,"h":50},
	"sourceSize": {"w":100,"h":50}
},
{
	"filename": "101_2.png",
	"frame": {"x":104,"y":314,"w":100,"h":50},
	"rotated": false,
	"trimmed": false,
	"spriteSourceSize": {"x":0,"y":0,"w":100,"h":50},
	"sourceSize": {"w":100,"h":50}
},
{
	"filename": "102_1.png",
	"frame": {"x":2,"y":290,"w":100,"h":50},
	"rotated": false,
	"trimmed": false,
	"spriteSourceSize": {"x":0,"y":0,"w":100,"h":50},
	"sourceSize": {"w":100,"h":50}
},
{
	"filename": "102_2.png",
	"frame": {"x":104,"y":262,"w":100,"h":50},
	"rotated": false,
	"trimmed": false,
	"spriteSourceSize": {"x":0,"y":0,"w":100,"h":50},
	"sourceSize": {"w":100,"h":50}
},
{
	"filename": "103_1.png",
	"frame": {"x":2,"y":238,"w":100,"h":50},
	"rotated": false,
	"trimmed": false,
	"spriteSourceSize": {"x":0,"y":0,"w":100,"h":50},
	"sourceSize": {"w":100,"h":50}
},
{
	"filename": "103_2.png",
	"frame": {"x":104,"y":210,"w":100,"h":50},
	"rotated": false,
	"trimmed": false,
	"spriteSourceSize": {"x":0,"y":0,"w":100,"h":50},
	"sourceSize": {"w":100,"h":50}
},
{
	"filename": "104_1.png",
	"frame": {"x":2,"y":186,"w":100,"h":50},
	"rotated": false,
	"trimmed": false,
	"spriteSourceSize": {"x":0,"y":0,"w":100,"h":50},
	"sourceSize": {"w":100,"h":50}
},
{
	"filename": "104_2.png",
	"frame": {"x":104,"y":158,"w":100,"h":50},
	"rotated": false,
	"trimmed": false,
	"spriteSourceSize": {"x":0,"y":0,"w":100,"h":50},
	"sourceSize": {"w":100,"h":50}
},
{
	"filename": "200_1.png",
	"frame": {"x":2,"y":134,"w":100,"h":50},
	"rotated": false,
	"trimmed": false,
	"spriteSourceSize": {"x":0,"y":0,"w":100,"h":50},
	"sourceSize": {"w":100,"h":50}
},
{
	"filename": "200_2.png",
	"frame": {"x":127,"y":106,"w":100,"h":50},
	"rotated": false,
	"trimmed": false,
	"spriteSourceSize": {"x":0,"y":0,"w":100,"h":50},
	"sourceSize": {"w":100,"h":50}
},
{
	"filename": "201_1.png",
	"frame": {"x":132,"y":54,"w":100,"h":50},
	"rotated": false,
	"trimmed": false,
	"spriteSourceSize": {"x":0,"y":0,"w":100,"h":50},
	"sourceSize": {"w":100,"h":50}
},
{
	"filename": "201_2.png",
	"frame": {"x":132,"y":2,"w":100,"h":50},
	"rotated": false,
	"trimmed": false,
	"spriteSourceSize": {"x":0,"y":0,"w":100,"h":50},
	"sourceSize": {"w":100,"h":50}
},
{
	"filename": "roomok.png",
	"frame": {"x":2,"y":68,"w":123,"h":64},
	"rotated": false,
	"trimmed": false,
	"spriteSourceSize": {"x":0,"y":0,"w":123,"h":64},
	"sourceSize": {"w":123,"h":64}
},
{
	"filename": "roomok_pressed.png",
	"frame": {"x":2,"y":2,"w":128,"h":64},
	"rotated": false,
	"trimmed": false,
	"spriteSourceSize": {"x":0,"y":0,"w":128,"h":64},
	"sourceSize": {"w":128,"h":64}
}],
"meta": {
	"app": "http://www.codeandweb.com/texturepacker ",
	"version": "1.0",
	"image": "roomno.png",
	"format": "RGBA8888",
	"size": {"w":256,"h":512},
	"scale": "1",
	"smartupdate": "$TexturePacker:SmartUpdate:9204b96f8e136a6cd8153fbdce8b069f:1/1$"
}
}
