{"frames": [

{
	"filename": "0.png",
	"frame": {"x":62,"y":82,"w":28,"h":38},
	"rotated": false,
	"trimmed": false,
	"spriteSourceSize": {"x":0,"y":0,"w":28,"h":38},
	"sourceSize": {"w":28,"h":38}
},
{
	"filename": "1.png",
	"frame": {"x":62,"y":42,"w":28,"h":38},
	"rotated": false,
	"trimmed": false,
	"spriteSourceSize": {"x":0,"y":0,"w":28,"h":38},
	"sourceSize": {"w":28,"h":38}
},
{
	"filename": "2.png",
	"frame": {"x":32,"y":82,"w":28,"h":38},
	"rotated": false,
	"trimmed": false,
	"spriteSourceSize": {"x":0,"y":0,"w":28,"h":38},
	"sourceSize": {"w":28,"h":38}
},
{
	"filename": "3.png",
	"frame": {"x":32,"y":42,"w":28,"h":38},
	"rotated": false,
	"trimmed": false,
	"spriteSourceSize": {"x":0,"y":0,"w":28,"h":38},
	"sourceSize": {"w":28,"h":38}
},
{
	"filename": "4.png",
	"frame": {"x":92,"y":2,"w":28,"h":38},
	"rotated": false,
	"trimmed": false,
	"spriteSourceSize": {"x":0,"y":0,"w":28,"h":38},
	"sourceSize": {"w":28,"h":38}
},
{
	"filename": "5.png",
	"frame": {"x":62,"y":2,"w":28,"h":38},
	"rotated": false,
	"trimmed": false,
	"spriteSourceSize": {"x":0,"y":0,"w":28,"h":38},
	"sourceSize": {"w":28,"h":38}
},
{
	"filename": "6.png",
	"frame": {"x":32,"y":2,"w":28,"h":38},
	"rotated": false,
	"trimmed": false,
	"spriteSourceSize": {"x":0,"y":0,"w":28,"h":38},
	"sourceSize": {"w":28,"h":38}
},
{
	"filename": "7.png",
	"frame": {"x":2,"y":82,"w":28,"h":38},
	"rotated": false,
	"trimmed": false,
	"spriteSourceSize": {"x":0,"y":0,"w":28,"h":38},
	"sourceSize": {"w":28,"h":38}
},
{
	"filename": "8.png",
	"frame": {"x":2,"y":42,"w":28,"h":38},
	"rotated": false,
	"trimmed": false,
	"spriteSourceSize": {"x":0,"y":0,"w":28,"h":38},
	"sourceSize": {"w":28,"h":38}
},
{
	"filename": "9.png",
	"frame": {"x":2,"y":2,"w":28,"h":38},
	"rotated": false,
	"trimmed": false,
	"spriteSourceSize": {"x":0,"y":0,"w":28,"h":38},
	"sourceSize": {"w":28,"h":38}
}],
"meta": {
	"app": "http://www.codeandweb.com/texturepacker ",
	"version": "1.0",
	"image": "uppoints.png",
	"format": "RGBA8888",
	"size": {"w":128,"h":128},
	"scale": "1",
	"smartupdate": "$TexturePacker:SmartUpdate:e0888302d6d14f869534b8ecc0077d69:1/1$"
}
}
