[{"type":"TREE","name":"橡树","lv":3,"pdct":0,"herit":0,"id":101,"need":0,"hp":6,"end":0},{"type":"TREE","name":"杨树","lv":3,"pdct":0,"herit":0,"id":102,"need":0,"hp":6,"end":0},{"type":"TREE","name":"松树","lv":3,"pdct":0,"herit":0,"id":103,"need":0,"hp":6,"end":0},{"type":"TREE","name":"桦树","lv":3,"pdct":0,"herit":0,"id":104,"need":0,"hp":6,"end":0},{"type":"TREE","name":"棕榈","lv":3,"pdct":0,"herit":0,"id":105,"need":0,"hp":6,"end":0},{"type":"TREE","name":"桃树","lv":3,"pdct":0,"herit":0,"id":106,"need":0,"hp":6,"end":0},{"type":"TREE","name":"摇钱树","lv":3,"pdct":0,"herit":0,"id":107,"need":0,"hp":6,"end":0},{"type":"COLL","name":"竹子","lv":2,"pdct":0,"herit":0,"id":108,"need":0,"hp":6,"end":0},{"type":"COLL","name":"灌木","lv":2,"pdct":0,"herit":0,"id":109,"need":0,"hp":6,"end":0},{"type":"COLL","name":"干草","lv":2,"pdct":0,"herit":0,"id":110,"need":0,"hp":6,"end":0},{"type":"COLL","name":"猫薄荷","lv":2,"pdct":0,"herit":0,"id":111,"need":0,"hp":6,"end":0},{"type":"COLL","name":"野果草","lv":2,"pdct":0,"herit":0,"id":201,"need":0,"hp":6,"end":0},{"type":"COLL","name":"萝卜","lv":1,"pdct":0,"herit":0,"id":202,"need":0,"hp":6,"end":0},{"type":"COLL","name":"野蘑菇","lv":1,"pdct":0,"herit":0,"id":203,"need":0,"hp":6,"end":0},{"type":"COLL","name":"毒蝇伞","lv":1,"pdct":0,"herit":0,"id":204,"need":0,"hp":6,"end":0},{"type":"ORE","name":"石矿","lv":1,"pdct":0,"herit":0,"id":301,"need":0,"hp":6,"end":0},{"type":"ORE","name":"金矿","lv":1,"pdct":0,"herit":0,"id":302,"need":0,"hp":6,"end":0},{"type":"ORE","name":"硝矿","lv":1,"pdct":0,"herit":0,"id":303,"need":0,"hp":6,"end":0},{"type":"ORE","name":"金伯利岩","lv":1,"pdct":0,"herit":0,"id":304,"need":0,"hp":6,"end":0}]