{"mc":{
	"0_3_death":{
		"frameRate":7,
		"frames":[
			
			{
			"res":"9FB1C456",
			"x":400,
			"y":308
			},
			{
			"res":"64CE85C1",
			"x":395,
			"y":310
			},
			{
			"res":"EA1EA22F",
			"x":390,
			"y":312
			},
			{
			"res":"3AF1EDAC",
			"x":384,
			"y":329
			},
			{
			"res":"E1B41E06",
			"x":381,
			"y":358
			},
			{
			"res":"21B5B033",
			"x":382,
			"y":374
			},
			{
			"res":"B75BFBCD",
			"x":388,
			"y":380
			},
			{
			"res":"217CEA7B",
			"x":385,
			"y":388
			},
			{
			"res":"B6BD1B7E",
			"x":401,
			"y":307
			},
			{
			"res":"74382C4C",
			"x":407,
			"y":310
			},
			{
			"res":"49542B86",
			"x":409,
			"y":312
			},
			{
			"res":"7B404DBA",
			"x":385,
			"y":310
			},
			{
			"res":"561F0B18",
			"x":337,
			"y":337
			},
			{
			"res":"66D388E9",
			"x":306,
			"y":351
			},
			{
			"res":"47B45441",
			"x":309,
			"y":367
			},
			{
			"res":"623559AF",
			"x":310,
			"y":371
			},
			{
			"res":"CDB3759B",
			"x":395,
			"y":305
			},
			{
			"res":"B3E896DD",
			"x":393,
			"y":307
			},
			{
			"res":"4996C56A",
			"x":395,
			"y":311
			},
			{
			"res":"35202D87",
			"x":396,
			"y":300
			},
			{
			"res":"E4B1FB24",
			"x":392,
			"y":305
			},
			{
			"res":"F0BA094C",
			"x":396,
			"y":304
			},
			{
			"res":"5E3A4A78",
			"x":388,
			"y":314
			},
			{
			"res":"AE92E2E6",
			"x":387,
			"y":325
			}
			]
}},
	"res":{
		"9FB1C456":{"x":173,"y":420,"w":41,"h":90},
		"64CE85C1":{"x":169,"y":330,"w":48,"h":88},
		"EA1EA22F":{"x":169,"y":242,"w":51,"h":86},
		"3AF1EDAC":{"x":115,"y":426,"w":56,"h":69},
		"E1B41E06":{"x":1,"y":445,"w":63,"h":60},
		"21B5B033":{"x":168,"y":111,"w":66,"h":75},
		"B75BFBCD":{"x":236,"y":111,"w":61,"h":75},
		"217CEA7B":{"x":250,"y":1,"w":64,"h":70},
		"B6BD1B7E":{"x":115,"y":242,"w":52,"h":92},
		"74382C4C":{"x":67,"y":370,"w":46,"h":90},
		"49542B86":{"x":115,"y":336,"w":48,"h":88},
		"7B404DBA":{"x":103,"y":102,"w":63,"h":90},
		"561F0B18":{"x":1,"y":59,"w":100,"h":62},
		"66D388E9":{"x":1,"y":1,"w":124,"h":56},
		"47B45441":{"x":103,"y":194,"w":117,"h":46},
		"623559AF":{"x":1,"y":326,"w":112,"h":42},
		"CDB3759B":{"x":219,"y":330,"w":41,"h":98},
		"B3E896DD":{"x":222,"y":188,"w":48,"h":101},
		"4996C56A":{"x":1,"y":217,"w":51,"h":98},
		"35202D87":{"x":192,"y":1,"w":56,"h":108},
		"E4B1FB24":{"x":127,"y":1,"w":63,"h":99},
		"F0BA094C":{"x":1,"y":123,"w":58,"h":92},
		"5E3A4A78":{"x":54,"y":242,"w":59,"h":82},
		"AE92E2E6":{"x":1,"y":370,"w":64,"h":73}
	}}