{"mc":{
	"0_3_idle":{
		"frameRate":7,
		"frames":[
			
			{
			"res":"685C43BC",
			"x":400,
			"y":309
			},
			{
			"res":"B11F47A9",
			"x":400,
			"y":308
			},
			{
			"res":"BB8370F2",
			"x":400,
			"y":308
			},
			{
			"res":"E713F0DD",
			"x":399,
			"y":308
			},
			{
			"res":"4A943195",
			"x":399,
			"y":308
			},
			{
			"res":"AA1E4D65",
			"x":400,
			"y":308
			},
			{
			"res":"4260A2",
			"x":400,
			"y":308
			},
			{
			"res":"BA2361CF",
			"x":407,
			"y":309
			},
			{
			"res":"3E0892FE",
			"x":407,
			"y":309
			},
			{
			"res":"5555ECA9",
			"x":407,
			"y":308
			},
			{
			"res":"DD1613D1",
			"x":407,
			"y":308
			},
			{
			"res":"7E9F2DA4",
			"x":407,
			"y":308
			},
			{
			"res":"3BE4C4CE",
			"x":407,
			"y":308
			},
			{
			"res":"2E2C47E7",
			"x":407,
			"y":309
			},
			{
			"res":"5265366B",
			"x":402,
			"y":307
			},
			{
			"res":"B1EF3CD2",
			"x":401,
			"y":307
			},
			{
			"res":"D4632E8F",
			"x":401,
			"y":306
			},
			{
			"res":"C717278F",
			"x":401,
			"y":306
			},
			{
			"res":"36F008CA",
			"x":401,
			"y":306
			},
			{
			"res":"669D995F",
			"x":401,
			"y":306
			},
			{
			"res":"3EB6C1AA",
			"x":401,
			"y":307
			},
			{
			"res":"BBD1E416",
			"x":396,
			"y":298
			},
			{
			"res":"DD96C16F",
			"x":396,
			"y":298
			},
			{
			"res":"526AA6",
			"x":396,
			"y":297
			},
			{
			"res":"32FAA06",
			"x":395,
			"y":297
			},
			{
			"res":"49B3E6C4",
			"x":395,
			"y":297
			},
			{
			"res":"66FBDC9",
			"x":395,
			"y":297
			},
			{
			"res":"A9317CF",
			"x":396,
			"y":298
			},
			{
			"res":"E0EE09C1",
			"x":395,
			"y":298
			},
			{
			"res":"504EDCE",
			"x":396,
			"y":298
			},
			{
			"res":"A301B83D",
			"x":396,
			"y":297
			},
			{
			"res":"3A272B70",
			"x":393,
			"y":297
			},
			{
			"res":"E429E9C7",
			"x":393,
			"y":297
			},
			{
			"res":"192FF4BC",
			"x":393,
			"y":297
			},
			{
			"res":"DFD4F8A1",
			"x":394,
			"y":297
			}
			]
}},
	"res":{
		"685C43BC":{"x":43,"y":288,"w":41,"h":90},
		"B11F47A9":{"x":237,"y":290,"w":40,"h":91},
		"BB8370F2":{"x":458,"y":292,"w":40,"h":91},
		"E713F0DD":{"x":414,"y":284,"w":42,"h":91},
		"4A943195":{"x":52,"y":195,"w":44,"h":91},
		"AA1E4D65":{"x":149,"y":201,"w":43,"h":91},
		"4260A2":{"x":312,"y":203,"w":42,"h":91},
		"BA2361CF":{"x":356,"y":294,"w":38,"h":90},
		"3E0892FE":{"x":143,"y":294,"w":40,"h":90},
		"5555ECA9":{"x":369,"y":201,"w":43,"h":91},
		"DD1613D1":{"x":422,"y":191,"w":44,"h":91},
		"7E9F2DA4":{"x":195,"y":194,"w":44,"h":91},
		"3BE4C4CE":{"x":98,"y":202,"w":43,"h":91},
		"2E2C47E7":{"x":194,"y":287,"w":41,"h":90},
		"5265366B":{"x":217,"y":100,"w":50,"h":92},
		"B1EF3CD2":{"x":52,"y":101,"w":49,"h":92},
		"D4632E8F":{"x":1,"y":101,"w":49,"h":93},
		"C717278F":{"x":428,"y":96,"w":51,"h":93},
		"36F008CA":{"x":428,"y":1,"w":52,"h":93},
		"669D995F":{"x":271,"y":1,"w":53,"h":93},
		"3EB6C1AA":{"x":271,"y":96,"w":52,"h":92},
		"BBD1E416":{"x":111,"y":1,"w":51,"h":99},
		"DD96C16F":{"x":377,"y":1,"w":49,"h":99},
		"526AA6":{"x":326,"y":1,"w":49,"h":100},
		"32FAA06":{"x":164,"y":1,"w":51,"h":99},
		"49B3E6C4":{"x":217,"y":1,"w":52,"h":97},
		"66FBDC9":{"x":1,"y":1,"w":53,"h":98},
		"A9317CF":{"x":56,"y":1,"w":53,"h":98},
		"E0EE09C1":{"x":269,"y":190,"w":41,"h":98},
		"504EDCE":{"x":1,"y":196,"w":40,"h":98},
		"A301B83D":{"x":468,"y":191,"w":40,"h":99},
		"3A272B70":{"x":103,"y":102,"w":44,"h":98},
		"E429E9C7":{"x":149,"y":102,"w":44,"h":97},
		"192FF4BC":{"x":377,"y":102,"w":43,"h":97},
		"DFD4F8A1":{"x":325,"y":103,"w":42,"h":98}
	}}