{"skeleton":{"hash":"TwELFdzai9gknBgKUmqEV2o4KVw","spine":"2.1.27","width":0,"height":0},"bones":[{"name":"root"},{"name":"move","parent":"root","y":60,"scaleX":-1}],"slots":[{"name":"move","bone":"move"},{"name":"standby","bone":"move"}],"skins":{"default":{"move":{"images/move/0_move_0":{"scaleX":-1,"width":640,"height":480},"images/move/0_move_2":{"scaleX":-1,"width":640,"height":480},"images/move/0_move_4":{"scaleX":-1,"width":640,"height":480},"images/move/0_move_6":{"scaleX":-1,"width":640,"height":480},"images/move/1_move_0":{"scaleX":-1,"width":640,"height":480},"images/move/1_move_2":{"scaleX":-1,"width":640,"height":480},"images/move/1_move_4":{"scaleX":-1,"width":640,"height":480},"images/move/1_move_6":{"scaleX":-1,"width":640,"height":480},"images/move/2_move_0":{"scaleX":-1,"width":640,"height":480},"images/move/2_move_2":{"scaleX":-1,"width":640,"height":480},"images/move/2_move_4":{"scaleX":-1,"width":640,"height":480},"images/move/2_move_6":{"scaleX":-1,"width":640,"height":480},"images/move/3_move_0":{"scaleX":-1,"width":640,"height":480},"images/move/3_move_2":{"scaleX":-1,"width":640,"height":480},"images/move/3_move_4":{"scaleX":-1,"width":640,"height":480},"images/move/3_move_6":{"scaleX":-1,"width":640,"height":480},"images/move/4_move_0":{"scaleX":-1,"width":640,"height":480},"images/move/4_move_2":{"scaleX":-1,"width":640,"height":480},"images/move/4_move_4":{"scaleX":-1,"width":640,"height":480},"images/move/4_move_6":{"scaleX":-1,"width":640,"height":480}},"standby":{"images/standby/0_standby_1":{"width":640,"height":480},"images/standby/0_standby_3":{"width":640,"height":480},"images/standby/0_standby_5":{"width":640,"height":480},"images/standby/0_standby_7":{"width":640,"height":480},"images/standby/1_standby_1":{"width":640,"height":480},"images/standby/1_standby_3":{"width":640,"height":480},"images/standby/1_standby_5":{"width":640,"height":480},"images/standby/1_standby_7":{"width":640,"height":480},"images/standby/2_standby_1":{"width":640,"height":480},"images/standby/2_standby_3":{"width":640,"height":480},"images/standby/2_standby_5":{"width":640,"height":480},"images/standby/2_standby_7":{"width":640,"height":480},"images/standby/3_standby_1":{"width":640,"height":480},"images/standby/3_standby_3":{"width":640,"height":480},"images/standby/3_standby_5":{"width":640,"height":480},"images/standby/3_standby_7":{"width":640,"height":480},"images/standby/4_standby_1":{"width":640,"height":480},"images/standby/4_standby_3":{"width":640,"height":480},"images/standby/4_standby_5":{"width":640,"height":480},"images/standby/4_standby_7":{"scaleX":-1,"width":640,"height":480}}}},"animations":{"run0":{"slots":{"move":{"attachment":[{"time":0,"name":"images/move/0_move_0"},{"time":0.1666,"name":"images/move/0_move_2"},{"time":0.3333,"name":"images/move/0_move_4"},{"time":0.5,"name":"images/move/0_move_6"},{"time":0.6666,"name":"images/move/0_move_6"}],"color":[{"time":0,"color":"ffffffff","curve":"stepped"},{"time":0.6666,"color":"ffffffff"}]},"standby":{"attachment":[{"time":0,"name":null},{"time":0.6666,"name":null}],"color":[{"time":0,"color":"ffffffff","curve":"stepped"},{"time":0.6666,"color":"ffffffff"}]}},"bones":{"move":{"rotate":[{"time":0,"angle":0,"curve":"stepped"},{"time":0.6666,"angle":0}],"translate":[{"time":0,"x":0,"y":0,"curve":"stepped"},{"time":0.6666,"x":0,"y":0}],"scale":[{"time":0,"x":1,"y":1,"curve":"stepped"},{"time":0.6666,"x":1,"y":1}]}},"drawOrder":[{"time":0},{"time":0.6666}]},"run1":{"slots":{"move":{"attachment":[{"time":0,"name":"images/move/1_move_0"},{"time":0.1666,"name":"images/move/1_move_2"},{"time":0.3333,"name":"images/move/1_move_4"},{"time":0.5,"name":"images/move/1_move_6"},{"time":0.6666,"name":"images/move/1_move_6"}],"color":[{"time":0,"color":"ffffffff","curve":"stepped"},{"time":0.6666,"color":"ffffffff"}]},"standby":{"attachment":[{"time":0,"name":null},{"time":0.6666,"name":null}],"color":[{"time":0,"color":"ffffffff","curve":"stepped"},{"time":0.6666,"color":"ffffffff"}]}},"bones":{"move":{"rotate":[{"time":0,"angle":0,"curve":"stepped"},{"time":0.6666,"angle":0}],"translate":[{"time":0,"x":0,"y":0,"curve":"stepped"},{"time":0.6666,"x":0,"y":0}],"scale":[{"time":0,"x":-1,"y":1,"curve":"stepped"},{"time":0.6666,"x":-1,"y":1}]}},"drawOrder":[{"time":0},{"time":0.6666}]},"run2":{"slots":{"move":{"attachment":[{"time":0,"name":"images/move/2_move_0"},{"time":0.1666,"name":"images/move/2_move_2"},{"time":0.3333,"name":"images/move/2_move_4"},{"time":0.5,"name":"images/move/2_move_6"},{"time":0.6666,"name":"images/move/2_move_6"}],"color":[{"time":0,"color":"ffffffff","curve":"stepped"},{"time":0.6666,"color":"ffffffff"}]},"standby":{"attachment":[{"time":0,"name":null},{"time":0.6666,"name":null}],"color":[{"time":0,"color":"ffffffff","curve":"stepped"},{"time":0.6666,"color":"ffffffff"}]}},"bones":{"move":{"rotate":[{"time":0,"angle":0,"curve":"stepped"},{"time":0.6666,"angle":0}],"translate":[{"time":0,"x":0,"y":0,"curve":"stepped"},{"time":0.6666,"x":0,"y":0}],"scale":[{"time":0,"x":-1,"y":1,"curve":"stepped"},{"time":0.6666,"x":-1,"y":1}]}},"drawOrder":[{"time":0},{"time":0.6666}]},"run3":{"slots":{"move":{"attachment":[{"time":0,"name":"images/move/3_move_0"},{"time":0.1666,"name":"images/move/3_move_2"},{"time":0.3333,"name":"images/move/3_move_4"},{"time":0.5,"name":"images/move/3_move_6"},{"time":0.6666,"name":"images/move/3_move_6"}],"color":[{"time":0,"color":"ffffffff","curve":"stepped"},{"time":0.6666,"color":"ffffffff"}]},"standby":{"attachment":[{"time":0,"name":null},{"time":0.6666,"name":null}],"color":[{"time":0,"color":"ffffffff","curve":"stepped"},{"time":0.6666,"color":"ffffffff"}]}},"bones":{"move":{"rotate":[{"time":0,"angle":0,"curve":"stepped"},{"time":0.6666,"angle":0}],"translate":[{"time":0,"x":0,"y":0,"curve":"stepped"},{"time":0.6666,"x":0,"y":0}],"scale":[{"time":0,"x":-1,"y":1,"curve":"stepped"},{"time":0.6666,"x":-1,"y":1}]}},"drawOrder":[{"time":0},{"time":0.6666}]},"run4":{"slots":{"move":{"attachment":[{"time":0,"name":"images/move/4_move_0"},{"time":0.1666,"name":"images/move/4_move_2"},{"time":0.3333,"name":"images/move/4_move_4"},{"time":0.5,"name":"images/move/4_move_6"},{"time":0.6666,"name":"images/move/4_move_6"}],"color":[{"time":0,"color":"ffffffff","curve":"stepped"},{"time":0.6666,"color":"ffffffff"}]},"standby":{"attachment":[{"time":0,"name":null},{"time":0.6666,"name":null}],"color":[{"time":0,"color":"ffffffff","curve":"stepped"},{"time":0.6666,"color":"ffffffff"}]}},"bones":{"move":{"rotate":[{"time":0,"angle":0,"curve":"stepped"},{"time":0.6666,"angle":0}],"translate":[{"time":0,"x":0,"y":0,"curve":"stepped"},{"time":0.6666,"x":0,"y":0}],"scale":[{"time":0,"x":-1,"y":1,"curve":"stepped"},{"time":0.6666,"x":-1,"y":1}]}},"drawOrder":[{"time":0},{"time":0.6666}]},"run5":{"slots":{"move":{"attachment":[{"time":0,"name":"images/move/3_move_0"},{"time":0.1666,"name":"images/move/3_move_2"},{"time":0.3333,"name":"images/move/3_move_4"},{"time":0.5,"name":"images/move/3_move_6"},{"time":0.6666,"name":"images/move/3_move_6"}],"color":[{"time":0,"color":"ffffffff","curve":"stepped"},{"time":0.6666,"color":"ffffffff"}]},"standby":{"attachment":[{"time":0,"name":null},{"time":0.6666,"name":null}],"color":[{"time":0,"color":"ffffffff","curve":"stepped"},{"time":0.6666,"color":"ffffffff"}]}},"bones":{"move":{"rotate":[{"time":0,"angle":0,"curve":"stepped"},{"time":0.6666,"angle":0}],"translate":[{"time":0,"x":0,"y":0,"curve":"stepped"},{"time":0.6666,"x":0,"y":0}],"scale":[{"time":0,"x":1,"y":1,"curve":"stepped"},{"time":0.6666,"x":1,"y":1}]}},"drawOrder":[{"time":0},{"time":0.6666}]},"run6":{"slots":{"move":{"attachment":[{"time":0,"name":"images/move/2_move_0"},{"time":0.1666,"name":"images/move/2_move_2"},{"time":0.3333,"name":"images/move/2_move_4"},{"time":0.5,"name":"images/move/2_move_6"},{"time":0.6666,"name":"images/move/2_move_6"}],"color":[{"time":0,"color":"ffffffff","curve":"stepped"},{"time":0.6666,"color":"ffffffff"}]},"standby":{"attachment":[{"time":0,"name":null},{"time":0.6666,"name":null}],"color":[{"time":0,"color":"ffffffff","curve":"stepped"},{"time":0.6666,"color":"ffffffff"}]}},"bones":{"move":{"rotate":[{"time":0,"angle":0,"curve":"stepped"},{"time":0.6666,"angle":0}],"translate":[{"time":0,"x":0,"y":0,"curve":"stepped"},{"time":0.6666,"x":0,"y":0}],"scale":[{"time":0,"x":1,"y":1,"curve":"stepped"},{"time":0.6666,"x":1,"y":1}]}},"drawOrder":[{"time":0},{"time":0.6666}]},"run7":{"slots":{"move":{"attachment":[{"time":0,"name":"images/move/1_move_0"},{"time":0.1666,"name":"images/move/1_move_2"},{"time":0.3333,"name":"images/move/1_move_4"},{"time":0.5,"name":"images/move/1_move_6"},{"time":0.6666,"name":"images/move/1_move_6"}],"color":[{"time":0,"color":"ffffffff","curve":"stepped"},{"time":0.6666,"color":"ffffffff"}]},"standby":{"attachment":[{"time":0,"name":null},{"time":0.6666,"name":null}],"color":[{"time":0,"color":"ffffffff","curve":"stepped"},{"time":0.6666,"color":"ffffffff"}]}},"bones":{"move":{"rotate":[{"time":0,"angle":0,"curve":"stepped"},{"time":0.6666,"angle":0}],"translate":[{"time":0,"x":0,"y":0,"curve":"stepped"},{"time":0.6666,"x":0,"y":0}],"scale":[{"time":0,"x":1,"y":1,"curve":"stepped"},{"time":0.6666,"x":1,"y":1}]}},"drawOrder":[{"time":0},{"time":0.6666}]},"stand0":{"slots":{"move":{"attachment":[{"time":0,"name":null},{"time":0.6666,"name":null}],"color":[{"time":0,"color":"ffffffff","curve":"stepped"},{"time":0.6666,"color":"ffffffff"}]},"standby":{"attachment":[{"time":0,"name":"images/standby/0_standby_1"},{"time":0.1666,"name":"images/standby/0_standby_3"},{"time":0.3333,"name":"images/standby/0_standby_5"},{"time":0.5,"name":"images/standby/0_standby_7"},{"time":0.6666,"name":"images/standby/0_standby_3"}],"color":[{"time":0,"color":"ffffffff","curve":"stepped"},{"time":0.6666,"color":"ffffffff"}]}},"bones":{"move":{"rotate":[{"time":0,"angle":0,"curve":"stepped"},{"time":0.6666,"angle":0}],"translate":[{"time":0,"x":0,"y":0,"curve":"stepped"},{"time":0.6666,"x":0,"y":0}],"scale":[{"time":0,"x":1,"y":1,"curve":"stepped"},{"time":0.6666,"x":1,"y":1}]}},"drawOrder":[{"time":0},{"time":0.6666}]},"stand1":{"slots":{"move":{"attachment":[{"time":0,"name":null},{"time":0.6666,"name":null}],"color":[{"time":0,"color":"ffffffff","curve":"stepped"},{"time":0.6666,"color":"ffffffff"}]},"standby":{"attachment":[{"time":0,"name":"images/standby/1_standby_1"},{"time":0.1666,"name":"images/standby/1_standby_3"},{"time":0.3333,"name":"images/standby/1_standby_5"},{"time":0.5,"name":"images/standby/1_standby_7"},{"time":0.6666,"name":"images/standby/1_standby_3"}],"color":[{"time":0,"color":"ffffffff","curve":"stepped"},{"time":0.6666,"color":"ffffffff"}]}},"bones":{"move":{"rotate":[{"time":0,"angle":0,"curve":"stepped"},{"time":0.6666,"angle":0}],"translate":[{"time":0,"x":0,"y":0,"curve":"stepped"},{"time":0.6666,"x":0,"y":0}],"scale":[{"time":0,"x":1,"y":1,"curve":"stepped"},{"time":0.6666,"x":1,"y":1}]}},"drawOrder":[{"time":0},{"time":0.6666}]},"stand2":{"slots":{"move":{"attachment":[{"time":0,"name":null},{"time":0.6666,"name":null}],"color":[{"time":0,"color":"ffffffff","curve":"stepped"},{"time":0.6666,"color":"ffffffff"}]},"standby":{"attachment":[{"time":0,"name":"images/standby/2_standby_1"},{"time":0.1666,"name":"images/standby/2_standby_3"},{"time":0.3333,"name":"images/standby/2_standby_5"},{"time":0.5,"name":"images/standby/2_standby_7"},{"time":0.6666,"name":"images/standby/2_standby_3"}],"color":[{"time":0,"color":"ffffffff","curve":"stepped"},{"time":0.6666,"color":"ffffffff"}]}},"bones":{"move":{"rotate":[{"time":0,"angle":0,"curve":"stepped"},{"time":0.6666,"angle":0}],"translate":[{"time":0,"x":0,"y":0,"curve":"stepped"},{"time":0.6666,"x":0,"y":0}],"scale":[{"time":0,"x":1,"y":1,"curve":"stepped"},{"time":0.6666,"x":1,"y":1}]}},"drawOrder":[{"time":0},{"time":0.6666}]},"stand3":{"slots":{"move":{"attachment":[{"time":0,"name":null},{"time":0.6666,"name":null}],"color":[{"time":0,"color":"ffffffff","curve":"stepped"},{"time":0.6666,"color":"ffffffff"}]},"standby":{"attachment":[{"time":0,"name":"images/standby/3_standby_1"},{"time":0.1666,"name":"images/standby/3_standby_3"},{"time":0.3333,"name":"images/standby/3_standby_5"},{"time":0.5,"name":"images/standby/3_standby_7"},{"time":0.6666,"name":"images/standby/3_standby_3"}],"color":[{"time":0,"color":"ffffffff","curve":"stepped"},{"time":0.6666,"color":"ffffffff"}]}},"bones":{"move":{"rotate":[{"time":0,"angle":0,"curve":"stepped"},{"time":0.6666,"angle":0}],"translate":[{"time":0,"x":0,"y":0,"curve":"stepped"},{"time":0.6666,"x":0,"y":0}],"scale":[{"time":0,"x":1,"y":1,"curve":"stepped"},{"time":0.6666,"x":1,"y":1}]}},"drawOrder":[{"time":0},{"time":0.6666}]},"stand4":{"slots":{"move":{"attachment":[{"time":0,"name":null},{"time":0.6666,"name":null}],"color":[{"time":0,"color":"ffffffff","curve":"stepped"},{"time":0.6666,"color":"ffffffff"}]},"standby":{"attachment":[{"time":0,"name":"images/standby/4_standby_1"},{"time":0.1666,"name":"images/standby/4_standby_3"},{"time":0.3333,"name":"images/standby/4_standby_5"},{"time":0.5,"name":"images/standby/4_standby_7"},{"time":0.6666,"name":"images/standby/4_standby_3"}],"color":[{"time":0,"color":"ffffffff","curve":"stepped"},{"time":0.6666,"color":"ffffffff"}]}},"bones":{"move":{"rotate":[{"time":0,"angle":0,"curve":"stepped"},{"time":0.6666,"angle":0}],"translate":[{"time":0,"x":0,"y":0,"curve":"stepped"},{"time":0.6666,"x":0,"y":0}],"scale":[{"time":0,"x":1,"y":1,"curve":"stepped"},{"time":0.6666,"x":1,"y":1}]}},"drawOrder":[{"time":0},{"time":0.6666}]},"stand5":{"slots":{"move":{"attachment":[{"time":0,"name":null},{"time":0.6666,"name":null}],"color":[{"time":0,"color":"ffffffff","curve":"stepped"},{"time":0.6666,"color":"ffffffff"}]},"standby":{"attachment":[{"time":0,"name":"images/standby/3_standby_1"},{"time":0.1666,"name":"images/standby/3_standby_3"},{"time":0.3333,"name":"images/standby/3_standby_5"},{"time":0.5,"name":"images/standby/3_standby_7"},{"time":0.6666,"name":"images/standby/3_standby_3"}],"color":[{"time":0,"color":"ffffffff","curve":"stepped"},{"time":0.6666,"color":"ffffffff"}]}},"bones":{"move":{"rotate":[{"time":0,"angle":0,"curve":"stepped"},{"time":0.6666,"angle":0}],"translate":[{"time":0,"x":0,"y":0,"curve":"stepped"},{"time":0.6666,"x":0,"y":0}],"scale":[{"time":0,"x":-1,"y":1,"curve":"stepped"},{"time":0.6666,"x":-1,"y":1}]}},"drawOrder":[{"time":0},{"time":0.6666}]},"stand6":{"slots":{"move":{"attachment":[{"time":0,"name":null},{"time":0.6666,"name":null}],"color":[{"time":0,"color":"ffffffff","curve":"stepped"},{"time":0.6666,"color":"ffffffff"}]},"standby":{"attachment":[{"time":0,"name":"images/standby/2_standby_1"},{"time":0.1666,"name":"images/standby/2_standby_3"},{"time":0.3333,"name":"images/standby/2_standby_5"},{"time":0.5,"name":"images/standby/2_standby_7"},{"time":0.6666,"name":"images/standby/2_standby_3"}],"color":[{"time":0,"color":"ffffffff","curve":"stepped"},{"time":0.6666,"color":"ffffffff"}]}},"bones":{"move":{"rotate":[{"time":0,"angle":0,"curve":"stepped"},{"time":0.6666,"angle":0}],"translate":[{"time":0,"x":0,"y":0,"curve":"stepped"},{"time":0.6666,"x":0,"y":0}],"scale":[{"time":0,"x":-1,"y":1,"curve":"stepped"},{"time":0.6666,"x":-1,"y":1}]}},"drawOrder":[{"time":0},{"time":0.6666}]},"stand7":{"slots":{"move":{"attachment":[{"time":0,"name":null},{"time":0.6666,"name":null}],"color":[{"time":0,"color":"ffffffff","curve":"stepped"},{"time":0.6666,"color":"ffffffff"}]},"standby":{"attachment":[{"time":0,"name":"images/standby/1_standby_1"},{"time":0.1666,"name":"images/standby/1_standby_3"},{"time":0.3333,"name":"images/standby/1_standby_5"},{"time":0.5,"name":"images/standby/1_standby_7"},{"time":0.6666,"name":"images/standby/1_standby_3"}],"color":[{"time":0,"color":"ffffffff","curve":"stepped"},{"time":0.6666,"color":"ffffffff"}]}},"bones":{"move":{"rotate":[{"time":0,"angle":0,"curve":"stepped"},{"time":0.6666,"angle":0}],"translate":[{"time":0,"x":0,"y":0,"curve":"stepped"},{"time":0.6666,"x":0,"y":0}],"scale":[{"time":0,"x":-1,"y":1,"curve":"stepped"},{"time":0.6666,"x":-1,"y":1}]}},"drawOrder":[{"time":0},{"time":0.6666}]}}}