{"skeleton":{"hash":"j35z530dIo4gecemg33bxa+9ovE","spine":"2.1.27","width":0,"height":0,"images":""},"bones":[{"name":"root","scaleX":0.65,"scaleY":0.65},{"name":"broom","parent":"root","length":11,"y":75,"color":"ff1d00ff"}],"slots":[{"name":"broom_run","bone":"broom"}],"skins":{"default":{"broom_run":{"images/broom_run/0_move_1":{"width":1024,"height":1024},"images/broom_run/0_move_3":{"width":1024,"height":1024},"images/broom_run/0_move_5":{"width":1024,"height":1024},"images/broom_run/0_move_7":{"width":1024,"height":1024},"images/broom_run/0_move_9":{"width":1024,"height":1024},"images/broom_run/0_move_11":{"width":1024,"height":1024}}}},"animations":{"animation":{"slots":{"broom_run":{"attachment":[{"time":0,"name":"images/broom_run/0_move_1"},{"time":0.1,"name":"images/broom_run/0_move_3"},{"time":0.2,"name":"images/broom_run/0_move_5"},{"time":0.3,"name":"images/broom_run/0_move_7"},{"time":0.4333,"name":"images/broom_run/0_move_9"},{"time":0.5333,"name":"images/broom_run/0_move_11"},{"time":0.6666,"name":"images/broom_run/0_move_7"}],"color":[{"time":0,"color":"ffffffff","curve":"stepped"},{"time":0.6666,"color":"ffffffff"}]}},"bones":{"broom":{"rotate":[{"time":0,"angle":-4.5,"curve":"stepped"},{"time":0.6666,"angle":-4.5}],"translate":[{"time":0,"x":8.77,"y":5.92,"curve":"stepped"},{"time":0.6666,"x":8.77,"y":5.92}],"scale":[{"time":0,"x":1,"y":1,"curve":"stepped"},{"time":0.6666,"x":1,"y":1}]}},"drawOrder":[{"time":0},{"time":0.6666}]}}}