{"skeleton":{"hash":"QLZUXUR7VQd5Jl//uLfGhe4LQvI","spine":"2.1.27","width":0,"height":0,"images":""},"bones":[{"name":"root","scaleX":0.65,"scaleY":0.65},{"name":"broom","parent":"root","length":11,"y":95,"color":"ff1d00ff"}],"slots":[{"name":"broom_standby","bone":"broom"}],"skins":{"default":{"broom_standby":{"images/broom_standby/0_standby_1":{"width":1024,"height":1024},"images/broom_standby/0_standby_3":{"width":1024,"height":1024},"images/broom_standby/0_standby_5":{"width":1024,"height":1024},"images/broom_standby/0_standby_7":{"width":1024,"height":1024},"images/broom_standby/0_standby_9":{"width":1024,"height":1024}}}},"animations":{"animation":{"slots":{"broom_standby":{"attachment":[{"time":0,"name":"images/broom_standby/0_standby_1"},{"time":0.1,"name":"images/broom_standby/0_standby_3"},{"time":0.2333,"name":"images/broom_standby/0_standby_5"},{"time":0.3333,"name":"images/broom_standby/0_standby_7"},{"time":0.4666,"name":"images/broom_standby/0_standby_9"},{"time":0.6,"name":"images/broom_standby/0_standby_1"}]}},"bones":{"broom":{"rotate":[{"time":0,"angle":0,"curve":"stepped"},{"time":0.6,"angle":0}],"translate":[{"time":0,"x":0,"y":38.33,"curve":"stepped"},{"time":0.6,"x":0,"y":38.33}],"scale":[{"time":0,"x":1,"y":1,"curve":"stepped"},{"time":0.6,"x":1,"y":1}]}}}}}