{"skeleton":{"hash":"8soGAeqGtjuHs1bNB93d4E+r4Pg","spine":"2.1.27","width":0,"height":0,"images":""},"bones":[{"name":"root","scaleX":0.65,"scaleY":0.65},{"name":"broom","parent":"root","length":11,"y":105,"color":"ff1d00ff"}],"slots":[{"name":"broom_standby","bone":"broom"}],"skins":{"default":{"broom_standby":{"images/broom_standby/0_standby_1":{"width":1024,"height":1024},"images/broom_standby/0_standby_3":{"width":1024,"height":1024},"images/broom_standby/0_standby_5":{"width":1024,"height":1024},"images/broom_standby/0_standby_7":{"width":1024,"height":1024},"images/broom_standby/0_standby_09":{"width":1024,"height":1024}}}},"animations":{"animation":{"slots":{"broom_standby":{"attachment":[{"time":0,"name":"images/broom_standby/0_standby_1"},{"time":0.1666,"name":"images/broom_standby/0_standby_3"},{"time":0.3333,"name":"images/broom_standby/0_standby_5"},{"time":0.5,"name":"images/broom_standby/0_standby_7"},{"time":0.6666,"name":"images/broom_standby/0_standby_09"}]}},"bones":{"broom":{"translate":[{"time":0,"x":0,"y":77.86,"curve":"stepped"},{"time":0.6666,"x":0,"y":77.86}],"scale":[{"time":0,"x":0.95,"y":0.95,"curve":"stepped"},{"time":0.6666,"x":0.95,"y":0.95}]}}}}}