<?xml version="1.0" encoding="utf-8"?>
<component size="540,960">
  <displayList>
    <image id="n0" name="joystick_center" src="ojxk1" xy="110,793">
      <relation target="" sidePair="bottom-bottom"/>
    </image>
    <component id="n1" name="joystick" src="ojxk2" xy="42,725">
      <relation target="" sidePair="bottom-bottom"/>
    </component>
    <graph id="n2" name="joystick_touch" xy="42,725" size="212,212" type="rect" lineSize="0" fillColor="#00ffffff">
      <relation target="" sidePair="bottom-bottom"/>
    </graph>
    <text id="n3" name="n3" xy="14,4" size="90,31" fontSize="24" color="#ffffff" strokeColor="#000000" text="Degree:"/>
    <text id="n4" name="n4" xy="104,4" size="302,31" fontSize="24" color="#ffffff" autoSize="height" strokeColor="#000000" text=""/>
  </displayList>
</component>