{"skeleton":{"hash":"yXttVmYYR3eN/NWQQNz6HkCPrFI","spine":"2.1.27","width":0,"height":0,"images":""},"bones":[{"name":"root"},{"name":"bone","parent":"root"}],"slots":[{"name":"images/0","bone":"bone"}],"skins":{"default":{"images/0":{"images/0":{"width":240,"height":240},"images/1":{"width":240,"height":240},"images/2":{"width":240,"height":240},"images/3":{"width":240,"height":240},"images/4":{"width":240,"height":240},"images/5":{"width":240,"height":240}}}},"animations":{"animation":{"slots":{"images/0":{"attachment":[{"time":0,"name":null},{"time":0.0666,"name":"images/0"},{"time":0.1333,"name":"images/1"},{"time":0.2,"name":"images/2"},{"time":0.2666,"name":"images/3"},{"time":0.3333,"name":"images/4"},{"time":0.4,"name":"images/5"},{"time":0.6666,"name":null}],"color":[{"time":0,"color":"ffffffff","curve":"stepped"},{"time":0.0666,"color":"ffffffff","curve":"stepped"},{"time":0.4,"color":"ffffffff"},{"time":0.6666,"color":"ffffff00"}]}},"bones":{"bone":{"rotate":[{"time":0,"angle":0,"curve":"stepped"},{"time":0.0666,"angle":0,"curve":"stepped"},{"time":0.6666,"angle":0}],"translate":[{"time":0,"x":0,"y":35,"curve":"stepped"},{"time":0.0666,"x":0,"y":35,"curve":"stepped"},{"time":0.6666,"x":0,"y":35}],"scale":[{"time":0,"x":1.119,"y":1.119,"curve":"stepped"},{"time":0.0666,"x":1.119,"y":1.119,"curve":"stepped"},{"time":0.6666,"x":1.119,"y":1.119}]}}}}}