{"skeleton":{"hash":"weiqCxsFSbr89KQkwF+ZwaO/H9M","spine":"2.1.27","width":0,"height":0,"images":""},"bones":[{"name":"root"},{"name":"bone1","parent":"root"},{"name":"bone2","parent":"root"},{"name":"bone3","parent":"root"},{"name":"bone4","parent":"root"},{"name":"bone5","parent":"root"},{"name":"bone6","parent":"root"}],"slots":[{"name":"star","bone":"bone1"},{"name":"star2","bone":"bone2"},{"name":"star3","bone":"bone3"},{"name":"star4","bone":"bone4"},{"name":"star5","bone":"bone5"},{"name":"star6","bone":"bone6"}],"skins":{"default":{"star":{"star":{"width":80,"height":80}},"star2":{"star":{"width":80,"height":80}},"star3":{"star":{"width":80,"height":80}},"star4":{"star":{"width":80,"height":80}},"star5":{"star":{"width":80,"height":80}},"star6":{"star":{"width":80,"height":80}}}},"animations":{"animation":{"slots":{"star":{"attachment":[{"time":0,"name":"star"},{"time":0.5,"name":null},{"time":0.9666,"name":null}],"color":[{"time":0,"color":"ffffffff","curve":"stepped"},{"time":0.9666,"color":"ffffffff"}]},"star2":{"attachment":[{"time":0,"name":null},{"time":0.1,"name":"star"},{"time":0.4333,"name":null},{"time":0.9666,"name":null}],"color":[{"time":0,"color":"ffffffff","curve":"stepped"},{"time":0.9666,"color":"ffffffff"}]},"star3":{"attachment":[{"time":0,"name":null},{"time":0.1,"name":"star"},{"time":0.5,"name":null},{"time":0.9666,"name":null}],"color":[{"time":0,"color":"ffffffff","curve":"stepped"},{"time":0.9666,"color":"ffffffff"}]},"star4":{"attachment":[{"time":0,"name":null},{"time":0.2333,"name":"star"},{"time":0.7,"name":null},{"time":0.9666,"name":null}],"color":[{"time":0,"color":"ffffffff","curve":"stepped"},{"time":0.9666,"color":"ffffffff"}]},"star5":{"attachment":[{"time":0,"name":null},{"time":0.3333,"name":"star"},{"time":0.7666,"name":null},{"time":0.9666,"name":null}],"color":[{"time":0,"color":"ffffffff","curve":"stepped"},{"time":0.9666,"color":"ffffffff"}]},"star6":{"attachment":[{"time":0,"name":null},{"time":0.5,"name":"star"},{"time":0.9666,"name":null}],"color":[{"time":0,"color":"ffffffff","curve":"stepped"},{"time":0.9666,"color":"ffffffff"}]}},"bones":{"bone1":{"rotate":[{"time":0,"angle":41.22,"curve":[0.248,0,0.628,0.51]},{"time":0.5,"angle":82.88,"curve":"stepped"},{"time":0.9666,"angle":82.88}],"translate":[{"time":0,"x":-6.07,"y":-12.14,"curve":[0.25,0,0.75,1]},{"time":0.5,"x":-63.73,"y":36.79,"curve":"stepped"},{"time":0.9666,"x":-63.73,"y":36.79}],"scale":[{"time":0,"x":0.304,"y":0.304,"curve":[0.25,0,0.75,1]},{"time":0.2666,"x":0.763,"y":0.763,"curve":[0.25,0,0.75,1]},{"time":0.5,"x":0.304,"y":0.304,"curve":"stepped"},{"time":0.9666,"x":0.304,"y":0.304}]},"bone2":{"rotate":[{"time":0,"angle":0,"curve":"stepped"},{"time":0.1,"angle":0,"curve":[0.25,0,0.75,1]},{"time":0.4333,"angle":-65.64,"curve":"stepped"},{"time":0.9666,"angle":-65.64}],"translate":[{"time":0,"x":20.23,"y":5.05,"curve":"stepped"},{"time":0.1,"x":20.23,"y":5.05,"curve":[0.25,0,0.75,1]},{"time":0.4333,"x":62.86,"y":47,"curve":"stepped"},{"time":0.9666,"x":62.86,"y":47}],"scale":[{"time":0,"x":0.248,"y":0.248,"curve":"stepped"},{"time":0.1,"x":0.248,"y":0.248,"curve":[0.25,0,0.75,1]},{"time":0.2333,"x":0.336,"y":0.336,"curve":"stepped"},{"time":0.9666,"x":0.336,"y":0.336}]},"bone3":{"rotate":[{"time":0,"angle":-90,"curve":"stepped"},{"time":0.1,"angle":-90,"curve":[0.25,0,0.75,1]},{"time":0.5,"angle":5.78,"curve":"stepped"},{"time":0.9666,"angle":5.78}],"translate":[{"time":0,"x":13.68,"y":-19.55,"curve":"stepped"},{"time":0.1,"x":13.68,"y":-19.55,"curve":[0.25,0,0.75,1]},{"time":0.5,"x":74.59,"y":-33.58,"curve":"stepped"},{"time":0.9666,"x":74.59,"y":-33.58}],"scale":[{"time":0,"x":0.529,"y":0.529,"curve":"stepped"},{"time":0.1,"x":0.529,"y":0.529,"curve":[0.25,0,0.75,1]},{"time":0.2666,"x":0.629,"y":0.629,"curve":[0.25,0,0.75,1]},{"time":0.5,"x":0.194,"y":0.194,"curve":"stepped"},{"time":0.9666,"x":0.194,"y":0.194}]},"bone4":{"rotate":[{"time":0,"angle":44.11,"curve":"stepped"},{"time":0.2333,"angle":44.11},{"time":0.7,"angle":-31.01,"curve":"stepped"},{"time":0.9666,"angle":-31.01}],"translate":[{"time":0,"x":-23.92,"y":-37.21,"curve":"stepped"},{"time":0.2333,"x":-23.92,"y":-37.21,"curve":[0.25,0,0.75,1]},{"time":0.7,"x":-70.36,"y":-59.51,"curve":"stepped"},{"time":0.9666,"x":-70.36,"y":-59.51}],"scale":[{"time":0,"x":0.432,"y":0.432,"curve":"stepped"},{"time":0.2333,"x":0.432,"y":0.432,"curve":[0.25,0,0.75,1]},{"time":0.4666,"x":0.762,"y":0.762,"curve":[0.25,0,0.75,1]},{"time":0.7,"x":0.314,"y":0.314,"curve":"stepped"},{"time":0.9666,"x":0.314,"y":0.314}]},"bone5":{"rotate":[{"time":0,"angle":-80.6,"curve":"stepped"},{"time":0.3333,"angle":-80.6,"curve":[0.25,0,0.75,1]},{"time":0.7666,"angle":-99.69,"curve":"stepped"},{"time":0.9666,"angle":-99.69}],"translate":[{"time":0,"x":-0.86,"y":9.51,"curve":"stepped"},{"time":0.3333,"x":-0.86,"y":9.51,"curve":[0.25,0,0.75,1]},{"time":0.7666,"x":10.28,"y":52.01,"curve":"stepped"},{"time":0.9666,"x":10.28,"y":52.01}],"scale":[{"time":0,"x":0.365,"y":0.365,"curve":"stepped"},{"time":0.3333,"x":0.365,"y":0.365,"curve":[0.25,0,0.75,1]},{"time":0.5666,"x":0.61,"y":0.61,"curve":[0.25,0,0.75,1]},{"time":0.7666,"x":0.322,"y":0.322,"curve":"stepped"},{"time":0.9666,"x":0.322,"y":0.322}]},"bone6":{"rotate":[{"time":0,"angle":76.98,"curve":"stepped"},{"time":0.5,"angle":76.98,"curve":[0.25,0,0.75,1]},{"time":0.9666,"angle":7.15}],"translate":[{"time":0,"x":12.61,"y":-39.48,"curve":"stepped"},{"time":0.5,"x":12.61,"y":-39.48,"curve":[0.25,0,0.75,1]},{"time":0.9666,"x":46.95,"y":-71.5}],"scale":[{"time":0,"x":0.426,"y":0.426,"curve":"stepped"},{"time":0.5,"x":0.426,"y":0.426,"curve":[0.25,0,0.75,1]},{"time":0.7333,"x":0.622,"y":0.622,"curve":[0.25,0,0.75,1]},{"time":0.9666,"x":0.181,"y":0.181}]}},"drawOrder":[{"time":0},{"time":0.9666}]}}}