{"skeleton":{"hash":"LWCyGDYgPvkGmngJ9Npqt2I03ho","spine":"2.1.27","width":0,"height":0},"bones":[{"name":"root"},{"name":"bone","parent":"root","y":60,"scaleX":-1}],"slots":[{"name":"move","bone":"bone"},{"name":"standby","bone":"bone"},{"name":"drop","bone":"bone"},{"name":"victory","bone":"bone"}],"skins":{"default":{"drop":{"4_drop/4_drop_1":{"scaleX":-1,"width":1024,"height":1024},"4_drop/4_drop_2":{"scaleX":-1,"width":1024,"height":1024},"4_drop/4_drop_3":{"scaleX":-1,"width":1024,"height":1024},"4_drop/4_drop_4":{"scaleX":-1,"width":1024,"height":1024},"4_drop/4_drop_5":{"scaleX":-1,"width":1024,"height":1024},"4_drop/4_drop_6":{"scaleX":-1,"width":1024,"height":1024},"4_drop/4_drop_7":{"scaleX":-1,"width":1024,"height":1024},"4_drop/4_drop_8":{"scaleX":-1,"width":1024,"height":1024}},"move":{"0_move/0_move_0":{"scaleX":-1,"width":640,"height":480},"0_move/0_move_2":{"scaleX":-1,"width":640,"height":480},"0_move/0_move_4":{"scaleX":-1,"width":640,"height":480},"0_move/0_move_6":{"scaleX":-1,"width":640,"height":480},"0_move/1_move_0":{"scaleX":-1,"width":640,"height":480},"0_move/1_move_2":{"scaleX":-1,"width":640,"height":480},"0_move/1_move_4":{"scaleX":-1,"width":640,"height":480},"0_move/1_move_6":{"scaleX":-1,"width":640,"height":480},"0_move/2_move_0":{"scaleX":-1,"width":640,"height":480},"0_move/2_move_2":{"scaleX":-1,"width":640,"height":480},"0_move/2_move_4":{"scaleX":-1,"width":640,"height":480},"0_move/2_move_6":{"scaleX":-1,"width":640,"height":480},"0_move/3_move_0":{"scaleX":-1,"width":640,"height":480},"0_move/3_move_2":{"scaleX":-1,"width":640,"height":480},"0_move/3_move_4":{"scaleX":-1,"width":640,"height":480},"0_move/3_move_6":{"scaleX":-1,"width":640,"height":480},"0_move/4_move_0":{"scaleX":-1,"width":640,"height":480},"0_move/4_move_2":{"scaleX":-1,"width":640,"height":480},"0_move/4_move_4":{"scaleX":-1,"width":640,"height":480},"0_move/4_move_6":{"scaleX":-1,"width":640,"height":480}},"standby":{"0_standby/0_standby_1":{"width":640,"height":480},"0_standby/0_standby_3":{"width":640,"height":480},"0_standby/0_standby_5":{"width":640,"height":480},"0_standby/1_standby_1":{"width":640,"height":480},"0_standby/1_standby_3":{"width":640,"height":480},"0_standby/1_standby_5":{"width":640,"height":480},"0_standby/2_standby_1":{"width":640,"height":480},"0_standby/2_standby_3":{"width":640,"height":480},"0_standby/2_standby_5":{"width":640,"height":480},"0_standby/3_standby_1":{"width":640,"height":480},"0_standby/3_standby_3":{"width":640,"height":480},"0_standby/3_standby_5":{"width":640,"height":480},"0_standby/4_standby_1":{"width":640,"height":480},"0_standby/4_standby_3":{"width":640,"height":480},"0_standby/4_standby_5":{"width":640,"height":480}},"victory":{"4_vctory/4_vctory_1":{"scaleX":-1,"width":640,"height":480},"4_vctory/4_vctory_2":{"scaleX":-1,"width":640,"height":480},"4_vctory/4_vctory_3":{"scaleX":-1,"width":640,"height":480},"4_vctory/4_vctory_4":{"scaleX":-1,"width":640,"height":480},"4_vctory/4_vctory_5":{"scaleX":-1,"width":640,"height":480},"4_vctory/4_vctory_6":{"scaleX":-1,"width":640,"height":480},"4_vctory/4_vctory_7":{"scaleX":-1,"width":640,"height":480},"4_vctory/4_vctory_8":{"scaleX":-1,"width":640,"height":480},"4_vctory/4_vctory_9":{"scaleX":-1,"width":640,"height":480}}}},"animations":{"drop":{"slots":{"drop":{"attachment":[{"time":0,"name":null},{"time":0.0333,"name":"4_drop/4_drop_1"},{"time":0.1666,"name":"4_drop/4_drop_2"},{"time":0.3,"name":"4_drop/4_drop_3"},{"time":0.4,"name":"4_drop/4_drop_4"},{"time":0.5333,"name":"4_drop/4_drop_5"},{"time":0.6333,"name":"4_drop/4_drop_6"},{"time":0.7,"name":"4_drop/4_drop_7"},{"time":0.8,"name":"4_drop/4_drop_8"},{"time":1.1666,"name":null}],"color":[{"time":0,"color":"ffffffff","curve":"stepped"},{"time":0.8,"color":"ffffffff"},{"time":1.1666,"color":"ffffff00"}]},"move":{"attachment":[{"time":0,"name":null},{"time":1.1666,"name":null}],"color":[{"time":0,"color":"ffffffff","curve":"stepped"},{"time":1.1666,"color":"ffffffff"}]},"standby":{"attachment":[{"time":0,"name":"0_standby/4_standby_1"},{"time":0.0333,"name":null},{"time":1.1666,"name":null}],"color":[{"time":0,"color":"ffffffff","curve":"stepped"},{"time":1.1666,"color":"ffffffff"}]},"victory":{"attachment":[{"time":0,"name":null},{"time":1.1666,"name":null}],"color":[{"time":0,"color":"ffffffff","curve":"stepped"},{"time":1.1666,"color":"ffffffff"}]}},"bones":{"bone":{"rotate":[{"time":0,"angle":0,"curve":"stepped"},{"time":1.1666,"angle":0}],"translate":[{"time":0,"x":0,"y":0,"curve":"stepped"},{"time":0.0333,"x":0,"y":13.48,"curve":"stepped"},{"time":0.1666,"x":-2.32,"y":27.96,"curve":"stepped"},{"time":0.3,"x":2.6,"y":46.96,"curve":"stepped"},{"time":0.4,"x":1.83,"y":75.19,"curve":"stepped"},{"time":0.5333,"x":2.47,"y":88.78,"curve":"stepped"},{"time":0.6333,"x":0.35,"y":92.2,"curve":"stepped"},{"time":0.7,"x":1.41,"y":79.81,"curve":"stepped"},{"time":0.8,"x":0.7,"y":64.59,"curve":"stepped"},{"time":1.1666,"x":0,"y":13.26}],"scale":[{"time":0,"x":1,"y":1,"curve":"stepped"},{"time":0.0333,"x":-1,"y":1,"curve":"stepped"},{"time":1.1666,"x":-1,"y":1}]}},"drawOrder":[{"time":0},{"time":1.1666}]},"run0":{"slots":{"drop":{"attachment":[{"time":0,"name":null},{"time":0.6666,"name":null}],"color":[{"time":0,"color":"ffffffff","curve":"stepped"},{"time":0.6666,"color":"ffffffff"}]},"move":{"attachment":[{"time":0,"name":"0_move/0_move_0"},{"time":0.1666,"name":"0_move/0_move_2"},{"time":0.3333,"name":"0_move/0_move_4"},{"time":0.5,"name":"0_move/0_move_6"},{"time":0.6666,"name":"0_move/0_move_6"}],"color":[{"time":0,"color":"ffffffff","curve":"stepped"},{"time":0.6666,"color":"ffffffff"}]},"standby":{"attachment":[{"time":0,"name":null},{"time":0.6666,"name":null}],"color":[{"time":0,"color":"ffffffff","curve":"stepped"},{"time":0.6666,"color":"ffffffff"}]},"victory":{"attachment":[{"time":0,"name":null},{"time":0.6666,"name":null}],"color":[{"time":0,"color":"ffffffff","curve":"stepped"},{"time":0.6666,"color":"ffffffff"}]}},"bones":{"bone":{"rotate":[{"time":0,"angle":0,"curve":"stepped"},{"time":0.6666,"angle":0}],"translate":[{"time":0,"x":-1.67,"y":-3.63,"curve":"stepped"},{"time":0.1666,"x":-1.34,"y":-2.95,"curve":"stepped"},{"time":0.3333,"x":0.67,"y":-2.95,"curve":"stepped"},{"time":0.5,"x":0.83,"y":-2.95,"curve":"stepped"},{"time":0.6666,"x":0.83,"y":-2.95}],"scale":[{"time":0,"x":-1,"y":1,"curve":"stepped"},{"time":0.6666,"x":-1,"y":1}]}},"drawOrder":[{"time":0},{"time":0.6666}]},"run1":{"slots":{"drop":{"attachment":[{"time":0,"name":null},{"time":0.6666,"name":null}],"color":[{"time":0,"color":"ffffffff","curve":"stepped"},{"time":0.6666,"color":"ffffffff"}]},"move":{"attachment":[{"time":0,"name":"0_move/1_move_0"},{"time":0.1666,"name":"0_move/1_move_2"},{"time":0.3333,"name":"0_move/1_move_4"},{"time":0.5,"name":"0_move/1_move_6"},{"time":0.6666,"name":"0_move/1_move_6"}],"color":[{"time":0,"color":"ffffffff","curve":"stepped"},{"time":0.6666,"color":"ffffffff"}]},"standby":{"attachment":[{"time":0,"name":null},{"time":0.6666,"name":null}],"color":[{"time":0,"color":"ffffffff","curve":"stepped"},{"time":0.6666,"color":"ffffffff"}]},"victory":{"attachment":[{"time":0,"name":null},{"time":0.6666,"name":null}],"color":[{"time":0,"color":"ffffffff","curve":"stepped"},{"time":0.6666,"color":"ffffffff"}]}},"bones":{"bone":{"rotate":[{"time":0,"angle":0,"curve":"stepped"},{"time":0.6666,"angle":0}],"translate":[{"time":0,"x":0.2,"y":-3.21,"curve":"stepped"},{"time":0.1666,"x":0.32,"y":-4,"curve":"stepped"},{"time":0.3333,"x":-1.62,"y":-2.75,"curve":"stepped"},{"time":0.5,"x":-1.04,"y":-2.54,"curve":"stepped"},{"time":0.6666,"x":-1.04,"y":-2.54}],"scale":[{"time":0,"x":-1,"y":1,"curve":"stepped"},{"time":0.6666,"x":-1,"y":1}]}},"drawOrder":[{"time":0},{"time":0.6666}]},"run2":{"slots":{"drop":{"attachment":[{"time":0,"name":null},{"time":0.6666,"name":null}],"color":[{"time":0,"color":"ffffffff","curve":"stepped"},{"time":0.6666,"color":"ffffffff"}]},"move":{"attachment":[{"time":0,"name":"0_move/2_move_0"},{"time":0.1666,"name":"0_move/2_move_2"},{"time":0.3333,"name":"0_move/2_move_4"},{"time":0.5,"name":"0_move/2_move_6"},{"time":0.6666,"name":"0_move/2_move_6"}],"color":[{"time":0,"color":"ffffffff","curve":"stepped"},{"time":0.6666,"color":"ffffffff"}]},"standby":{"attachment":[{"time":0,"name":null},{"time":0.6666,"name":null}],"color":[{"time":0,"color":"ffffffff","curve":"stepped"},{"time":0.6666,"color":"ffffffff"}]},"victory":{"attachment":[{"time":0,"name":null},{"time":0.6666,"name":null}],"color":[{"time":0,"color":"ffffffff","curve":"stepped"},{"time":0.6666,"color":"ffffffff"}]}},"bones":{"bone":{"rotate":[{"time":0,"angle":0,"curve":"stepped"},{"time":0.6666,"angle":0}],"translate":[{"time":0,"x":-1.67,"y":-2.07,"curve":"stepped"},{"time":0.1666,"x":-0.56,"y":-3.54,"curve":"stepped"},{"time":0.3333,"x":-1.08,"y":-2.56,"curve":"stepped"},{"time":0.5,"x":-1.11,"y":-2.95,"curve":"stepped"},{"time":0.6666,"x":-1.11,"y":-2.95}],"scale":[{"time":0,"x":-1,"y":1,"curve":"stepped"},{"time":0.6666,"x":-1,"y":1}]}},"drawOrder":[{"time":0},{"time":0.6666}]},"run3":{"slots":{"drop":{"attachment":[{"time":0,"name":null},{"time":0.6666,"name":null}],"color":[{"time":0,"color":"ffffffff","curve":"stepped"},{"time":0.6666,"color":"ffffffff"}]},"move":{"attachment":[{"time":0,"name":"0_move/3_move_0"},{"time":0.1666,"name":"0_move/3_move_2"},{"time":0.3333,"name":"0_move/3_move_4"},{"time":0.5,"name":"0_move/3_move_6"},{"time":0.6666,"name":"0_move/3_move_6"}],"color":[{"time":0,"color":"ffffffff","curve":"stepped"},{"time":0.6666,"color":"ffffffff"}]},"standby":{"attachment":[{"time":0,"name":null},{"time":0.6666,"name":null}],"color":[{"time":0,"color":"ffffffff","curve":"stepped"},{"time":0.6666,"color":"ffffffff"}]},"victory":{"attachment":[{"time":0,"name":null},{"time":0.6666,"name":null}],"color":[{"time":0,"color":"ffffffff","curve":"stepped"},{"time":0.6666,"color":"ffffffff"}]}},"bones":{"bone":{"rotate":[{"time":0,"angle":0,"curve":"stepped"},{"time":0.6666,"angle":0}],"translate":[{"time":0,"x":-1.67,"y":-1.16,"curve":"stepped"},{"time":0.1666,"x":-2.24,"y":-2.06,"curve":"stepped"},{"time":0.3333,"x":0.67,"y":-4.08,"curve":"stepped"},{"time":0.5,"x":-0.95,"y":-4.08,"curve":"stepped"},{"time":0.6666,"x":-0.95,"y":-4.08}],"scale":[{"time":0,"x":-1,"y":1,"curve":"stepped"},{"time":0.6666,"x":-1,"y":1}]}},"drawOrder":[{"time":0},{"time":0.6666}]},"run4":{"slots":{"drop":{"attachment":[{"time":0,"name":null},{"time":0.6666,"name":null}],"color":[{"time":0,"color":"ffffffff","curve":"stepped"},{"time":0.6666,"color":"ffffffff"}]},"move":{"attachment":[{"time":0,"name":"0_move/4_move_0"},{"time":0.1666,"name":"0_move/4_move_2"},{"time":0.3333,"name":"0_move/4_move_4"},{"time":0.5,"name":"0_move/4_move_6"},{"time":0.6666,"name":"0_move/4_move_6"}],"color":[{"time":0,"color":"ffffffff","curve":"stepped"},{"time":0.6666,"color":"ffffffff"}]},"standby":{"attachment":[{"time":0,"name":null},{"time":0.6666,"name":null}],"color":[{"time":0,"color":"ffffffff","curve":"stepped"},{"time":0.6666,"color":"ffffffff"}]},"victory":{"attachment":[{"time":0,"name":null},{"time":0.6666,"name":null}],"color":[{"time":0,"color":"ffffffff","curve":"stepped"},{"time":0.6666,"color":"ffffffff"}]}},"bones":{"bone":{"rotate":[{"time":0,"angle":0,"curve":"stepped"},{"time":0.6666,"angle":0}],"translate":[{"time":0,"x":-0.5,"y":-3.63,"curve":"stepped"},{"time":0.1666,"x":-0.36,"y":-5.51,"curve":"stepped"},{"time":0.3333,"x":0.47,"y":-4.13,"curve":"stepped"},{"time":0.5,"x":1.03,"y":-4.13,"curve":"stepped"},{"time":0.6666,"x":1.03,"y":-4.13}],"scale":[{"time":0,"x":-1,"y":1,"curve":"stepped"},{"time":0.6666,"x":-1,"y":1}]}},"drawOrder":[{"time":0},{"time":0.6666}]},"run5":{"slots":{"drop":{"attachment":[{"time":0,"name":null},{"time":0.6666,"name":null}],"color":[{"time":0,"color":"ffffffff","curve":"stepped"},{"time":0.6666,"color":"ffffffff"}]},"move":{"attachment":[{"time":0,"name":"0_move/3_move_0"},{"time":0.1666,"name":"0_move/3_move_2"},{"time":0.3333,"name":"0_move/3_move_4"},{"time":0.5,"name":"0_move/3_move_6"},{"time":0.6666,"name":"0_move/3_move_6"}],"color":[{"time":0,"color":"ffffffff","curve":"stepped"},{"time":0.6666,"color":"ffffffff"}]},"standby":{"attachment":[{"time":0,"name":null},{"time":0.6666,"name":null}],"color":[{"time":0,"color":"ffffffff","curve":"stepped"},{"time":0.6666,"color":"ffffffff"}]},"victory":{"attachment":[{"time":0,"name":null},{"time":0.6666,"name":null}],"color":[{"time":0,"color":"ffffffff","curve":"stepped"},{"time":0.6666,"color":"ffffffff"}]}},"bones":{"bone":{"rotate":[{"time":0,"angle":0,"curve":"stepped"},{"time":0.6666,"angle":0}],"translate":[{"time":0,"x":0.88,"y":-1.63,"curve":"stepped"},{"time":0.1666,"x":1.22,"y":-2.95,"curve":"stepped"},{"time":0.3333,"x":0.38,"y":-2.38,"curve":"stepped"},{"time":0.5,"x":-0.3,"y":-3.73,"curve":"stepped"},{"time":0.6666,"x":-0.3,"y":-3.73}],"scale":[{"time":0,"x":1,"y":1,"curve":"stepped"},{"time":0.6666,"x":1,"y":1}]}},"drawOrder":[{"time":0},{"time":0.6666}]},"run6":{"slots":{"drop":{"attachment":[{"time":0,"name":null},{"time":0.6666,"name":null}],"color":[{"time":0,"color":"ffffffff","curve":"stepped"},{"time":0.6666,"color":"ffffffff"}]},"move":{"attachment":[{"time":0,"name":"0_move/2_move_0"},{"time":0.1666,"name":"0_move/2_move_2"},{"time":0.3333,"name":"0_move/2_move_4"},{"time":0.5,"name":"0_move/2_move_6"},{"time":0.6666,"name":"0_move/2_move_6"}],"color":[{"time":0,"color":"ffffffff","curve":"stepped"},{"time":0.6666,"color":"ffffffff"}]},"standby":{"attachment":[{"time":0,"name":null},{"time":0.6666,"name":null}],"color":[{"time":0,"color":"ffffffff","curve":"stepped"},{"time":0.6666,"color":"ffffffff"}]},"victory":{"attachment":[{"time":0,"name":null},{"time":0.6666,"name":null}],"color":[{"time":0,"color":"ffffffff","curve":"stepped"},{"time":0.6666,"color":"ffffffff"}]}},"bones":{"bone":{"rotate":[{"time":0,"angle":0,"curve":"stepped"},{"time":0.6666,"angle":0}],"translate":[{"time":0,"x":0.86,"y":-1.88,"curve":"stepped"},{"time":0.1666,"x":0.72,"y":-2.95,"curve":"stepped"},{"time":0.3333,"x":2.1,"y":-2.95,"curve":"stepped"},{"time":0.5,"x":1.63,"y":-2.95,"curve":"stepped"},{"time":0.6666,"x":1.63,"y":-2.95}],"scale":[{"time":0,"x":1,"y":1,"curve":"stepped"},{"time":0.6666,"x":1,"y":1}]}},"drawOrder":[{"time":0},{"time":0.6666}]},"run7":{"slots":{"drop":{"attachment":[{"time":0,"name":null},{"time":0.6666,"name":null}],"color":[{"time":0,"color":"ffffffff","curve":"stepped"},{"time":0.6666,"color":"ffffffff"}]},"move":{"attachment":[{"time":0,"name":"0_move/1_move_0"},{"time":0.1666,"name":"0_move/1_move_2"},{"time":0.3333,"name":"0_move/1_move_4"},{"time":0.5,"name":"0_move/1_move_6"},{"time":0.6666,"name":"0_move/1_move_6"}],"color":[{"time":0,"color":"ffffffff","curve":"stepped"},{"time":0.6666,"color":"ffffffff"}]},"standby":{"attachment":[{"time":0,"name":null},{"time":0.6666,"name":null}],"color":[{"time":0,"color":"ffffffff","curve":"stepped"},{"time":0.6666,"color":"ffffffff"}]},"victory":{"attachment":[{"time":0,"name":null},{"time":0.6666,"name":null}],"color":[{"time":0,"color":"ffffffff","curve":"stepped"},{"time":0.6666,"color":"ffffffff"}]}},"bones":{"bone":{"rotate":[{"time":0,"angle":0,"curve":"stepped"},{"time":0.6666,"angle":0}],"translate":[{"time":0,"x":1.42,"y":-3.02,"curve":"stepped"},{"time":0.1666,"x":-0.67,"y":-3.85,"curve":"stepped"},{"time":0.3333,"x":0.22,"y":-2.73,"curve":"stepped"},{"time":0.5,"x":0.61,"y":-2.95,"curve":"stepped"},{"time":0.6666,"x":0.61,"y":-2.95}],"scale":[{"time":0,"x":1,"y":1,"curve":"stepped"},{"time":0.6666,"x":1,"y":1}]}},"drawOrder":[{"time":0},{"time":0.6666}]},"stand0":{"slots":{"drop":{"attachment":[{"time":0,"name":null},{"time":0.6666,"name":null}],"color":[{"time":0,"color":"ffffffff","curve":"stepped"},{"time":0.6666,"color":"ffffffff"}]},"move":{"attachment":[{"time":0,"name":null},{"time":0.6666,"name":null}],"color":[{"time":0,"color":"ffffffff","curve":"stepped"},{"time":0.6666,"color":"ffffffff"}]},"standby":{"attachment":[{"time":0,"name":"0_standby/0_standby_1"},{"time":0.1666,"name":"0_standby/0_standby_3"},{"time":0.3333,"name":"0_standby/0_standby_5"},{"time":0.5,"name":"0_standby/0_standby_3"},{"time":0.6666,"name":"0_standby/0_standby_1"}],"color":[{"time":0,"color":"ffffffff","curve":"stepped"},{"time":0.6666,"color":"ffffffff"}]},"victory":{"attachment":[{"time":0,"name":null},{"time":0.6666,"name":null}],"color":[{"time":0,"color":"ffffffff","curve":"stepped"},{"time":0.6666,"color":"ffffffff"}]}},"bones":{"bone":{"rotate":[{"time":0,"angle":0,"curve":"stepped"},{"time":0.6666,"angle":0}],"translate":[{"time":0,"x":0,"y":-1.37,"curve":"stepped"},{"time":0.6666,"x":0,"y":-1.37}],"scale":[{"time":0,"x":1,"y":1,"curve":"stepped"},{"time":0.6666,"x":1,"y":1}]}},"drawOrder":[{"time":0},{"time":0.6666}]},"stand1":{"slots":{"drop":{"attachment":[{"time":0,"name":null},{"time":0.6666,"name":null}],"color":[{"time":0,"color":"ffffffff","curve":"stepped"},{"time":0.6666,"color":"ffffffff"}]},"move":{"attachment":[{"time":0,"name":null},{"time":0.6666,"name":null}],"color":[{"time":0,"color":"ffffffff","curve":"stepped"},{"time":0.6666,"color":"ffffffff"}]},"standby":{"attachment":[{"time":0,"name":"0_standby/1_standby_1"},{"time":0.1666,"name":"0_standby/1_standby_3"},{"time":0.3333,"name":"0_standby/1_standby_5"},{"time":0.5,"name":"0_standby/1_standby_3"},{"time":0.6666,"name":"0_standby/1_standby_3"}],"color":[{"time":0,"color":"ffffffff","curve":"stepped"},{"time":0.6666,"color":"ffffffff"}]},"victory":{"attachment":[{"time":0,"name":null},{"time":0.6666,"name":null}],"color":[{"time":0,"color":"ffffffff","curve":"stepped"},{"time":0.6666,"color":"ffffffff"}]}},"bones":{"bone":{"rotate":[{"time":0,"angle":0,"curve":"stepped"},{"time":0.6666,"angle":0}],"translate":[{"time":0,"x":0.24,"y":-1.12,"curve":"stepped"},{"time":0.6666,"x":0.24,"y":-1.12}],"scale":[{"time":0,"x":1,"y":1,"curve":"stepped"},{"time":0.6666,"x":1,"y":1}]}},"drawOrder":[{"time":0},{"time":0.6666}]},"stand2":{"slots":{"drop":{"attachment":[{"time":0,"name":null},{"time":0.6666,"name":null}],"color":[{"time":0,"color":"ffffffff","curve":"stepped"},{"time":0.6666,"color":"ffffffff"}]},"move":{"attachment":[{"time":0,"name":null},{"time":0.6666,"name":null}],"color":[{"time":0,"color":"ffffffff","curve":"stepped"},{"time":0.6666,"color":"ffffffff"}]},"standby":{"attachment":[{"time":0,"name":"0_standby/2_standby_1"},{"time":0.1666,"name":"0_standby/2_standby_3"},{"time":0.3333,"name":"0_standby/2_standby_5"},{"time":0.5,"name":"0_standby/2_standby_3"},{"time":0.6666,"name":"0_standby/2_standby_1"}],"color":[{"time":0,"color":"ffffffff","curve":"stepped"},{"time":0.6666,"color":"ffffffff"}]},"victory":{"attachment":[{"time":0,"name":null},{"time":0.6666,"name":null}],"color":[{"time":0,"color":"ffffffff","curve":"stepped"},{"time":0.6666,"color":"ffffffff"}]}},"bones":{"bone":{"rotate":[{"time":0,"angle":0,"curve":"stepped"},{"time":0.6666,"angle":0}],"translate":[{"time":0,"x":0,"y":0,"curve":"stepped"},{"time":0.6666,"x":0,"y":0}],"scale":[{"time":0,"x":1,"y":1,"curve":"stepped"},{"time":0.6666,"x":1,"y":1}]}},"drawOrder":[{"time":0},{"time":0.6666}]},"stand3":{"slots":{"drop":{"attachment":[{"time":0,"name":null},{"time":0.6666,"name":null}],"color":[{"time":0,"color":"ffffffff","curve":"stepped"},{"time":0.6666,"color":"ffffffff"}]},"move":{"attachment":[{"time":0,"name":null},{"time":0.6666,"name":null}],"color":[{"time":0,"color":"ffffffff","curve":"stepped"},{"time":0.6666,"color":"ffffffff"}]},"standby":{"attachment":[{"time":0,"name":"0_standby/3_standby_1"},{"time":0.1666,"name":"0_standby/3_standby_3"},{"time":0.3333,"name":"0_standby/3_standby_5"},{"time":0.5,"name":"0_standby/3_standby_3"},{"time":0.6666,"name":"0_standby/3_standby_1"}],"color":[{"time":0,"color":"ffffffff","curve":"stepped"},{"time":0.6666,"color":"ffffffff"}]},"victory":{"attachment":[{"time":0,"name":null},{"time":0.6666,"name":null}],"color":[{"time":0,"color":"ffffffff","curve":"stepped"},{"time":0.6666,"color":"ffffffff"}]}},"bones":{"bone":{"rotate":[{"time":0,"angle":0,"curve":"stepped"},{"time":0.6666,"angle":0}],"translate":[{"time":0,"x":0,"y":-1.34,"curve":"stepped"},{"time":0.6666,"x":0,"y":-1.34}],"scale":[{"time":0,"x":1,"y":1,"curve":"stepped"},{"time":0.6666,"x":1,"y":1}]}},"drawOrder":[{"time":0},{"time":0.6666}]},"stand4":{"slots":{"drop":{"attachment":[{"time":0,"name":null},{"time":0.6666,"name":null}],"color":[{"time":0,"color":"ffffffff","curve":"stepped"},{"time":0.6666,"color":"ffffffff"}]},"move":{"attachment":[{"time":0,"name":null},{"time":0.6666,"name":null}],"color":[{"time":0,"color":"ffffffff","curve":"stepped"},{"time":0.6666,"color":"ffffffff"}]},"standby":{"attachment":[{"time":0,"name":"0_standby/4_standby_1"},{"time":0.1666,"name":"0_standby/4_standby_3"},{"time":0.3333,"name":"0_standby/4_standby_5"},{"time":0.5,"name":"0_standby/4_standby_3"},{"time":0.6666,"name":"0_standby/4_standby_1"}],"color":[{"time":0,"color":"ffffffff","curve":"stepped"},{"time":0.6666,"color":"ffffffff"}]},"victory":{"attachment":[{"time":0,"name":null},{"time":0.6666,"name":null}],"color":[{"time":0,"color":"ffffffff","curve":"stepped"},{"time":0.6666,"color":"ffffffff"}]}},"bones":{"bone":{"rotate":[{"time":0,"angle":0,"curve":"stepped"},{"time":0.6666,"angle":0}],"translate":[{"time":0,"x":0,"y":-0.85,"curve":"stepped"},{"time":0.6666,"x":0,"y":-0.85}],"scale":[{"time":0,"x":1,"y":1,"curve":"stepped"},{"time":0.6666,"x":1,"y":1}]}},"drawOrder":[{"time":0},{"time":0.6666}]},"stand5":{"slots":{"drop":{"attachment":[{"time":0,"name":null},{"time":0.6666,"name":null}],"color":[{"time":0,"color":"ffffffff","curve":"stepped"},{"time":0.6666,"color":"ffffffff"}]},"move":{"attachment":[{"time":0,"name":null},{"time":0.6666,"name":null}],"color":[{"time":0,"color":"ffffffff","curve":"stepped"},{"time":0.6666,"color":"ffffffff"}]},"standby":{"attachment":[{"time":0,"name":"0_standby/3_standby_5"},{"time":0.1666,"name":"0_standby/3_standby_3"},{"time":0.3333,"name":"0_standby/3_standby_5"},{"time":0.5,"name":"0_standby/3_standby_3"},{"time":0.6666,"name":"0_standby/3_standby_1"}],"color":[{"time":0,"color":"ffffffff","curve":"stepped"},{"time":0.6666,"color":"ffffffff"}]},"victory":{"attachment":[{"time":0,"name":null},{"time":0.6666,"name":null}],"color":[{"time":0,"color":"ffffffff","curve":"stepped"},{"time":0.6666,"color":"ffffffff"}]}},"bones":{"bone":{"rotate":[{"time":0,"angle":0,"curve":"stepped"},{"time":0.1666,"angle":0,"curve":"stepped"},{"time":0.6666,"angle":0}],"translate":[{"time":0,"x":0,"y":-1.37,"curve":"stepped"},{"time":0.6666,"x":0,"y":-1.37}],"scale":[{"time":0,"x":-1,"y":1,"curve":"stepped"},{"time":0.6666,"x":-1,"y":1}]}},"drawOrder":[{"time":0},{"time":0.6666}]},"stand6":{"slots":{"drop":{"attachment":[{"time":0,"name":null},{"time":0.6666,"name":null}],"color":[{"time":0,"color":"ffffffff","curve":"stepped"},{"time":0.6666,"color":"ffffffff"}]},"move":{"attachment":[{"time":0,"name":null},{"time":0.6666,"name":null}],"color":[{"time":0,"color":"ffffffff","curve":"stepped"},{"time":0.6666,"color":"ffffffff"}]},"standby":{"attachment":[{"time":0,"name":"0_standby/2_standby_1"},{"time":0.1666,"name":"0_standby/2_standby_3"},{"time":0.3333,"name":"0_standby/2_standby_5"},{"time":0.5,"name":"0_standby/2_standby_3"},{"time":0.6666,"name":"0_standby/2_standby_1"}],"color":[{"time":0,"color":"ffffffff","curve":"stepped"},{"time":0.6666,"color":"ffffffff"}]},"victory":{"attachment":[{"time":0,"name":null},{"time":0.6666,"name":null}],"color":[{"time":0,"color":"ffffffff","curve":"stepped"},{"time":0.6666,"color":"ffffffff"}]}},"bones":{"bone":{"rotate":[{"time":0,"angle":0,"curve":"stepped"},{"time":0.6666,"angle":0}],"translate":[{"time":0,"x":0,"y":-1.37,"curve":"stepped"},{"time":0.6666,"x":0,"y":-1.37}],"scale":[{"time":0,"x":-1,"y":1,"curve":"stepped"},{"time":0.6666,"x":-1,"y":1}]}},"drawOrder":[{"time":0},{"time":0.6666}]},"stand7":{"slots":{"drop":{"attachment":[{"time":0,"name":null},{"time":0.6666,"name":null}],"color":[{"time":0,"color":"ffffffff","curve":"stepped"},{"time":0.6666,"color":"ffffffff"}]},"move":{"attachment":[{"time":0,"name":null},{"time":0.6666,"name":null}],"color":[{"time":0,"color":"ffffffff","curve":"stepped"},{"time":0.6666,"color":"ffffffff"}]},"standby":{"attachment":[{"time":0,"name":"0_standby/1_standby_1"},{"time":0.1666,"name":"0_standby/1_standby_3"},{"time":0.3333,"name":"0_standby/1_standby_5"},{"time":0.5,"name":"0_standby/1_standby_3"},{"time":0.6666,"name":"0_standby/1_standby_1"}],"color":[{"time":0,"color":"ffffffff","curve":"stepped"},{"time":0.6666,"color":"ffffffff"}]},"victory":{"attachment":[{"time":0,"name":null},{"time":0.6666,"name":null}],"color":[{"time":0,"color":"ffffffff","curve":"stepped"},{"time":0.6666,"color":"ffffffff"}]}},"bones":{"bone":{"rotate":[{"time":0,"angle":0,"curve":"stepped"},{"time":0.6666,"angle":0}],"translate":[{"time":0,"x":0,"y":-1.37,"curve":"stepped"},{"time":0.6666,"x":0,"y":-1.37}],"scale":[{"time":0,"x":-1,"y":1,"curve":"stepped"},{"time":0.6666,"x":-1,"y":1}]}},"drawOrder":[{"time":0},{"time":0.6666}]},"vitory":{"slots":{"drop":{"attachment":[{"time":0,"name":null},{"time":1.1666,"name":null}],"color":[{"time":0,"color":"ffffffff","curve":"stepped"},{"time":1.1666,"color":"ffffffff"}]},"move":{"attachment":[{"time":0,"name":null},{"time":1.1666,"name":null}],"color":[{"time":0,"color":"ffffffff","curve":"stepped"},{"time":1.1666,"color":"ffffffff"}]},"standby":{"attachment":[{"time":0,"name":"0_standby/4_standby_1"},{"time":0.0333,"name":null},{"time":1.1666,"name":"0_standby/4_standby_1"}],"color":[{"time":0,"color":"ffffffff","curve":"stepped"},{"time":1.1666,"color":"ffffffff"}]},"victory":{"attachment":[{"time":0,"name":null},{"time":0.0333,"name":"4_vctory/4_vctory_1"},{"time":0.1333,"name":"4_vctory/4_vctory_2"},{"time":0.3,"name":"4_vctory/4_vctory_3"},{"time":0.3666,"name":"4_vctory/4_vctory_4"},{"time":0.4333,"name":"4_vctory/4_vctory_5"},{"time":0.5333,"name":"4_vctory/4_vctory_6"},{"time":0.6666,"name":"4_vctory/4_vctory_7"},{"time":0.7,"name":"4_vctory/4_vctory_8"},{"time":0.8,"name":"4_vctory/4_vctory_9"},{"time":1.1666,"name":null}],"color":[{"time":0,"color":"ffffffff","curve":"stepped"},{"time":1.1666,"color":"ffffffff"}]}},"bones":{"bone":{"rotate":[{"time":0,"angle":0,"curve":"stepped"},{"time":1.1666,"angle":0}],"translate":[{"time":0,"x":0,"y":0,"curve":"stepped"},{"time":0.0333,"x":0,"y":-2.12,"curve":"stepped"},{"time":0.1333,"x":0,"y":-1.86,"curve":"stepped"},{"time":0.3,"x":0.26,"y":-1.33,"curve":"stepped"},{"time":0.3666,"x":0,"y":-1.06,"curve":"stepped"},{"time":0.4333,"x":-0.79,"y":-2.12,"curve":"stepped"},{"time":0.5333,"x":-0.79,"y":-1.59,"curve":"stepped"},{"time":0.6666,"x":-0.53,"y":-1.59,"curve":"stepped"},{"time":0.7,"x":0,"y":-0.79,"curve":"stepped"},{"time":0.8,"x":0,"y":0,"curve":"stepped"},{"time":1.1666,"x":0,"y":0}],"scale":[{"time":0,"x":1,"y":1,"curve":"stepped"},{"time":0.0333,"x":-1,"y":1,"curve":"stepped"},{"time":0.8,"x":-1,"y":1,"curve":"stepped"},{"time":1.1666,"x":1,"y":1}]}},"drawOrder":[{"time":0},{"time":1.1666}]}}}