{"skeleton":{"hash":"tDwSvlTEB4GW4yKROsnqkqyMubI","spine":"2.1.27","width":0,"height":0,"images":""},"bones":[{"name":"root","scaleX":0.65,"scaleY":0.65},{"name":"broom","parent":"root","length":11,"y":75,"color":"ff1d00ff"},{"name":"mask","parent":"root","length":11,"color":"ffd000ff"}],"slots":[{"name":"broom_run","bone":"broom"},{"name":"broom_standby","bone":"broom"},{"name":"mask","bone":"mask"}],"skins":{"default":{"broom_run":{"images/broom_run/0_move_1":{"width":1024,"height":1024},"images/broom_run/0_move_3":{"width":1024,"height":1024},"images/broom_run/0_move_5":{"width":1024,"height":1024},"images/broom_run/0_move_7":{"width":1024,"height":1024},"images/broom_run/1_move_1":{"width":1024,"height":1024},"images/broom_run/1_move_3":{"width":1024,"height":1024},"images/broom_run/1_move_5":{"width":1024,"height":1024},"images/broom_run/1_move_7":{"width":1024,"height":1024},"images/broom_run/2_move_1":{"width":1024,"height":1024}},"broom_standby":{"images/broom_standby/0_standby_1":{"width":1024,"height":1024},"images/broom_standby/0_standby_3":{"width":1024,"height":1024},"images/broom_standby/0_standby_5":{"width":1024,"height":1024},"images/broom_standby/1_standby_1":{"width":1024,"height":1024},"images/broom_standby/1_standby_3":{"width":1024,"height":1024},"images/broom_standby/1_standby_5":{"width":1024,"height":1024},"images/broom_standby/2_standby_1":{"width":1024,"height":1024},"images/broom_standby/2_standby_3":{"width":1024,"height":1024},"images/broom_standby/2_standby_5":{"width":1024,"height":1024}},"mask":{"images/mask_end/d_00":{"width":1032,"height":1186},"images/mask_end/d_01":{"width":1032,"height":1186},"images/mask_end/d_02":{"width":1032,"height":1186},"images/mask_end/d_03":{"width":1032,"height":1186},"images/mask_end/d_04":{"width":1032,"height":1186},"images/mask_end/d_05":{"width":1032,"height":1186},"images/mask_end/d_06":{"width":1032,"height":1186},"images/mask_end/d_07":{"width":1032,"height":1186},"images/mask_end/r2_00":{"width":1037,"height":1033},"images/mask_end/r2_01":{"width":1037,"height":1033},"images/mask_end/r2_02":{"width":1037,"height":1033},"images/mask_end/r3_00":{"width":1037,"height":1033},"images/mask_end/r3_01":{"width":1037,"height":1033},"images/mask_end/r3_02":{"width":1037,"height":1033},"images/mask_end/r3_03":{"width":1037,"height":1033},"images/mask_end/r4_00":{"width":1030,"height":1046},"images/mask_end/r4_01":{"width":1030,"height":1046},"images/mask_end/r4_02":{"width":1030,"height":1046},"images/mask_end/r4_03":{"width":1030,"height":1046},"images/mask_end/s3_00":{"width":1024,"height":1024},"images/mask_end/s3_01":{"width":1024,"height":1024},"images/mask_end/s3_02":{"width":1024,"height":1024},"images/mask_end/s4_00":{"width":1024,"height":1024},"images/mask_end/s4_01":{"width":1024,"height":1024},"images/mask_end/s4_02":{"width":1024,"height":1024},"images/mask_end/v_00":{"width":1024,"height":1047},"images/mask_end/v_01":{"width":1024,"height":1047},"images/mask_end/v_02":{"width":1024,"height":1047},"images/mask_end/v_03":{"width":1024,"height":1047},"images/mask_end/v_04":{"width":1024,"height":1047},"images/mask_end/v_05":{"width":1024,"height":1047},"images/mask_end/v_06":{"width":1024,"height":1047},"images/mask_end/v_07":{"width":1024,"height":1047}}}},"animations":{"drop":{"slots":{"broom_run":{"attachment":[{"time":0,"name":null},{"time":1.1666,"name":null}],"color":[{"time":0,"color":"ffffffff","curve":"stepped"},{"time":1.1666,"color":"ffffffff"}]},"broom_standby":{"attachment":[{"time":0,"name":null},{"time":0.0333,"name":null},{"time":1.1666,"name":null}],"color":[{"time":0,"color":"ffffffff","curve":"stepped"},{"time":1.1666,"color":"ffffffff"}]},"mask":{"attachment":[{"time":0,"name":"images/mask_end/s4_00"},{"time":0.0333,"name":"images/mask_end/d_00"},{"time":0.1666,"name":"images/mask_end/d_01"},{"time":0.3,"name":"images/mask_end/d_02"},{"time":0.4,"name":"images/mask_end/d_03"},{"time":0.5333,"name":"images/mask_end/d_04"},{"time":0.6333,"name":"images/mask_end/d_05"},{"time":0.7,"name":"images/mask_end/d_06"},{"time":0.8,"name":"images/mask_end/d_07"},{"time":1.1666,"name":null}],"color":[{"time":0,"color":"ffffffff","curve":"stepped"},{"time":0.8,"color":"ffffffff"},{"time":1.1666,"color":"ffffff00"}]}},"bones":{"broom":{"rotate":[{"time":0,"angle":0,"curve":"stepped"},{"time":1.1666,"angle":0}],"translate":[{"time":0,"x":0,"y":0,"curve":"stepped"},{"time":0.0333,"x":-1.83,"y":34,"curve":"stepped"},{"time":0.1666,"x":-3.27,"y":65.05,"curve":"stepped"},{"time":0.3,"x":3.82,"y":106.07,"curve":"stepped"},{"time":0.4,"x":2.86,"y":133.56,"curve":"stepped"},{"time":0.5333,"x":2.38,"y":140.3,"curve":"stepped"},{"time":0.6333,"x":1.91,"y":122.11,"curve":"stepped"},{"time":0.7,"x":1.43,"y":99.14,"curve":"stepped"},{"time":1.1666,"x":0,"y":-12.86}],"scale":[{"time":0,"x":-1,"y":1,"curve":"stepped"},{"time":1.1666,"x":-1,"y":1}]},"mask":{"rotate":[{"time":0,"angle":0,"curve":"stepped"},{"time":1.1666,"angle":0}],"translate":[{"time":0,"x":0,"y":75,"curve":"stepped"},{"time":0.0333,"x":1.05,"y":156.59,"curve":"stepped"},{"time":1.1666,"x":1.05,"y":156.59}],"scale":[{"time":0,"x":1,"y":1,"curve":"stepped"},{"time":1.1666,"x":1,"y":1}]}},"drawOrder":[{"time":0,"offsets":[{"slot":"broom_run","offset":1}]},{"time":1.1666}]},"freeze":{"slots":{"broom_run":{"attachment":[{"time":0,"name":null}],"color":[{"time":0,"color":"ffffffff"}]},"broom_standby":{"attachment":[{"time":0,"name":null}],"color":[{"time":0,"color":"ffffffff"}]},"mask":{"attachment":[{"time":0,"name":"images/mask_end/s4_00"}],"color":[{"time":0,"color":"ffffff5d"}]}},"bones":{"mask":{"rotate":[{"time":0,"angle":0}],"translate":[{"time":0,"x":0.49,"y":75}],"scale":[{"time":0,"x":1,"y":1}]},"broom":{"rotate":[{"time":0,"angle":0}],"translate":[{"time":0,"x":0,"y":0}],"scale":[{"time":0,"x":-1,"y":1}]}},"drawOrder":[{"time":0,"offsets":[{"slot":"broom_run","offset":1}]}]},"run0":{"slots":{"broom_run":{"attachment":[{"time":0,"name":"images/broom_run/0_move_1"},{"time":0.1666,"name":"images/broom_run/0_move_3"},{"time":0.3333,"name":"images/broom_run/0_move_5"},{"time":0.5,"name":"images/broom_run/0_move_7"},{"time":0.6666,"name":"images/broom_run/0_move_7"}],"color":[{"time":0,"color":"ffffffff","curve":"stepped"},{"time":0.6666,"color":"ffffffff"}]},"broom_standby":{"attachment":[{"time":0,"name":null},{"time":0.6666,"name":null}],"color":[{"time":0,"color":"ffffffff","curve":"stepped"},{"time":0.6666,"color":"ffffffff"}]},"mask":{"attachment":[{"time":0,"name":null},{"time":0.6666,"name":null}],"color":[{"time":0,"color":"ffffffff","curve":"stepped"},{"time":0.6666,"color":"ffffffff"}]}},"bones":{"broom":{"rotate":[{"time":0,"angle":0,"curve":"stepped"},{"time":0.6666,"angle":0}],"translate":[{"time":0,"x":0,"y":0,"curve":"stepped"},{"time":0.6666,"x":0,"y":0}],"scale":[{"time":0,"x":-1,"y":1,"curve":"stepped"},{"time":0.6666,"x":-1,"y":1}]},"mask":{"rotate":[{"time":0,"angle":0,"curve":"stepped"},{"time":0.6666,"angle":0}],"translate":[{"time":0,"x":0,"y":0,"curve":"stepped"},{"time":0.6666,"x":0,"y":0}],"scale":[{"time":0,"x":1,"y":1,"curve":"stepped"},{"time":0.6666,"x":1,"y":1}]}},"drawOrder":[{"time":0},{"time":0.6666}]},"run1":{"slots":{"broom_run":{"attachment":[{"time":0,"name":"images/broom_run/1_move_1"},{"time":0.1666,"name":"images/broom_run/1_move_3"},{"time":0.3333,"name":"images/broom_run/1_move_5"},{"time":0.5,"name":"images/broom_run/1_move_7"},{"time":0.6666,"name":"images/broom_run/1_move_7"}],"color":[{"time":0,"color":"ffffffff","curve":"stepped"},{"time":0.6666,"color":"ffffffff"}]},"broom_standby":{"attachment":[{"time":0,"name":null},{"time":0.6666,"name":null}],"color":[{"time":0,"color":"ffffffff","curve":"stepped"},{"time":0.6666,"color":"ffffffff"}]},"mask":{"attachment":[{"time":0,"name":null},{"time":0.6666,"name":null}],"color":[{"time":0,"color":"ffffffff","curve":"stepped"},{"time":0.6666,"color":"ffffffff"}]}},"bones":{"broom":{"rotate":[{"time":0,"angle":0,"curve":"stepped"},{"time":0.6666,"angle":0}],"translate":[{"time":0,"x":0,"y":0,"curve":"stepped"},{"time":0.1666,"x":0,"y":-13.88,"curve":"stepped"},{"time":0.3333,"x":-5.71,"y":-8.98,"curve":"stepped"},{"time":0.5,"x":-5.71,"y":-8.16,"curve":"stepped"},{"time":0.6666,"x":-5.71,"y":-8.16}],"scale":[{"time":0,"x":-1,"y":1,"curve":"stepped"},{"time":0.6666,"x":-1,"y":1}]},"mask":{"rotate":[{"time":0,"angle":0,"curve":"stepped"},{"time":0.6666,"angle":0}],"translate":[{"time":0,"x":0,"y":0,"curve":"stepped"},{"time":0.6666,"x":0,"y":0}],"scale":[{"time":0,"x":1,"y":1,"curve":"stepped"},{"time":0.6666,"x":1,"y":1}]}},"drawOrder":[{"time":0},{"time":0.6666}]},"run2":{"slots":{"broom_run":{"attachment":[{"time":0,"name":"images/broom_run/2_move_1"},{"time":0.1666,"name":null},{"time":0.6666,"name":null}],"color":[{"time":0,"color":"ffffffff","curve":"stepped"},{"time":0.6666,"color":"ffffffff"}]},"broom_standby":{"attachment":[{"time":0,"name":null},{"time":0.6666,"name":null}],"color":[{"time":0,"color":"ffffffff","curve":"stepped"},{"time":0.6666,"color":"ffffffff"}]},"mask":{"attachment":[{"time":0,"name":null},{"time":0.1666,"name":"images/mask_end/r2_00"},{"time":0.3333,"name":"images/mask_end/r2_01"},{"time":0.5,"name":"images/mask_end/r2_02"},{"time":0.6666,"name":"images/mask_end/r2_02"}],"color":[{"time":0,"color":"ffffffff","curve":"stepped"},{"time":0.6666,"color":"ffffffff"}]}},"bones":{"broom":{"rotate":[{"time":0,"angle":0,"curve":"stepped"},{"time":0.6666,"angle":0}],"translate":[{"time":0,"x":0,"y":-8.16,"curve":"stepped"},{"time":0.6666,"x":0,"y":-8.16}],"scale":[{"time":0,"x":-1,"y":1,"curve":"stepped"},{"time":0.6666,"x":-1,"y":1}]},"mask":{"rotate":[{"time":0,"angle":0,"curve":"stepped"},{"time":0.6666,"angle":0}],"translate":[{"time":0,"x":-5.16,"y":71.21,"curve":"stepped"},{"time":0.1666,"x":-5.16,"y":71.21,"curve":"stepped"},{"time":0.6666,"x":-5.16,"y":71.21}],"scale":[{"time":0,"x":1,"y":1,"curve":"stepped"},{"time":0.1666,"x":1,"y":1,"curve":"stepped"},{"time":0.6666,"x":1,"y":1}]}},"drawOrder":[{"time":0},{"time":0.6666}]},"run3":{"slots":{"broom_run":{"attachment":[{"time":0,"name":null},{"time":0.6666,"name":null}],"color":[{"time":0,"color":"ffffffff","curve":"stepped"},{"time":0.6666,"color":"ffffffff"}]},"broom_standby":{"attachment":[{"time":0,"name":null},{"time":0.6666,"name":null}],"color":[{"time":0,"color":"ffffffff","curve":"stepped"},{"time":0.6666,"color":"ffffffff"}]},"mask":{"attachment":[{"time":0,"name":"images/mask_end/r3_00"},{"time":0.1666,"name":"images/mask_end/r3_01"},{"time":0.3333,"name":"images/mask_end/r3_02"},{"time":0.5,"name":"images/mask_end/r3_03"},{"time":0.6666,"name":"images/mask_end/r3_03"}],"color":[{"time":0,"color":"ffffffff","curve":"stepped"},{"time":0.6666,"color":"ffffffff"}]}},"bones":{"mask":{"rotate":[{"time":0,"angle":0,"curve":"stepped"},{"time":0.6666,"angle":0}],"translate":[{"time":0,"x":-10.24,"y":67.61,"curve":"stepped"},{"time":0.6666,"x":-10.24,"y":67.61}],"scale":[{"time":0,"x":1,"y":1,"curve":"stepped"},{"time":0.6666,"x":1,"y":1}]},"broom":{"rotate":[{"time":0,"angle":0,"curve":"stepped"},{"time":0.6666,"angle":0}],"translate":[{"time":0,"x":0,"y":0,"curve":"stepped"},{"time":0.6666,"x":0,"y":0}],"scale":[{"time":0,"x":1,"y":1,"curve":"stepped"},{"time":0.6666,"x":1,"y":1}]}},"drawOrder":[{"time":0},{"time":0.6666}]},"run4":{"slots":{"broom_run":{"attachment":[{"time":0,"name":null},{"time":0.6666,"name":null}],"color":[{"time":0,"color":"ffffffff","curve":"stepped"},{"time":0.6666,"color":"ffffffff"}]},"broom_standby":{"attachment":[{"time":0,"name":null},{"time":0.6666,"name":null}],"color":[{"time":0,"color":"ffffffff","curve":"stepped"},{"time":0.6666,"color":"ffffffff"}]},"mask":{"attachment":[{"time":0,"name":"images/mask_end/r4_00"},{"time":0.1666,"name":"images/mask_end/r4_01"},{"time":0.3333,"name":"images/mask_end/r4_02"},{"time":0.5,"name":"images/mask_end/r4_03"},{"time":0.6666,"name":"images/mask_end/r4_03"}],"color":[{"time":0,"color":"ffffffff","curve":"stepped"},{"time":0.6666,"color":"ffffffff"}]}},"bones":{"broom":{"rotate":[{"time":0,"angle":0,"curve":"stepped"},{"time":0.6666,"angle":0}],"translate":[{"time":0,"x":5.92,"y":-21.38,"curve":"stepped"},{"time":0.1666,"x":5.92,"y":-21.38,"curve":"stepped"},{"time":0.3333,"x":5.92,"y":-21.38,"curve":"stepped"},{"time":0.5,"x":5.92,"y":-21.38,"curve":"stepped"},{"time":0.6666,"x":5.92,"y":-21.38}],"scale":[{"time":0,"x":1,"y":1,"curve":"stepped"},{"time":0.6666,"x":1,"y":1}]},"mask":{"rotate":[{"time":0,"angle":0,"curve":"stepped"},{"time":0.6666,"angle":0}],"translate":[{"time":0,"x":2.44,"y":64.91,"curve":"stepped"},{"time":0.6666,"x":2.44,"y":64.91}],"scale":[{"time":0,"x":1,"y":1,"curve":"stepped"},{"time":0.6666,"x":1,"y":1}]}},"drawOrder":[{"time":0},{"time":0.6666}]},"run5":{"slots":{"broom_run":{"attachment":[{"time":0,"name":null},{"time":0.6666,"name":null}],"color":[{"time":0,"color":"ffffffff","curve":"stepped"},{"time":0.6666,"color":"ffffffff"}]},"broom_standby":{"attachment":[{"time":0,"name":null},{"time":0.6666,"name":null}],"color":[{"time":0,"color":"ffffffff","curve":"stepped"},{"time":0.6666,"color":"ffffffff"}]},"mask":{"attachment":[{"time":0,"name":"images/mask_end/r3_00"},{"time":0.1666,"name":"images/mask_end/r3_01"},{"time":0.3333,"name":"images/mask_end/r3_02"},{"time":0.5,"name":"images/mask_end/r3_03"},{"time":0.6666,"name":"images/mask_end/r3_03"}],"color":[{"time":0,"color":"ffffffff","curve":"stepped"},{"time":0.6666,"color":"ffffffff"}]}},"bones":{"broom":{"rotate":[{"time":0,"angle":0,"curve":"stepped"},{"time":0.6666,"angle":0}],"translate":[{"time":0,"x":0,"y":0,"curve":"stepped"},{"time":0.6666,"x":0,"y":0}],"scale":[{"time":0,"x":1,"y":1,"curve":"stepped"},{"time":0.6666,"x":1,"y":1}]},"mask":{"rotate":[{"time":0,"angle":0,"curve":"stepped"},{"time":0.6666,"angle":0}],"translate":[{"time":0,"x":10.24,"y":67.61,"curve":"stepped"},{"time":0.6666,"x":10.24,"y":67.61}],"scale":[{"time":0,"x":-1,"y":1,"curve":"stepped"},{"time":0.6666,"x":-1,"y":1}]}},"drawOrder":[{"time":0},{"time":0.3333},{"time":0.6666}]},"run6":{"slots":{"broom_run":{"attachment":[{"time":0,"name":"images/broom_run/2_move_1"},{"time":0.1666,"name":null},{"time":0.5,"name":null}],"color":[{"time":0,"color":"ffffffff","curve":"stepped"},{"time":0.5,"color":"ffffffff"}]},"broom_standby":{"attachment":[{"time":0,"name":null},{"time":0.5,"name":null}],"color":[{"time":0,"color":"ffffffff","curve":"stepped"},{"time":0.5,"color":"ffffffff"}]},"mask":{"attachment":[{"time":0,"name":null},{"time":0.1666,"name":"images/mask_end/r2_00"},{"time":0.3333,"name":"images/mask_end/r2_01"},{"time":0.5,"name":"images/mask_end/r2_02"}],"color":[{"time":0,"color":"ffffffff","curve":"stepped"},{"time":0.5,"color":"ffffffff"}]}},"bones":{"broom":{"rotate":[{"time":0,"angle":0,"curve":"stepped"},{"time":0.5,"angle":0}],"translate":[{"time":0,"x":1.69,"y":-7.33,"curve":"stepped"},{"time":0.5,"x":1.69,"y":-7.33}],"scale":[{"time":0,"x":1,"y":1,"curve":"stepped"},{"time":0.5,"x":1,"y":1}]},"mask":{"rotate":[{"time":0,"angle":0,"curve":"stepped"},{"time":0.5,"angle":0}],"translate":[{"time":0,"x":5.48,"y":70.35,"curve":"stepped"},{"time":0.5,"x":5.48,"y":70.35}],"scale":[{"time":0,"x":-1,"y":1,"curve":"stepped"},{"time":0.5,"x":-1,"y":1}]}},"drawOrder":[{"time":0},{"time":0.5}]},"run7":{"slots":{"broom_run":{"attachment":[{"time":0,"name":"images/broom_run/1_move_1"},{"time":0.1666,"name":"images/broom_run/1_move_3"},{"time":0.3333,"name":"images/broom_run/1_move_5"},{"time":0.5,"name":"images/broom_run/1_move_7"},{"time":0.6666,"name":"images/broom_run/1_move_7"}],"color":[{"time":0,"color":"ffffffff","curve":"stepped"},{"time":0.6666,"color":"ffffffff"}]},"broom_standby":{"attachment":[{"time":0,"name":null},{"time":0.6666,"name":null}],"color":[{"time":0,"color":"ffffffff","curve":"stepped"},{"time":0.6666,"color":"ffffffff"}]},"mask":{"attachment":[{"time":0,"name":null},{"time":0.6666,"name":null}],"color":[{"time":0,"color":"ffffffff","curve":"stepped"},{"time":0.6666,"color":"ffffffff"}]}},"bones":{"broom":{"rotate":[{"time":0,"angle":0,"curve":"stepped"},{"time":0.6666,"angle":0}],"translate":[{"time":0,"x":0,"y":0,"curve":"stepped"},{"time":0.1666,"x":-1.63,"y":-15.52,"curve":"stepped"},{"time":0.3333,"x":0,"y":-8.98,"curve":"stepped"},{"time":0.5,"x":2.45,"y":-8.98,"curve":"stepped"},{"time":0.6666,"x":2.45,"y":-8.98}],"scale":[{"time":0,"x":1,"y":1,"curve":"stepped"},{"time":0.6666,"x":1,"y":1}]},"mask":{"rotate":[{"time":0,"angle":0,"curve":"stepped"},{"time":0.6666,"angle":0}],"translate":[{"time":0,"x":0,"y":0,"curve":"stepped"},{"time":0.6666,"x":0,"y":0}],"scale":[{"time":0,"x":1,"y":1,"curve":"stepped"},{"time":0.6666,"x":1,"y":1}]}},"drawOrder":[{"time":0},{"time":0.6666}]},"stand0":{"slots":{"broom_run":{"attachment":[{"time":0,"name":null},{"time":0.6666,"name":null}],"color":[{"time":0,"color":"ffffffff","curve":"stepped"},{"time":0.6666,"color":"ffffffff"}]},"broom_standby":{"attachment":[{"time":0,"name":"images/broom_standby/0_standby_1"},{"time":0.1666,"name":"images/broom_standby/0_standby_3"},{"time":0.3333,"name":"images/broom_standby/0_standby_5"},{"time":0.5,"name":"images/broom_standby/0_standby_3"},{"time":0.6666,"name":"images/broom_standby/0_standby_1"}],"color":[{"time":0,"color":"ffffffff","curve":"stepped"},{"time":0.6666,"color":"ffffffff"}]},"mask":{"attachment":[{"time":0,"name":null},{"time":0.6666,"name":null}],"color":[{"time":0,"color":"ffffffff","curve":"stepped"},{"time":0.6666,"color":"ffffffff"}]}},"bones":{"broom":{"rotate":[{"time":0,"angle":0,"curve":"stepped"},{"time":0.6666,"angle":0}],"translate":[{"time":0,"x":0,"y":0,"curve":"stepped"},{"time":0.6666,"x":0,"y":0}],"scale":[{"time":0,"x":-1,"y":1,"curve":"stepped"},{"time":0.6666,"x":-1,"y":1}]},"mask":{"rotate":[{"time":0,"angle":0,"curve":"stepped"},{"time":0.6666,"angle":0}],"translate":[{"time":0,"x":0,"y":0,"curve":"stepped"},{"time":0.6666,"x":0,"y":0}],"scale":[{"time":0,"x":1,"y":1,"curve":"stepped"},{"time":0.6666,"x":1,"y":1}]}},"drawOrder":[{"time":0},{"time":0.6666}]},"stand1":{"slots":{"broom_run":{"attachment":[{"time":0,"name":null},{"time":0.6666,"name":null}],"color":[{"time":0,"color":"ffffffff","curve":"stepped"},{"time":0.6666,"color":"ffffffff"}]},"broom_standby":{"attachment":[{"time":0,"name":"images/broom_standby/1_standby_1"},{"time":0.1666,"name":"images/broom_standby/1_standby_3"},{"time":0.3333,"name":"images/broom_standby/1_standby_5"},{"time":0.5,"name":"images/broom_standby/1_standby_3"},{"time":0.6666,"name":"images/broom_standby/1_standby_1"}],"color":[{"time":0,"color":"ffffffff","curve":"stepped"},{"time":0.6666,"color":"ffffffff"}]},"mask":{"attachment":[{"time":0,"name":null},{"time":0.6666,"name":null}],"color":[{"time":0,"color":"ffffffff","curve":"stepped"},{"time":0.6666,"color":"ffffffff"}]}},"bones":{"broom":{"rotate":[{"time":0,"angle":0,"curve":"stepped"},{"time":0.6666,"angle":0}],"translate":[{"time":0,"x":0,"y":0,"curve":"stepped"},{"time":0.6666,"x":0,"y":0}],"scale":[{"time":0,"x":-1,"y":1,"curve":"stepped"},{"time":0.6666,"x":-1,"y":1}]},"mask":{"rotate":[{"time":0,"angle":0,"curve":"stepped"},{"time":0.6666,"angle":0}],"translate":[{"time":0,"x":0,"y":0,"curve":"stepped"},{"time":0.6666,"x":0,"y":0}],"scale":[{"time":0,"x":1,"y":1,"curve":"stepped"},{"time":0.6666,"x":1,"y":1}]}},"drawOrder":[{"time":0},{"time":0.6666}]},"stand2":{"slots":{"broom_run":{"attachment":[{"time":0,"name":null},{"time":0.6666,"name":null}],"color":[{"time":0,"color":"ffffffff","curve":"stepped"},{"time":0.6666,"color":"ffffffff"}]},"broom_standby":{"attachment":[{"time":0,"name":"images/broom_standby/2_standby_1"},{"time":0.1666,"name":"images/broom_standby/2_standby_3"},{"time":0.3333,"name":"images/broom_standby/2_standby_5"},{"time":0.5,"name":"images/broom_standby/2_standby_3"},{"time":0.6666,"name":"images/broom_standby/2_standby_1"}],"color":[{"time":0,"color":"ffffffff","curve":"stepped"},{"time":0.6666,"color":"ffffffff"}]},"mask":{"attachment":[{"time":0,"name":null},{"time":0.6666,"name":null}],"color":[{"time":0,"color":"ffffffff","curve":"stepped"},{"time":0.6666,"color":"ffffffff"}]}},"bones":{"broom":{"rotate":[{"time":0,"angle":0,"curve":"stepped"},{"time":0.6666,"angle":0}],"translate":[{"time":0,"x":0,"y":0,"curve":"stepped"},{"time":0.6666,"x":0,"y":0}],"scale":[{"time":0,"x":-1,"y":1,"curve":"stepped"},{"time":0.6666,"x":-1,"y":1}]},"mask":{"rotate":[{"time":0,"angle":0,"curve":"stepped"},{"time":0.6666,"angle":0}],"translate":[{"time":0,"x":0,"y":0,"curve":"stepped"},{"time":0.6666,"x":0,"y":0}],"scale":[{"time":0,"x":1,"y":1,"curve":"stepped"},{"time":0.6666,"x":1,"y":1}]}},"drawOrder":[{"time":0},{"time":0.6666}]},"stand3":{"slots":{"broom_run":{"attachment":[{"time":0,"name":null},{"time":0.6666,"name":null}],"color":[{"time":0,"color":"ffffffff","curve":"stepped"},{"time":0.6666,"color":"ffffffff"}]},"broom_standby":{"attachment":[{"time":0,"name":null},{"time":0.6666,"name":null}],"color":[{"time":0,"color":"ffffffff","curve":"stepped"},{"time":0.6666,"color":"ffffffff"}]},"mask":{"attachment":[{"time":0,"name":"images/mask_end/s3_00"},{"time":0.1666,"name":"images/mask_end/s3_01"},{"time":0.3333,"name":"images/mask_end/s3_02"},{"time":0.5,"name":"images/mask_end/s3_01"},{"time":0.6666,"name":"images/mask_end/s3_00"}],"color":[{"time":0,"color":"ffffffff","curve":"stepped"},{"time":0.6666,"color":"ffffffff"}]}},"bones":{"mask":{"rotate":[{"time":0,"angle":0,"curve":"stepped"},{"time":0.6666,"angle":0}],"translate":[{"time":0,"x":0,"y":75,"curve":"stepped"},{"time":0.6666,"x":0,"y":75}],"scale":[{"time":0,"x":1,"y":1,"curve":"stepped"},{"time":0.6666,"x":1,"y":1}]},"broom":{"rotate":[{"time":0,"angle":0,"curve":"stepped"},{"time":0.6666,"angle":0}],"translate":[{"time":0,"x":0,"y":0,"curve":"stepped"},{"time":0.6666,"x":0,"y":0}],"scale":[{"time":0,"x":1,"y":1,"curve":"stepped"},{"time":0.6666,"x":1,"y":1}]}},"drawOrder":[{"time":0},{"time":0.6666}]},"stand4":{"slots":{"broom_run":{"attachment":[{"time":0,"name":null},{"time":0.6666,"name":null}],"color":[{"time":0,"color":"ffffffff","curve":"stepped"},{"time":0.6666,"color":"ffffffff"}]},"broom_standby":{"attachment":[{"time":0,"name":null},{"time":0.6666,"name":null}],"color":[{"time":0,"color":"ffffffff","curve":"stepped"},{"time":0.6666,"color":"ffffffff"}]},"mask":{"attachment":[{"time":0,"name":"images/mask_end/s4_00"},{"time":0.1666,"name":"images/mask_end/s4_01"},{"time":0.3333,"name":"images/mask_end/s4_02"},{"time":0.5,"name":"images/mask_end/s4_01"},{"time":0.6666,"name":"images/mask_end/s4_00"}],"color":[{"time":0,"color":"ffffffff","curve":"stepped"},{"time":0.6666,"color":"ffffffff"}]}},"bones":{"mask":{"rotate":[{"time":0,"angle":0,"curve":"stepped"},{"time":0.6666,"angle":0}],"translate":[{"time":0,"x":0,"y":75,"curve":"stepped"},{"time":0.6666,"x":-0.31,"y":89.58}],"scale":[{"time":0,"x":1,"y":1,"curve":"stepped"},{"time":0.6666,"x":1,"y":1}]},"broom":{"rotate":[{"time":0,"angle":0,"curve":"stepped"},{"time":0.6666,"angle":0}],"translate":[{"time":0,"x":0,"y":0,"curve":"stepped"},{"time":0.6666,"x":0,"y":0}],"scale":[{"time":0,"x":-1,"y":1,"curve":"stepped"},{"time":0.6666,"x":-1,"y":1}]}},"drawOrder":[{"time":0,"offsets":[{"slot":"broom_run","offset":1}]},{"time":0.6666,"offsets":[{"slot":"broom_run","offset":1}]}]},"stand5":{"slots":{"broom_run":{"attachment":[{"time":0,"name":null},{"time":0.6666,"name":null}],"color":[{"time":0,"color":"ffffffff","curve":"stepped"},{"time":0.6666,"color":"ffffffff"}]},"broom_standby":{"attachment":[{"time":0,"name":null},{"time":0.6666,"name":null}],"color":[{"time":0,"color":"ffffffff","curve":"stepped"},{"time":0.6666,"color":"ffffffff"}]},"mask":{"attachment":[{"time":0,"name":"images/mask_end/s3_00"},{"time":0.1666,"name":"images/mask_end/s3_01"},{"time":0.3333,"name":"images/mask_end/s3_02"},{"time":0.5,"name":"images/mask_end/s3_01"},{"time":0.6666,"name":"images/mask_end/s3_00"}],"color":[{"time":0,"color":"ffffffff","curve":"stepped"},{"time":0.6666,"color":"ffffffff"}]}},"bones":{"mask":{"rotate":[{"time":0,"angle":0,"curve":"stepped"},{"time":0.6666,"angle":0}],"translate":[{"time":0,"x":0,"y":75,"curve":"stepped"},{"time":0.6666,"x":0,"y":75}],"scale":[{"time":0,"x":-1,"y":1,"curve":"stepped"},{"time":0.6666,"x":-1,"y":1}]},"broom":{"rotate":[{"time":0,"angle":0,"curve":"stepped"},{"time":0.6666,"angle":0}],"translate":[{"time":0,"x":0,"y":0,"curve":"stepped"},{"time":0.6666,"x":0,"y":0}],"scale":[{"time":0,"x":1,"y":1,"curve":"stepped"},{"time":0.6666,"x":1,"y":1}]}},"drawOrder":[{"time":0},{"time":0.6666}]},"stand6":{"slots":{"broom_run":{"attachment":[{"time":0,"name":null},{"time":0.6666,"name":null}],"color":[{"time":0,"color":"ffffffff","curve":"stepped"},{"time":0.6666,"color":"ffffffff"}]},"broom_standby":{"attachment":[{"time":0,"name":"images/broom_standby/2_standby_1"},{"time":0.1666,"name":"images/broom_standby/2_standby_3"},{"time":0.3333,"name":"images/broom_standby/2_standby_5"},{"time":0.5,"name":"images/broom_standby/2_standby_3"},{"time":0.6666,"name":"images/broom_standby/2_standby_1"}],"color":[{"time":0,"color":"ffffffff","curve":"stepped"},{"time":0.6666,"color":"ffffffff"}]},"mask":{"attachment":[{"time":0,"name":null},{"time":0.6666,"name":null}],"color":[{"time":0,"color":"ffffffff","curve":"stepped"},{"time":0.6666,"color":"ffffffff"}]}},"bones":{"broom":{"rotate":[{"time":0,"angle":0,"curve":"stepped"},{"time":0.6666,"angle":0}],"translate":[{"time":0,"x":0,"y":0,"curve":"stepped"},{"time":0.6666,"x":0,"y":0}],"scale":[{"time":0,"x":1,"y":1,"curve":"stepped"},{"time":0.6666,"x":1,"y":1}]},"mask":{"rotate":[{"time":0,"angle":0,"curve":"stepped"},{"time":0.6666,"angle":0}],"translate":[{"time":0,"x":0,"y":0,"curve":"stepped"},{"time":0.6666,"x":0,"y":0}],"scale":[{"time":0,"x":1,"y":1,"curve":"stepped"},{"time":0.6666,"x":1,"y":1}]}},"drawOrder":[{"time":0},{"time":0.6666}]},"stand7":{"slots":{"broom_run":{"attachment":[{"time":0,"name":null},{"time":0.6666,"name":null}],"color":[{"time":0,"color":"ffffffff","curve":"stepped"},{"time":0.6666,"color":"ffffffff"}]},"broom_standby":{"attachment":[{"time":0,"name":"images/broom_standby/1_standby_1"},{"time":0.1666,"name":"images/broom_standby/1_standby_3"},{"time":0.3333,"name":"images/broom_standby/1_standby_5"},{"time":0.5,"name":"images/broom_standby/1_standby_3"},{"time":0.6666,"name":"images/broom_standby/1_standby_1"}],"color":[{"time":0,"color":"ffffffff","curve":"stepped"},{"time":0.6666,"color":"ffffffff"}]},"mask":{"attachment":[{"time":0,"name":null},{"time":0.6666,"name":null}],"color":[{"time":0,"color":"ffffffff","curve":"stepped"},{"time":0.6666,"color":"ffffffff"}]}},"bones":{"broom":{"rotate":[{"time":0,"angle":0,"curve":"stepped"},{"time":0.6666,"angle":0}],"translate":[{"time":0,"x":0,"y":0,"curve":"stepped"},{"time":0.6666,"x":0,"y":0}],"scale":[{"time":0,"x":1,"y":1,"curve":"stepped"},{"time":0.6666,"x":1,"y":1}]},"mask":{"rotate":[{"time":0,"angle":0,"curve":"stepped"},{"time":0.6666,"angle":0}],"translate":[{"time":0,"x":0,"y":0,"curve":"stepped"},{"time":0.6666,"x":0,"y":0}],"scale":[{"time":0,"x":1,"y":1,"curve":"stepped"},{"time":0.6666,"x":1,"y":1}]}},"drawOrder":[{"time":0},{"time":0.6666}]},"victory":{"slots":{"broom_run":{"attachment":[{"time":0,"name":null},{"time":1.1666,"name":null}],"color":[{"time":0,"color":"ffffffff","curve":"stepped"},{"time":1.1666,"color":"ffffffff"}]},"broom_standby":{"attachment":[{"time":0,"name":null},{"time":0.0333,"name":null},{"time":1.1666,"name":null}],"color":[{"time":0,"color":"ffffffff","curve":"stepped"},{"time":1.1666,"color":"ffffffff"}]},"mask":{"attachment":[{"time":0,"name":"images/mask_end/s4_00"},{"time":0.0333,"name":"images/mask_end/v_00"},{"time":0.1333,"name":"images/mask_end/v_01"},{"time":0.3,"name":"images/mask_end/v_02"},{"time":0.3666,"name":"images/mask_end/v_03"},{"time":0.4333,"name":"images/mask_end/v_04"},{"time":0.5333,"name":"images/mask_end/v_05"},{"time":0.6666,"name":"images/mask_end/v_06"},{"time":0.7,"name":"images/mask_end/v_07"},{"time":0.8,"name":"images/mask_end/s4_00"},{"time":1.1666,"name":"images/mask_end/s4_00"}],"color":[{"time":0,"color":"ffffffff","curve":"stepped"},{"time":1.1666,"color":"ffffffff"}]}},"bones":{"broom":{"rotate":[{"time":0,"angle":0,"curve":"stepped"},{"time":1.1666,"angle":0}],"translate":[{"time":0,"x":0,"y":0,"curve":"stepped"},{"time":0.0333,"x":0,"y":11.27,"curve":"stepped"},{"time":0.1333,"x":0,"y":-4.41,"curve":"stepped"},{"time":0.3,"x":0,"y":0,"curve":"stepped"},{"time":0.3666,"x":0,"y":-13.71,"curve":"stepped"},{"time":0.4333,"x":0,"y":0,"curve":"stepped"},{"time":0.5333,"x":0,"y":0.98,"curve":"stepped"},{"time":0.6666,"x":0,"y":-15.67,"curve":"stepped"},{"time":0.7,"x":0,"y":-20.08,"curve":"stepped"},{"time":0.8,"x":0,"y":0,"curve":"stepped"},{"time":1.1666,"x":0,"y":0}],"scale":[{"time":0,"x":-1,"y":1,"curve":"stepped"},{"time":1.1666,"x":-1,"y":1}]},"mask":{"rotate":[{"time":0,"angle":0,"curve":"stepped"},{"time":1.1666,"angle":0}],"translate":[{"time":0,"x":0,"y":75,"curve":"stepped"},{"time":0.0333,"x":0,"y":65.19,"curve":"stepped"},{"time":0.8,"x":0,"y":75,"curve":"stepped"},{"time":1.1666,"x":0,"y":75}],"scale":[{"time":0,"x":1,"y":1,"curve":"stepped"},{"time":1.1666,"x":1,"y":1}]}},"drawOrder":[{"time":0,"offsets":[{"slot":"broom_run","offset":1}]},{"time":0.0333,"offsets":[{"slot":"broom_run","offset":1}]},{"time":1.1666}]}}}