{"skeleton":{"hash":"1vgVC4iMtI73R+DJnDU/hXcLR8Q","spine":"2.1.27","width":0,"height":0,"images":""},"bones":[{"name":"root","scaleX":0.65,"scaleY":0.65},{"name":"bone","parent":"root","length":1,"y":84.61,"scaleX":-1,"color":"f7ff00ff"},{"name":"broom","parent":"root","length":11,"y":90,"scaleX":-1,"color":"ff1d00ff"},{"name":"mask","parent":"root"}],"slots":[{"name":"broom_run","bone":"broom"},{"name":"broom_standby","bone":"broom"},{"name":"mask","bone":"mask"}],"skins":{"default":{"broom_run":{"images/broom_run/0_move_1":{"width":1024,"height":1024},"images/broom_run/0_move_3":{"width":1024,"height":1024},"images/broom_run/0_move_5":{"width":1024,"height":1024},"images/broom_run/0_move_7":{"width":1024,"height":1024},"images/broom_run/1_move_1":{"width":1024,"height":1024},"images/broom_run/1_move_3":{"width":1024,"height":1024},"images/broom_run/1_move_5":{"width":1024,"height":1024},"images/broom_run/1_move_7":{"width":1024,"height":1024}},"broom_standby":{"images/broom_standby/0_standby_1":{"width":1024,"height":1024},"images/broom_standby/0_standby_3":{"width":1024,"height":1024},"images/broom_standby/0_standby_5":{"width":1024,"height":1024},"images/broom_standby/1_standby_1":{"width":1024,"height":1024},"images/broom_standby/1_standby_3":{"width":1024,"height":1024},"images/broom_standby/1_standby_5":{"width":1024,"height":1024},"images/broom_standby/2_standby_3":{"width":1024,"height":1024},"images/broom_standby/2_standby_5":{"width":1024,"height":1024}},"mask":{"images/mask_end/2_move_1":{"width":1024,"height":1030},"images/mask_end/2_move_3":{"width":1024,"height":1030},"images/mask_end/2_move_5":{"width":1024,"height":1030},"images/mask_end/2_move_7":{"width":1024,"height":1030},"images/mask_end/2_standby_1":{"width":1024,"height":1030},"images/mask_end/3_move_1":{"width":1024,"height":1030},"images/mask_end/3_move_3":{"width":1024,"height":1030},"images/mask_end/3_move_5":{"width":1024,"height":1030},"images/mask_end/3_move_7":{"width":1024,"height":1030},"images/mask_end/3_standby_1":{"width":1024,"height":1030},"images/mask_end/3_standby_3":{"width":1024,"height":1030},"images/mask_end/3_standby_5":{"width":1024,"height":1030},"images/mask_end/4_drop_2":{"width":1032,"height":1186},"images/mask_end/4_drop_3":{"width":1032,"height":1186},"images/mask_end/4_drop_4":{"width":1032,"height":1186},"images/mask_end/4_drop_5":{"width":1032,"height":1186},"images/mask_end/4_drop_6":{"width":1032,"height":1186},"images/mask_end/4_drop_7":{"width":1032,"height":1186},"images/mask_end/4_move_1":{"width":1024,"height":1030},"images/mask_end/4_move_3":{"width":1024,"height":1030},"images/mask_end/4_move_5":{"width":1024,"height":1030},"images/mask_end/4_move_7":{"width":1024,"height":1030},"images/mask_end/4_standby_1":{"width":1024,"height":1030},"images/mask_end/4_standby_3":{"width":1024,"height":1030},"images/mask_end/4_standby_5":{"width":1024,"height":1030},"images/mask_end/4_victory_1":{"width":1024,"height":1057},"images/mask_end/4_victory_2":{"width":1024,"height":1057},"images/mask_end/4_victory_3":{"width":1024,"height":1057},"images/mask_end/4_victory_4":{"width":1024,"height":1057},"images/mask_end/4_victory_5":{"width":1024,"height":1057},"images/mask_end/4_victory_6":{"width":1024,"height":1057},"images/mask_end/4_victory_7":{"width":1024,"height":1057},"images/mask_end/4_victory_8":{"width":1024,"height":1057}}}},"animations":{"drop":{"slots":{"broom_run":{"attachment":[{"time":0,"name":null},{"time":1.1666,"name":null}],"color":[{"time":0,"color":"ffffffff","curve":"stepped"},{"time":1.1666,"color":"ffffffff"}]},"broom_standby":{"attachment":[{"time":0,"name":null},{"time":0.0333,"name":null},{"time":1.1666,"name":null}],"color":[{"time":0,"color":"ffffffff","curve":"stepped"},{"time":1.1666,"color":"ffffffff"}]},"mask":{"attachment":[{"time":0,"name":"images/mask_end/4_standby_1"},{"time":0.0333,"name":"images/mask_end/4_drop_2"},{"time":0.1666,"name":"images/mask_end/4_drop_3"},{"time":0.3,"name":"images/mask_end/4_drop_4"},{"time":0.4,"name":"images/mask_end/4_drop_5"},{"time":0.5333,"name":"images/mask_end/4_drop_6"},{"time":0.6333,"name":"images/mask_end/4_drop_7"},{"time":0.7,"name":null},{"time":1.1666,"name":null}],"color":[{"time":0,"color":"ffffffff","curve":"stepped"},{"time":1.1666,"color":"ffffffff"}]}},"bones":{"bone":{"rotate":[{"time":0,"angle":0,"curve":"stepped"},{"time":1.1666,"angle":0}],"translate":[{"time":0,"x":0,"y":0,"curve":"stepped"},{"time":0.0333,"x":-1.83,"y":32.45,"curve":"stepped"},{"time":0.1666,"x":-3.27,"y":52.85,"curve":"stepped"},{"time":0.3,"x":3.82,"y":84.61,"curve":"stepped"},{"time":0.4,"x":2.86,"y":130.13,"curve":"stepped"},{"time":0.5333,"x":2.38,"y":158.19,"curve":"stepped"},{"time":0.6333,"x":1.91,"y":161.19,"curve":"stepped"},{"time":0.7,"x":1.43,"y":142.89,"curve":"stepped"},{"time":0.8,"x":0.95,"y":118.4,"curve":"stepped"},{"time":1.1666,"x":0,"y":-12.86}],"scale":[{"time":0,"x":1,"y":1,"curve":"stepped"},{"time":1.1666,"x":1,"y":1}]},"broom":{"rotate":[{"time":0,"angle":0,"curve":"stepped"},{"time":1.1666,"angle":0}],"translate":[{"time":0,"x":0,"y":0,"curve":"stepped"},{"time":0.0333,"x":-8.38,"y":16.71,"curve":"stepped"},{"time":0.1666,"x":0,"y":68.43,"curve":"stepped"},{"time":0.3,"x":4.91,"y":102.06,"curve":"stepped"},{"time":0.4,"x":-1.49,"y":143.22,"curve":"stepped"},{"time":0.5333,"x":2.38,"y":143.24,"curve":"stepped"},{"time":0.6333,"x":1.91,"y":125.05,"curve":"stepped"},{"time":0.7,"x":1.43,"y":105.51,"curve":"stepped"},{"time":0.8,"x":0.95,"y":103.45,"curve":"stepped"},{"time":1.1666,"x":0,"y":-12.86}],"scale":[{"time":0,"x":1,"y":1,"curve":"stepped"},{"time":1.1666,"x":1,"y":1}]},"mask":{"rotate":[{"time":0,"angle":0,"curve":"stepped"},{"time":1.1666,"angle":0}],"translate":[{"time":0,"x":0,"y":87.91,"curve":"stepped"},{"time":0.0333,"x":0,"y":167.02,"curve":"stepped"},{"time":0.6333,"x":0,"y":167.02,"curve":"stepped"},{"time":1.1666,"x":0,"y":167.02}],"scale":[{"time":0,"x":1,"y":1,"curve":"stepped"},{"time":0.0333,"x":1,"y":1,"curve":"stepped"},{"time":1.1666,"x":1,"y":1}]}},"drawOrder":[{"time":0,"offsets":[{"slot":"broom_run","offset":1}]},{"time":1.1666}]},"freeze":{"slots":{"broom_run":{"attachment":[{"time":0,"name":null}],"color":[{"time":0,"color":"ffffffff"}]},"broom_standby":{"attachment":[{"time":0,"name":null}],"color":[{"time":0,"color":"ffffffff"}]},"mask":{"attachment":[{"time":0,"name":"images/mask_end/4_standby_1"}],"color":[{"time":0,"color":"ffffff76"}]}},"bones":{"bone":{"rotate":[{"time":0,"angle":0}],"translate":[{"time":0,"x":0,"y":0}],"scale":[{"time":0,"x":1,"y":1}]},"broom":{"rotate":[{"time":0,"angle":0}],"translate":[{"time":0,"x":0,"y":0}],"scale":[{"time":0,"x":1,"y":1}]},"mask":{"rotate":[{"time":0,"angle":0}],"translate":[{"time":0,"x":0,"y":88.08}],"scale":[{"time":0,"x":1,"y":1}]}},"drawOrder":[{"time":0,"offsets":[{"slot":"broom_run","offset":1}]}]},"run0":{"slots":{"broom_run":{"attachment":[{"time":0,"name":"images/broom_run/0_move_1"},{"time":0.1666,"name":"images/broom_run/0_move_3"},{"time":0.3333,"name":"images/broom_run/0_move_5"},{"time":0.5,"name":"images/broom_run/0_move_7"},{"time":0.6666,"name":"images/broom_run/0_move_7"}],"color":[{"time":0,"color":"ffffffff","curve":"stepped"},{"time":0.6666,"color":"ffffffff"}]},"broom_standby":{"attachment":[{"time":0,"name":null},{"time":0.6666,"name":null}],"color":[{"time":0,"color":"ffffffff","curve":"stepped"},{"time":0.6666,"color":"ffffffff"}]},"mask":{"attachment":[{"time":0,"name":null},{"time":0.6666,"name":null}],"color":[{"time":0,"color":"ffffffff","curve":"stepped"},{"time":0.6666,"color":"ffffffff"}]}},"bones":{"bone":{"rotate":[{"time":0,"angle":0,"curve":"stepped"},{"time":0.6666,"angle":0}],"translate":[{"time":0,"x":0,"y":0,"curve":"stepped"},{"time":0.6666,"x":0,"y":0}],"scale":[{"time":0,"x":1,"y":1,"curve":"stepped"},{"time":0.6666,"x":1,"y":1}]},"broom":{"rotate":[{"time":0,"angle":0,"curve":"stepped"},{"time":0.6666,"angle":0}],"translate":[{"time":0,"x":0,"y":0,"curve":"stepped"},{"time":0.6666,"x":0,"y":0}],"scale":[{"time":0,"x":1,"y":1,"curve":"stepped"},{"time":0.6666,"x":1,"y":1}]},"mask":{"rotate":[{"time":0,"angle":0,"curve":"stepped"},{"time":0.6666,"angle":0}],"translate":[{"time":0,"x":0,"y":0,"curve":"stepped"},{"time":0.6666,"x":0,"y":0}],"scale":[{"time":0,"x":1,"y":1,"curve":"stepped"},{"time":0.6666,"x":1,"y":1}]}},"drawOrder":[{"time":0},{"time":0.6666}]},"run1":{"slots":{"broom_run":{"attachment":[{"time":0,"name":"images/broom_run/1_move_1"},{"time":0.1666,"name":"images/broom_run/1_move_3"},{"time":0.3333,"name":"images/broom_run/1_move_5"},{"time":0.5,"name":"images/broom_run/1_move_7"},{"time":0.6666,"name":"images/broom_run/1_move_7"}],"color":[{"time":0,"color":"ffffffff","curve":"stepped"},{"time":0.6666,"color":"ffffffff"}]},"broom_standby":{"attachment":[{"time":0,"name":null},{"time":0.6666,"name":null}],"color":[{"time":0,"color":"ffffffff","curve":"stepped"},{"time":0.6666,"color":"ffffffff"}]},"mask":{"attachment":[{"time":0,"name":null},{"time":0.6666,"name":null}],"color":[{"time":0,"color":"ffffffff","curve":"stepped"},{"time":0.6666,"color":"ffffffff"}]}},"bones":{"bone":{"rotate":[{"time":0,"angle":0,"curve":"stepped"},{"time":0.6666,"angle":0}],"translate":[{"time":0,"x":0,"y":0,"curve":"stepped"},{"time":0.6666,"x":0,"y":0}],"scale":[{"time":0,"x":1,"y":1,"curve":"stepped"},{"time":0.6666,"x":1,"y":1}]},"broom":{"rotate":[{"time":0,"angle":0,"curve":"stepped"},{"time":0.6666,"angle":0}],"translate":[{"time":0,"x":0,"y":0,"curve":"stepped"},{"time":0.6666,"x":0,"y":0}],"scale":[{"time":0,"x":1,"y":1,"curve":"stepped"},{"time":0.6666,"x":1,"y":1}]},"mask":{"rotate":[{"time":0,"angle":0,"curve":"stepped"},{"time":0.6666,"angle":0}],"translate":[{"time":0,"x":0,"y":0,"curve":"stepped"},{"time":0.6666,"x":0,"y":0}],"scale":[{"time":0,"x":1,"y":1,"curve":"stepped"},{"time":0.6666,"x":1,"y":1}]}},"drawOrder":[{"time":0},{"time":0.6666}]},"run2":{"slots":{"broom_run":{"attachment":[{"time":0,"name":null},{"time":0.6666,"name":null}],"color":[{"time":0,"color":"ffffffff","curve":"stepped"},{"time":0.6666,"color":"ffffffff"}]},"broom_standby":{"attachment":[{"time":0,"name":null},{"time":0.6666,"name":null}],"color":[{"time":0,"color":"ffffffff","curve":"stepped"},{"time":0.6666,"color":"ffffffff"}]},"mask":{"attachment":[{"time":0,"name":"images/mask_end/2_move_1"},{"time":0.1666,"name":"images/mask_end/2_move_3"},{"time":0.3333,"name":"images/mask_end/2_move_5"},{"time":0.5,"name":"images/mask_end/2_move_7"},{"time":0.6666,"name":"images/mask_end/2_move_7"}],"color":[{"time":0,"color":"ffffffff","curve":"stepped"},{"time":0.6666,"color":"ffffffff"}]}},"bones":{"bone":{"rotate":[{"time":0,"angle":0,"curve":"stepped"},{"time":0.6666,"angle":0}],"translate":[{"time":0,"x":0,"y":0,"curve":"stepped"},{"time":0.6666,"x":0,"y":0}],"scale":[{"time":0,"x":1,"y":1,"curve":"stepped"},{"time":0.6666,"x":1,"y":1}]},"broom":{"rotate":[{"time":0,"angle":0,"curve":"stepped"},{"time":0.6666,"angle":0}],"translate":[{"time":0,"x":0,"y":0,"curve":"stepped"},{"time":0.6666,"x":0,"y":0}],"scale":[{"time":0,"x":1,"y":1,"curve":"stepped"},{"time":0.6666,"x":1,"y":1}]},"mask":{"rotate":[{"time":0,"angle":0,"curve":"stepped"},{"time":0.6666,"angle":0}],"translate":[{"time":0,"x":0,"y":87.91,"curve":"stepped"},{"time":0.6666,"x":0,"y":87.91}],"scale":[{"time":0,"x":1,"y":1,"curve":"stepped"},{"time":0.6666,"x":1,"y":1}]}},"drawOrder":[{"time":0},{"time":0.6666}]},"run3":{"slots":{"broom_run":{"attachment":[{"time":0,"name":null},{"time":0.6666,"name":null}],"color":[{"time":0,"color":"ffffffff","curve":"stepped"},{"time":0.6666,"color":"ffffffff"}]},"broom_standby":{"attachment":[{"time":0,"name":null},{"time":0.6666,"name":null}],"color":[{"time":0,"color":"ffffffff","curve":"stepped"},{"time":0.6666,"color":"ffffffff"}]},"mask":{"attachment":[{"time":0,"name":"images/mask_end/3_move_1"},{"time":0.1666,"name":"images/mask_end/3_move_3"},{"time":0.3333,"name":"images/mask_end/3_move_5"},{"time":0.5,"name":"images/mask_end/3_move_7"},{"time":0.6666,"name":"images/mask_end/3_move_7"}],"color":[{"time":0,"color":"ffffffff","curve":"stepped"},{"time":0.6666,"color":"ffffffff"}]}},"bones":{"bone":{"rotate":[{"time":0,"angle":0,"curve":"stepped"},{"time":0.6666,"angle":0}],"translate":[{"time":0,"x":0,"y":0,"curve":"stepped"},{"time":0.6666,"x":0,"y":0}],"scale":[{"time":0,"x":1,"y":1,"curve":"stepped"},{"time":0.6666,"x":1,"y":1}]},"broom":{"rotate":[{"time":0,"angle":0,"curve":"stepped"},{"time":0.6666,"angle":0}],"translate":[{"time":0,"x":0,"y":0,"curve":"stepped"},{"time":0.6666,"x":0,"y":0}],"scale":[{"time":0,"x":1,"y":1,"curve":"stepped"},{"time":0.6666,"x":1,"y":1}]},"mask":{"rotate":[{"time":0,"angle":0,"curve":"stepped"},{"time":0.6666,"angle":0}],"translate":[{"time":0,"x":0,"y":86.87,"curve":"stepped"},{"time":0.6666,"x":0,"y":86.87}],"scale":[{"time":0,"x":1,"y":1,"curve":"stepped"},{"time":0.6666,"x":1,"y":1}]}},"drawOrder":[{"time":0},{"time":0.3333},{"time":0.6666}]},"run4":{"slots":{"broom_run":{"attachment":[{"time":0,"name":null},{"time":0.6666,"name":null}],"color":[{"time":0,"color":"ffffffff","curve":"stepped"},{"time":0.6666,"color":"ffffffff"}]},"broom_standby":{"attachment":[{"time":0,"name":null},{"time":0.6666,"name":null}],"color":[{"time":0,"color":"ffffffff","curve":"stepped"},{"time":0.6666,"color":"ffffffff"}]},"mask":{"attachment":[{"time":0,"name":"images/mask_end/4_move_1"},{"time":0.1666,"name":"images/mask_end/4_move_3"},{"time":0.3333,"name":"images/mask_end/4_move_5"},{"time":0.5,"name":"images/mask_end/4_move_7"},{"time":0.6666,"name":"images/mask_end/4_move_7"}],"color":[{"time":0,"color":"ffffffff","curve":"stepped"},{"time":0.6666,"color":"ffffffff"}]}},"bones":{"bone":{"rotate":[{"time":0,"angle":0,"curve":"stepped"},{"time":0.6666,"angle":0}],"translate":[{"time":0,"x":0,"y":0,"curve":"stepped"},{"time":0.6666,"x":0,"y":0}],"scale":[{"time":0,"x":1,"y":1,"curve":"stepped"},{"time":0.6666,"x":1,"y":1}]},"mask":{"rotate":[{"time":0,"angle":0,"curve":"stepped"},{"time":0.6666,"angle":0}],"translate":[{"time":0,"x":0,"y":86.87,"curve":"stepped"},{"time":0.6666,"x":0,"y":86.87}],"scale":[{"time":0,"x":1,"y":1,"curve":"stepped"},{"time":0.6666,"x":1,"y":1}]},"broom":{"rotate":[{"time":0,"angle":0,"curve":"stepped"},{"time":0.6666,"angle":0}],"translate":[{"time":0,"x":0,"y":0,"curve":"stepped"},{"time":0.6666,"x":0,"y":0}],"scale":[{"time":0,"x":1,"y":1,"curve":"stepped"},{"time":0.6666,"x":1,"y":1}]}},"drawOrder":[{"time":0},{"time":0.6666}]},"run5":{"slots":{"broom_run":{"attachment":[{"time":0,"name":null},{"time":0.6666,"name":null}],"color":[{"time":0,"color":"ffffffff","curve":"stepped"},{"time":0.6666,"color":"ffffffff"}]},"broom_standby":{"attachment":[{"time":0,"name":null},{"time":0.6666,"name":null}],"color":[{"time":0,"color":"ffffffff","curve":"stepped"},{"time":0.6666,"color":"ffffffff"}]},"mask":{"attachment":[{"time":0,"name":"images/mask_end/3_move_1"},{"time":0.1666,"name":"images/mask_end/3_move_3"},{"time":0.3333,"name":"images/mask_end/3_move_5"},{"time":0.5,"name":"images/mask_end/3_move_7"},{"time":0.6666,"name":"images/mask_end/3_move_7"}],"color":[{"time":0,"color":"ffffffff","curve":"stepped"},{"time":0.6666,"color":"ffffffff"}]}},"bones":{"bone":{"rotate":[{"time":0,"angle":0,"curve":"stepped"},{"time":0.6666,"angle":0}],"translate":[{"time":0,"x":0,"y":0,"curve":"stepped"},{"time":0.6666,"x":0,"y":0}],"scale":[{"time":0,"x":-1,"y":1,"curve":"stepped"},{"time":0.6666,"x":-1,"y":1}]},"broom":{"rotate":[{"time":0,"angle":0,"curve":"stepped"},{"time":0.6666,"angle":0}],"translate":[{"time":0,"x":0,"y":0,"curve":"stepped"},{"time":0.6666,"x":0,"y":0}],"scale":[{"time":0,"x":-1,"y":1,"curve":"stepped"},{"time":0.6666,"x":-1,"y":1}]},"mask":{"rotate":[{"time":0,"angle":0,"curve":"stepped"},{"time":0.6666,"angle":0}],"translate":[{"time":0,"x":0,"y":86.87,"curve":"stepped"},{"time":0.6666,"x":0,"y":86.87}],"scale":[{"time":0,"x":-1,"y":1,"curve":"stepped"},{"time":0.6666,"x":-1,"y":1}]}},"drawOrder":[{"time":0},{"time":0.3333},{"time":0.6666}]},"run6":{"slots":{"broom_run":{"attachment":[{"time":0,"name":null},{"time":0.6666,"name":null}],"color":[{"time":0,"color":"ffffffff","curve":"stepped"},{"time":0.6666,"color":"ffffffff"}]},"broom_standby":{"attachment":[{"time":0,"name":null},{"time":0.6666,"name":null}],"color":[{"time":0,"color":"ffffffff","curve":"stepped"},{"time":0.6666,"color":"ffffffff"}]},"mask":{"attachment":[{"time":0,"name":"images/mask_end/2_move_1"},{"time":0.1666,"name":"images/mask_end/2_move_3"},{"time":0.3333,"name":"images/mask_end/2_move_5"},{"time":0.5,"name":"images/mask_end/2_move_7"},{"time":0.6666,"name":"images/mask_end/2_move_7"}],"color":[{"time":0,"color":"ffffffff","curve":"stepped"},{"time":0.6666,"color":"ffffffff"}]}},"bones":{"bone":{"rotate":[{"time":0,"angle":0,"curve":"stepped"},{"time":0.6666,"angle":0}],"translate":[{"time":0,"x":0,"y":0,"curve":"stepped"},{"time":0.6666,"x":0,"y":0}],"scale":[{"time":0,"x":-1,"y":1,"curve":"stepped"},{"time":0.6666,"x":-1,"y":1}]},"mask":{"rotate":[{"time":0,"angle":0,"curve":"stepped"},{"time":0.6666,"angle":0}],"translate":[{"time":0,"x":0,"y":88.43,"curve":"stepped"},{"time":0.6666,"x":0,"y":88.43}],"scale":[{"time":0,"x":-1,"y":1,"curve":"stepped"},{"time":0.6666,"x":-1,"y":1}]},"broom":{"rotate":[{"time":0,"angle":0,"curve":"stepped"},{"time":0.6666,"angle":0}],"translate":[{"time":0,"x":0,"y":0,"curve":"stepped"},{"time":0.6666,"x":0,"y":0}],"scale":[{"time":0,"x":1,"y":1,"curve":"stepped"},{"time":0.6666,"x":1,"y":1}]}},"drawOrder":[{"time":0},{"time":0.6666}]},"run7":{"slots":{"broom_run":{"attachment":[{"time":0,"name":"images/broom_run/1_move_1"},{"time":0.1666,"name":"images/broom_run/1_move_3"},{"time":0.3333,"name":"images/broom_run/1_move_5"},{"time":0.5,"name":"images/broom_run/1_move_7"},{"time":0.6666,"name":"images/broom_run/1_move_7"}],"color":[{"time":0,"color":"ffffffff","curve":"stepped"},{"time":0.6666,"color":"ffffffff"}]},"broom_standby":{"attachment":[{"time":0,"name":null},{"time":0.6666,"name":null}],"color":[{"time":0,"color":"ffffffff","curve":"stepped"},{"time":0.6666,"color":"ffffffff"}]},"mask":{"attachment":[{"time":0,"name":null},{"time":0.6666,"name":null}],"color":[{"time":0,"color":"ffffffff","curve":"stepped"},{"time":0.6666,"color":"ffffffff"}]}},"bones":{"bone":{"rotate":[{"time":0,"angle":0,"curve":"stepped"},{"time":0.6666,"angle":0}],"translate":[{"time":0,"x":0,"y":0,"curve":"stepped"},{"time":0.6666,"x":0,"y":0}],"scale":[{"time":0,"x":-1,"y":1,"curve":"stepped"},{"time":0.6666,"x":-1,"y":1}]},"broom":{"rotate":[{"time":0,"angle":0,"curve":"stepped"},{"time":0.6666,"angle":0}],"translate":[{"time":0,"x":0,"y":0,"curve":"stepped"},{"time":0.6666,"x":0,"y":0}],"scale":[{"time":0,"x":-1,"y":1,"curve":"stepped"},{"time":0.6666,"x":-1,"y":1}]},"mask":{"rotate":[{"time":0,"angle":0,"curve":"stepped"},{"time":0.6666,"angle":0}],"translate":[{"time":0,"x":0,"y":0,"curve":"stepped"},{"time":0.6666,"x":0,"y":0}],"scale":[{"time":0,"x":1,"y":1,"curve":"stepped"},{"time":0.6666,"x":1,"y":1}]}},"drawOrder":[{"time":0},{"time":0.6666}]},"stand0":{"slots":{"broom_run":{"attachment":[{"time":0,"name":null},{"time":0.6666,"name":null}],"color":[{"time":0,"color":"ffffffff","curve":"stepped"},{"time":0.6666,"color":"ffffffff"}]},"broom_standby":{"attachment":[{"time":0,"name":"images/broom_standby/0_standby_1"},{"time":0.1666,"name":"images/broom_standby/0_standby_3"},{"time":0.3333,"name":"images/broom_standby/0_standby_5"},{"time":0.5,"name":"images/broom_standby/0_standby_3"},{"time":0.6666,"name":"images/broom_standby/0_standby_1"}],"color":[{"time":0,"color":"ffffffff","curve":"stepped"},{"time":0.6666,"color":"ffffffff"}]},"mask":{"attachment":[{"time":0,"name":null},{"time":0.6666,"name":null}],"color":[{"time":0,"color":"ffffffff","curve":"stepped"},{"time":0.6666,"color":"ffffffff"}]}},"bones":{"bone":{"rotate":[{"time":0,"angle":0,"curve":"stepped"},{"time":0.6666,"angle":0}],"translate":[{"time":0,"x":0,"y":0,"curve":"stepped"},{"time":0.6666,"x":0,"y":0}],"scale":[{"time":0,"x":1,"y":1,"curve":"stepped"},{"time":0.6666,"x":1,"y":1}]},"broom":{"rotate":[{"time":0,"angle":0,"curve":"stepped"},{"time":0.6666,"angle":0}],"translate":[{"time":0,"x":0,"y":0,"curve":"stepped"},{"time":0.6666,"x":0,"y":0}],"scale":[{"time":0,"x":1,"y":1,"curve":"stepped"},{"time":0.6666,"x":1,"y":1}]},"mask":{"rotate":[{"time":0,"angle":0,"curve":"stepped"},{"time":0.6666,"angle":0}],"translate":[{"time":0,"x":0,"y":0,"curve":"stepped"},{"time":0.6666,"x":0,"y":0}],"scale":[{"time":0,"x":1,"y":1,"curve":"stepped"},{"time":0.6666,"x":1,"y":1}]}},"drawOrder":[{"time":0},{"time":0.6666}]},"stand1":{"slots":{"broom_run":{"attachment":[{"time":0,"name":null},{"time":0.6666,"name":null}],"color":[{"time":0,"color":"ffffffff","curve":"stepped"},{"time":0.6666,"color":"ffffffff"}]},"broom_standby":{"attachment":[{"time":0,"name":"images/broom_standby/1_standby_1"},{"time":0.1666,"name":"images/broom_standby/1_standby_3"},{"time":0.3333,"name":"images/broom_standby/1_standby_5"},{"time":0.5,"name":"images/broom_standby/1_standby_3"},{"time":0.6666,"name":"images/broom_standby/1_standby_1"}],"color":[{"time":0,"color":"ffffffff","curve":"stepped"},{"time":0.6666,"color":"ffffffff"}]},"mask":{"attachment":[{"time":0,"name":null},{"time":0.6666,"name":null}],"color":[{"time":0,"color":"ffffffff","curve":"stepped"},{"time":0.6666,"color":"ffffffff"}]}},"bones":{"bone":{"rotate":[{"time":0,"angle":0,"curve":"stepped"},{"time":0.6666,"angle":0}],"translate":[{"time":0,"x":0,"y":0,"curve":"stepped"},{"time":0.6666,"x":0,"y":0}],"scale":[{"time":0,"x":1,"y":1,"curve":"stepped"},{"time":0.6666,"x":1,"y":1}]},"broom":{"rotate":[{"time":0,"angle":0,"curve":"stepped"},{"time":0.6666,"angle":0}],"translate":[{"time":0,"x":0,"y":0,"curve":"stepped"},{"time":0.6666,"x":0,"y":0}],"scale":[{"time":0,"x":1,"y":1,"curve":"stepped"},{"time":0.6666,"x":1,"y":1}]},"mask":{"rotate":[{"time":0,"angle":0,"curve":"stepped"},{"time":0.6666,"angle":0}],"translate":[{"time":0,"x":0,"y":0,"curve":"stepped"},{"time":0.6666,"x":0,"y":0}],"scale":[{"time":0,"x":1,"y":1,"curve":"stepped"},{"time":0.6666,"x":1,"y":1}]}},"drawOrder":[{"time":0},{"time":0.6666}]},"stand2":{"slots":{"broom_run":{"attachment":[{"time":0,"name":null},{"time":0.6666,"name":null}],"color":[{"time":0,"color":"ffffffff","curve":"stepped"},{"time":0.6666,"color":"ffffffff"}]},"broom_standby":{"attachment":[{"time":0,"name":null},{"time":0.1666,"name":"images/broom_standby/2_standby_3"},{"time":0.3333,"name":"images/broom_standby/2_standby_5"},{"time":0.5,"name":"images/broom_standby/2_standby_3"},{"time":0.6666,"name":null}],"color":[{"time":0,"color":"ffffffff","curve":"stepped"},{"time":0.6666,"color":"ffffffff"}]},"mask":{"attachment":[{"time":0,"name":"images/mask_end/2_standby_1"},{"time":0.1666,"name":null},{"time":0.6666,"name":"images/mask_end/2_standby_1"}],"color":[{"time":0,"color":"ffffffff","curve":"stepped"},{"time":0.6666,"color":"ffffffff"}]}},"bones":{"bone":{"rotate":[{"time":0,"angle":0,"curve":"stepped"},{"time":0.6666,"angle":0}],"translate":[{"time":0,"x":0,"y":0,"curve":"stepped"},{"time":0.6666,"x":0,"y":0}],"scale":[{"time":0,"x":1,"y":1,"curve":"stepped"},{"time":0.6666,"x":1,"y":1}]},"broom":{"rotate":[{"time":0,"angle":0,"curve":"stepped"},{"time":0.6666,"angle":0}],"translate":[{"time":0,"x":0,"y":0,"curve":"stepped"},{"time":0.6666,"x":0,"y":0}],"scale":[{"time":0,"x":1,"y":1,"curve":"stepped"},{"time":0.6666,"x":1,"y":1}]},"mask":{"rotate":[{"time":0,"angle":0,"curve":"stepped"},{"time":0.6666,"angle":0}],"translate":[{"time":0,"x":0,"y":86.87,"curve":"stepped"},{"time":0.6666,"x":0,"y":86.87}],"scale":[{"time":0,"x":1,"y":1,"curve":"stepped"},{"time":0.6666,"x":1,"y":1}]}},"drawOrder":[{"time":0},{"time":0.6666}]},"stand3":{"slots":{"broom_run":{"attachment":[{"time":0,"name":null},{"time":0.6666,"name":null}],"color":[{"time":0,"color":"ffffffff","curve":"stepped"},{"time":0.6666,"color":"ffffffff"}]},"broom_standby":{"attachment":[{"time":0,"name":null},{"time":0.6666,"name":null}],"color":[{"time":0,"color":"ffffffff","curve":"stepped"},{"time":0.6666,"color":"ffffffff"}]},"mask":{"attachment":[{"time":0,"name":"images/mask_end/3_standby_1"},{"time":0.1666,"name":"images/mask_end/3_standby_3"},{"time":0.3333,"name":"images/mask_end/3_standby_5"},{"time":0.5,"name":"images/mask_end/3_standby_3"},{"time":0.6666,"name":"images/mask_end/3_standby_1"}],"color":[{"time":0,"color":"ffffffff","curve":"stepped"},{"time":0.6666,"color":"ffffffff"}]}},"bones":{"bone":{"rotate":[{"time":0,"angle":0,"curve":"stepped"},{"time":0.6666,"angle":0}],"translate":[{"time":0,"x":0,"y":0,"curve":"stepped"},{"time":0.6666,"x":0,"y":0}],"scale":[{"time":0,"x":1,"y":1,"curve":"stepped"},{"time":0.6666,"x":1,"y":1}]},"broom":{"rotate":[{"time":0,"angle":0,"curve":"stepped"},{"time":0.6666,"angle":0}],"translate":[{"time":0,"x":0,"y":0,"curve":"stepped"},{"time":0.6666,"x":0,"y":0}],"scale":[{"time":0,"x":1,"y":1,"curve":"stepped"},{"time":0.6666,"x":1,"y":1}]},"mask":{"rotate":[{"time":0,"angle":0,"curve":"stepped"},{"time":0.6666,"angle":0}],"translate":[{"time":0,"x":0,"y":86.87,"curve":"stepped"},{"time":0.6666,"x":0,"y":86.87}],"scale":[{"time":0,"x":1,"y":1,"curve":"stepped"},{"time":0.6666,"x":1,"y":1}]}},"drawOrder":[{"time":0,"offsets":[{"slot":"broom_run","offset":1}]},{"time":0.6666,"offsets":[{"slot":"broom_run","offset":1}]}]},"stand4":{"slots":{"broom_run":{"attachment":[{"time":0,"name":null},{"time":0.6666,"name":null}],"color":[{"time":0,"color":"ffffffff","curve":"stepped"},{"time":0.6666,"color":"ffffffff"}]},"broom_standby":{"attachment":[{"time":0,"name":null},{"time":0.6666,"name":null}],"color":[{"time":0,"color":"ffffffff","curve":"stepped"},{"time":0.6666,"color":"ffffffff"}]},"mask":{"attachment":[{"time":0,"name":"images/mask_end/4_standby_1"},{"time":0.1666,"name":"images/mask_end/4_standby_3"},{"time":0.3333,"name":"images/mask_end/4_standby_5"},{"time":0.5,"name":"images/mask_end/4_standby_3"},{"time":0.6666,"name":"images/mask_end/4_standby_1"}],"color":[{"time":0,"color":"ffffffff","curve":"stepped"},{"time":0.6666,"color":"ffffffff"}]}},"bones":{"bone":{"rotate":[{"time":0,"angle":0,"curve":"stepped"},{"time":0.6666,"angle":0}],"translate":[{"time":0,"x":0,"y":0,"curve":"stepped"},{"time":0.6666,"x":0,"y":0}],"scale":[{"time":0,"x":1,"y":1,"curve":"stepped"},{"time":0.6666,"x":1,"y":1}]},"broom":{"rotate":[{"time":0,"angle":0,"curve":"stepped"},{"time":0.6666,"angle":0}],"translate":[{"time":0,"x":0,"y":0,"curve":"stepped"},{"time":0.6666,"x":0,"y":0}],"scale":[{"time":0,"x":1,"y":1,"curve":"stepped"},{"time":0.6666,"x":1,"y":1}]},"mask":{"rotate":[{"time":0,"angle":0,"curve":"stepped"},{"time":0.6666,"angle":0}],"translate":[{"time":0,"x":0,"y":88.08,"curve":"stepped"},{"time":0.6666,"x":0,"y":88.08}],"scale":[{"time":0,"x":1,"y":1,"curve":"stepped"},{"time":0.6666,"x":1,"y":1}]}},"drawOrder":[{"time":0,"offsets":[{"slot":"broom_run","offset":1}]},{"time":0.6666,"offsets":[{"slot":"broom_run","offset":1}]}]},"stand5":{"slots":{"broom_run":{"attachment":[{"time":0,"name":null},{"time":0.6666,"name":null}],"color":[{"time":0,"color":"ffffffff","curve":"stepped"},{"time":0.6666,"color":"ffffffff"}]},"broom_standby":{"attachment":[{"time":0,"name":null},{"time":0.6666,"name":null}],"color":[{"time":0,"color":"ffffffff","curve":"stepped"},{"time":0.6666,"color":"ffffffff"}]},"mask":{"attachment":[{"time":0,"name":"images/mask_end/3_standby_1"},{"time":0.1666,"name":"images/mask_end/3_standby_3"},{"time":0.3333,"name":"images/mask_end/3_standby_5"},{"time":0.5,"name":"images/mask_end/3_standby_3"},{"time":0.6666,"name":"images/mask_end/3_standby_1"}],"color":[{"time":0,"color":"ffffffff","curve":"stepped"},{"time":0.6666,"color":"ffffffff"}]}},"bones":{"bone":{"rotate":[{"time":0,"angle":0,"curve":"stepped"},{"time":0.6666,"angle":0}],"translate":[{"time":0,"x":0,"y":0,"curve":"stepped"},{"time":0.6666,"x":0,"y":0}],"scale":[{"time":0,"x":-1,"y":1,"curve":"stepped"},{"time":0.6666,"x":-1,"y":1}]},"broom":{"rotate":[{"time":0,"angle":0,"curve":"stepped"},{"time":0.6666,"angle":0}],"translate":[{"time":0,"x":0,"y":0,"curve":"stepped"},{"time":0.6666,"x":0,"y":0}],"scale":[{"time":0,"x":-1,"y":1,"curve":"stepped"},{"time":0.6666,"x":-1,"y":1}]},"mask":{"rotate":[{"time":0,"angle":0,"curve":"stepped"},{"time":0.6666,"angle":0}],"translate":[{"time":0,"x":0,"y":86.87,"curve":"stepped"},{"time":0.6666,"x":0,"y":86.87}],"scale":[{"time":0,"x":-1,"y":1,"curve":"stepped"},{"time":0.6666,"x":-1,"y":1}]}},"drawOrder":[{"time":0,"offsets":[{"slot":"broom_run","offset":1}]},{"time":0.6666,"offsets":[{"slot":"broom_run","offset":1}]}]},"stand6":{"slots":{"broom_run":{"attachment":[{"time":0,"name":null},{"time":0.6666,"name":null}],"color":[{"time":0,"color":"ffffffff","curve":"stepped"},{"time":0.6666,"color":"ffffffff"}]},"broom_standby":{"attachment":[{"time":0,"name":null},{"time":0.1666,"name":"images/broom_standby/2_standby_3"},{"time":0.3333,"name":"images/broom_standby/2_standby_5"},{"time":0.5,"name":"images/broom_standby/2_standby_3"},{"time":0.6666,"name":"images/broom_standby/2_standby_3"}],"color":[{"time":0,"color":"ffffffff","curve":"stepped"},{"time":0.6666,"color":"ffffffff"}]},"mask":{"attachment":[{"time":0,"name":"images/mask_end/2_standby_1"},{"time":0.1666,"name":null},{"time":0.6666,"name":"images/mask_end/2_standby_1"}],"color":[{"time":0,"color":"ffffffff","curve":"stepped"},{"time":0.6666,"color":"ffffffff"}]}},"bones":{"bone":{"rotate":[{"time":0,"angle":0,"curve":"stepped"},{"time":0.6666,"angle":0}],"translate":[{"time":0,"x":0,"y":0,"curve":"stepped"},{"time":0.6666,"x":0,"y":0}],"scale":[{"time":0,"x":-1,"y":1,"curve":"stepped"},{"time":0.6666,"x":-1,"y":1}]},"broom":{"rotate":[{"time":0,"angle":0,"curve":"stepped"},{"time":0.6666,"angle":0}],"translate":[{"time":0,"x":0,"y":1.52,"curve":"stepped"},{"time":0.6666,"x":0,"y":1.52}],"scale":[{"time":0,"x":-1,"y":1,"curve":"stepped"},{"time":0.6666,"x":-1,"y":1}]},"mask":{"rotate":[{"time":0,"angle":0,"curve":"stepped"},{"time":0.6666,"angle":0}],"translate":[{"time":0,"x":0,"y":88.39,"curve":"stepped"},{"time":0.6666,"x":0,"y":88.39}],"scale":[{"time":0,"x":-1,"y":1,"curve":"stepped"},{"time":0.6666,"x":-1,"y":1}]}},"drawOrder":[{"time":0},{"time":0.6666}]},"stand7":{"slots":{"broom_run":{"attachment":[{"time":0,"name":null},{"time":0.6666,"name":null}],"color":[{"time":0,"color":"ffffffff","curve":"stepped"},{"time":0.6666,"color":"ffffffff"}]},"broom_standby":{"attachment":[{"time":0,"name":"images/broom_standby/1_standby_1"},{"time":0.1666,"name":"images/broom_standby/1_standby_3"},{"time":0.3333,"name":"images/broom_standby/1_standby_5"},{"time":0.5,"name":"images/broom_standby/1_standby_3"},{"time":0.6666,"name":"images/broom_standby/1_standby_1"}],"color":[{"time":0,"color":"ffffffff","curve":"stepped"},{"time":0.6666,"color":"ffffffff"}]},"mask":{"attachment":[{"time":0,"name":null},{"time":0.6666,"name":null}],"color":[{"time":0,"color":"ffffffff","curve":"stepped"},{"time":0.6666,"color":"ffffffff"}]}},"bones":{"bone":{"rotate":[{"time":0,"angle":0,"curve":"stepped"},{"time":0.6666,"angle":0}],"translate":[{"time":0,"x":0,"y":0,"curve":"stepped"},{"time":0.6666,"x":0,"y":0}],"scale":[{"time":0,"x":-1,"y":1,"curve":"stepped"},{"time":0.6666,"x":-1,"y":1}]},"broom":{"rotate":[{"time":0,"angle":0,"curve":"stepped"},{"time":0.6666,"angle":0}],"translate":[{"time":0,"x":0,"y":0,"curve":"stepped"},{"time":0.6666,"x":0,"y":0}],"scale":[{"time":0,"x":-1,"y":1,"curve":"stepped"},{"time":0.6666,"x":-1,"y":1}]},"mask":{"rotate":[{"time":0,"angle":0,"curve":"stepped"},{"time":0.6666,"angle":0}],"translate":[{"time":0,"x":0,"y":0,"curve":"stepped"},{"time":0.6666,"x":0,"y":0}],"scale":[{"time":0,"x":1,"y":1,"curve":"stepped"},{"time":0.6666,"x":1,"y":1}]}},"drawOrder":[{"time":0},{"time":0.6666}]},"victory":{"slots":{"broom_run":{"attachment":[{"time":0,"name":null},{"time":1.1666,"name":null}],"color":[{"time":0,"color":"ffffffff","curve":"stepped"},{"time":1.1666,"color":"ffffffff"}]},"broom_standby":{"attachment":[{"time":0,"name":null},{"time":0.0333,"name":null},{"time":1.1666,"name":null}],"color":[{"time":0,"color":"ffffffff","curve":"stepped"},{"time":1.1666,"color":"ffffffff"}]},"mask":{"attachment":[{"time":0,"name":"images/mask_end/4_standby_1"},{"time":0.0333,"name":"images/mask_end/4_victory_1"},{"time":0.1333,"name":"images/mask_end/4_victory_2"},{"time":0.3,"name":"images/mask_end/4_victory_3"},{"time":0.3666,"name":"images/mask_end/4_victory_4"},{"time":0.4333,"name":"images/mask_end/4_victory_5"},{"time":0.5333,"name":"images/mask_end/4_victory_6"},{"time":0.6666,"name":"images/mask_end/4_victory_7"},{"time":0.7,"name":"images/mask_end/4_victory_8"},{"time":0.8,"name":"images/mask_end/4_standby_1"},{"time":1.1666,"name":"images/mask_end/4_standby_1"}],"color":[{"time":0,"color":"ffffffff","curve":"stepped"},{"time":1.1666,"color":"ffffffff"}]}},"bones":{"bone":{"rotate":[{"time":0,"angle":0,"curve":"stepped"},{"time":1.1666,"angle":0}],"translate":[{"time":0,"x":0,"y":0,"curve":"stepped"},{"time":0.8,"x":0,"y":0,"curve":"stepped"},{"time":1.1666,"x":0,"y":0}],"scale":[{"time":0,"x":1,"y":1,"curve":"stepped"},{"time":1.1666,"x":1,"y":1}]},"broom":{"rotate":[{"time":0,"angle":0,"curve":"stepped"},{"time":1.1666,"angle":0}],"translate":[{"time":0,"x":0,"y":0,"curve":"stepped"},{"time":1.1666,"x":0,"y":0}],"scale":[{"time":0,"x":1,"y":1,"curve":"stepped"},{"time":1.1666,"x":1,"y":1}]},"mask":{"rotate":[{"time":0,"angle":0,"curve":"stepped"},{"time":1.1666,"angle":0}],"translate":[{"time":0,"x":0,"y":86.87,"curve":"stepped"},{"time":0.0333,"x":0,"y":74.01,"curve":"stepped"},{"time":0.7,"x":0,"y":74.01,"curve":"stepped"},{"time":0.8,"x":0,"y":86.87,"curve":"stepped"},{"time":1.1666,"x":0,"y":86.87}],"scale":[{"time":0,"x":1,"y":1,"curve":"stepped"},{"time":1.1666,"x":1,"y":1}]}},"drawOrder":[{"time":0,"offsets":[{"slot":"broom_run","offset":1}]},{"time":0.0333,"offsets":[{"slot":"broom_run","offset":1}]},{"time":1.1666}]}}}