{"skeleton":{"hash":"ExxUpVzkyWrLxT/xZdJmaki7m9E","spine":"2.1.27","width":0,"height":0,"images":""},"bones":[{"name":"root","scaleX":0.65,"scaleY":0.65},{"name":"broom","parent":"root","length":11,"y":70,"scaleX":-1,"color":"ff1d00ff"},{"name":"mask","parent":"root","length":11,"scaleX":-1,"color":"ffd000ff"}],"slots":[{"name":"broom_run","bone":"broom"},{"name":"broom_standby","bone":"broom"},{"name":"mask","bone":"mask"}],"skins":{"default":{"broom_run":{"images/broom_run/0_move_1":{"width":1024,"height":1024},"images/broom_run/0_move_3":{"width":1024,"height":1024},"images/broom_run/0_move_5":{"width":1024,"height":1024},"images/broom_run/0_move_7":{"width":1024,"height":1024},"images/broom_run/1_move_1":{"width":1024,"height":1024},"images/broom_run/1_move_3":{"width":1024,"height":1024},"images/broom_run/1_move_5":{"width":1024,"height":1024},"images/broom_run/1_move_7":{"width":1024,"height":1024},"images/broom_run/2_move_1":{"width":1024,"height":1024}},"broom_standby":{"images/broom_standby/0_standby_1":{"width":1024,"height":1024},"images/broom_standby/0_standby_3":{"width":1024,"height":1024},"images/broom_standby/0_standby_5":{"width":1024,"height":1024},"images/broom_standby/1_standby_1":{"width":1024,"height":1024},"images/broom_standby/1_standby_3":{"width":1024,"height":1024},"images/broom_standby/1_standby_5":{"width":1024,"height":1024},"images/broom_standby/2_standby_1":{"width":1024,"height":1024},"images/broom_standby/2_standby_3":{"width":1024,"height":1024},"images/broom_standby/2_standby_5":{"width":1024,"height":1024}},"mask":{"images/mask_end/d_00":{"scaleX":-1,"width":1034,"height":1200},"images/mask_end/d_01":{"scaleX":-1,"width":1034,"height":1200},"images/mask_end/d_02":{"scaleX":-1,"width":1034,"height":1200},"images/mask_end/d_03":{"scaleX":-1,"width":1034,"height":1200},"images/mask_end/d_04":{"scaleX":-1,"width":1034,"height":1200},"images/mask_end/d_05":{"scaleX":-1,"width":1034,"height":1200},"images/mask_end/d_06":{"scaleX":-1,"width":1034,"height":1200},"images/mask_end/r2_01":{"scaleX":-1,"width":1024,"height":1039},"images/mask_end/r2_02":{"scaleX":-1,"width":1024,"height":1039},"images/mask_end/r2_03":{"scaleX":-1,"width":1024,"height":1039},"images/mask_end/r3_00":{"scaleX":-1,"width":1024,"height":1039},"images/mask_end/r3_01":{"scaleX":-1,"width":1024,"height":1039},"images/mask_end/r3_02":{"scaleX":-1,"width":1024,"height":1039},"images/mask_end/r3_03":{"scaleX":-1,"width":1024,"height":1039},"images/mask_end/r4_00":{"scaleX":-1,"width":1024,"height":1039},"images/mask_end/r4_01":{"scaleX":-1,"width":1024,"height":1039},"images/mask_end/r4_02":{"scaleX":-1,"width":1024,"height":1039},"images/mask_end/r4_03":{"scaleX":-1,"width":1024,"height":1039},"images/mask_end/s3_00":{"scaleX":-1,"width":1024,"height":1039},"images/mask_end/s3_01":{"scaleX":-1,"width":1024,"height":1039},"images/mask_end/s3_02":{"scaleX":-1,"width":1024,"height":1039},"images/mask_end/s4_00":{"scaleX":-1,"width":1024,"height":1039},"images/mask_end/s4_01":{"scaleX":-1,"width":1024,"height":1039},"images/mask_end/s4_02":{"scaleX":-1,"width":1024,"height":1039},"images/mask_end/v_00":{"scaleX":-1,"width":1024,"height":1061},"images/mask_end/v_01":{"scaleX":-1,"width":1024,"height":1061},"images/mask_end/v_02":{"scaleX":-1,"width":1024,"height":1061},"images/mask_end/v_03":{"scaleX":-1,"width":1024,"height":1061},"images/mask_end/v_04":{"scaleX":-1,"width":1024,"height":1061},"images/mask_end/v_05":{"scaleX":-1,"width":1024,"height":1061},"images/mask_end/v_06":{"scaleX":-1,"width":1024,"height":1061},"images/mask_end/v_07":{"scaleX":-1,"width":1024,"height":1061}}}},"animations":{"drop":{"slots":{"broom_run":{"attachment":[{"time":0,"name":null},{"time":1.1666,"name":null}],"color":[{"time":0,"color":"ffffffff","curve":"stepped"},{"time":1.1666,"color":"ffffffff"}]},"broom_standby":{"attachment":[{"time":0,"name":null},{"time":1.1666,"name":null}],"color":[{"time":0,"color":"ffffffff","curve":"stepped"},{"time":1.1666,"color":"ffffffff"}]},"mask":{"attachment":[{"time":0,"name":"images/mask_end/s4_00"},{"time":0.0333,"name":"images/mask_end/d_00"},{"time":0.1666,"name":"images/mask_end/d_01"},{"time":0.3,"name":"images/mask_end/d_02"},{"time":0.4,"name":"images/mask_end/d_03"},{"time":0.5333,"name":"images/mask_end/d_04"},{"time":0.6333,"name":"images/mask_end/d_05"},{"time":0.7,"name":"images/mask_end/d_06"},{"time":0.8,"name":null},{"time":1.1666,"name":null}],"color":[{"time":0,"color":"ffffffff","curve":"stepped"},{"time":0.8,"color":"ffffffff","curve":[0,1,0.003,1]},{"time":1.1666,"color":"ffffff00"}]}},"bones":{"mask":{"rotate":[{"time":0,"angle":0,"curve":"stepped"},{"time":1.1666,"angle":0}],"translate":[{"time":0,"x":0,"y":77.53,"curve":"stepped"},{"time":0.0333,"x":0,"y":157.32,"curve":"stepped"},{"time":1.1666,"x":0,"y":157.32}],"scale":[{"time":0,"x":1,"y":1,"curve":"stepped"},{"time":1.1666,"x":1,"y":1}]},"broom":{"rotate":[{"time":0,"angle":0,"curve":"stepped"},{"time":1.1666,"angle":0}],"translate":[{"time":0,"x":0,"y":0,"curve":"stepped"},{"time":1.1666,"x":0,"y":0}],"scale":[{"time":0,"x":1,"y":1,"curve":"stepped"},{"time":1.1666,"x":1,"y":1}]}},"drawOrder":[{"time":0,"offsets":[{"slot":"broom_run","offset":1}]},{"time":1.1666}]},"freeze":{"slots":{"broom_run":{"attachment":[{"time":0,"name":null}],"color":[{"time":0,"color":"ffffffff"}]},"broom_standby":{"attachment":[{"time":0,"name":null}],"color":[{"time":0,"color":"ffffffff"}]},"mask":{"attachment":[{"time":0,"name":"images/mask_end/s4_00"}],"color":[{"time":0,"color":"ffffff56"}]}},"bones":{"mask":{"rotate":[{"time":0,"angle":0}],"translate":[{"time":0,"x":0,"y":77.53}],"scale":[{"time":0,"x":1,"y":1}]},"broom":{"rotate":[{"time":0,"angle":0}],"translate":[{"time":0,"x":0,"y":0}],"scale":[{"time":0,"x":1,"y":1}]}},"drawOrder":[{"time":0}]},"run0":{"slots":{"broom_run":{"attachment":[{"time":0,"name":"images/broom_run/0_move_1"},{"time":0.1666,"name":"images/broom_run/0_move_3"},{"time":0.3333,"name":"images/broom_run/0_move_5"},{"time":0.5,"name":"images/broom_run/0_move_7"},{"time":0.6666,"name":"images/broom_run/0_move_7"}],"color":[{"time":0,"color":"ffffffff","curve":"stepped"},{"time":0.6666,"color":"ffffffff"}]},"broom_standby":{"attachment":[{"time":0,"name":null},{"time":0.6666,"name":null}],"color":[{"time":0,"color":"ffffffff","curve":"stepped"},{"time":0.6666,"color":"ffffffff"}]},"mask":{"attachment":[{"time":0,"name":null},{"time":0.6666,"name":null}],"color":[{"time":0,"color":"ffffffff","curve":"stepped"},{"time":0.6666,"color":"ffffffff"}]}},"bones":{"broom":{"rotate":[{"time":0,"angle":0,"curve":"stepped"},{"time":0.6666,"angle":0}],"translate":[{"time":0,"x":0,"y":0,"curve":"stepped"},{"time":0.6666,"x":0,"y":0}],"scale":[{"time":0,"x":1,"y":1,"curve":"stepped"},{"time":0.6666,"x":1,"y":1}]},"mask":{"rotate":[{"time":0,"angle":0,"curve":"stepped"},{"time":0.6666,"angle":0}],"translate":[{"time":0,"x":0,"y":0,"curve":"stepped"},{"time":0.6666,"x":0,"y":0}],"scale":[{"time":0,"x":1,"y":1,"curve":"stepped"},{"time":0.6666,"x":1,"y":1}]}},"drawOrder":[{"time":0},{"time":0.6666}]},"run1":{"slots":{"broom_run":{"attachment":[{"time":0,"name":"images/broom_run/1_move_1"},{"time":0.1666,"name":"images/broom_run/1_move_3"},{"time":0.3333,"name":"images/broom_run/1_move_5"},{"time":0.5,"name":"images/broom_run/1_move_7"},{"time":0.6666,"name":"images/broom_run/1_move_7"}],"color":[{"time":0,"color":"ffffffff","curve":"stepped"},{"time":0.6666,"color":"ffffffff"}]},"broom_standby":{"attachment":[{"time":0,"name":null},{"time":0.6666,"name":null}],"color":[{"time":0,"color":"ffffffff","curve":"stepped"},{"time":0.6666,"color":"ffffffff"}]},"mask":{"attachment":[{"time":0,"name":null},{"time":0.6666,"name":null}],"color":[{"time":0,"color":"ffffffff","curve":"stepped"},{"time":0.6666,"color":"ffffffff"}]}},"bones":{"broom":{"rotate":[{"time":0,"angle":0,"curve":"stepped"},{"time":0.6666,"angle":0}],"translate":[{"time":0,"x":-2.5,"y":7.73,"curve":"stepped"},{"time":0.1666,"x":-2.04,"y":-3.76,"curve":"stepped"},{"time":0.3333,"x":-6.26,"y":8.77,"curve":"stepped"},{"time":0.5,"x":-5.01,"y":15.67,"curve":"stepped"},{"time":0.6666,"x":-5.01,"y":15.67}],"scale":[{"time":0,"x":1,"y":1,"curve":"stepped"},{"time":0.6666,"x":1,"y":1}]},"mask":{"rotate":[{"time":0,"angle":0,"curve":"stepped"},{"time":0.6666,"angle":0}],"translate":[{"time":0,"x":0,"y":0,"curve":"stepped"},{"time":0.6666,"x":0,"y":0}],"scale":[{"time":0,"x":1,"y":1,"curve":"stepped"},{"time":0.6666,"x":1,"y":1}]}},"drawOrder":[{"time":0},{"time":0.6666}]},"run2":{"slots":{"broom_run":{"attachment":[{"time":0,"name":"images/broom_run/2_move_1"},{"time":0.1666,"name":null},{"time":0.5,"name":null}],"color":[{"time":0,"color":"ffffffff","curve":"stepped"},{"time":0.5,"color":"ffffffff"}]},"broom_standby":{"attachment":[{"time":0,"name":null},{"time":0.5,"name":null}],"color":[{"time":0,"color":"ffffffff","curve":"stepped"},{"time":0.5,"color":"ffffffff"}]},"mask":{"attachment":[{"time":0,"name":null},{"time":0.1666,"name":"images/mask_end/r2_01"},{"time":0.3333,"name":"images/mask_end/r2_02"},{"time":0.5,"name":"images/mask_end/r2_03"}],"color":[{"time":0,"color":"ffffffff","curve":"stepped"},{"time":0.5,"color":"ffffffff"}]}},"bones":{"broom":{"rotate":[{"time":0,"angle":0,"curve":"stepped"},{"time":0.5,"angle":0}],"translate":[{"time":0,"x":-5.31,"y":6.83,"curve":"stepped"},{"time":0.5,"x":-5.31,"y":6.83}],"scale":[{"time":0,"x":1,"y":1,"curve":"stepped"},{"time":0.5,"x":1,"y":1}]},"mask":{"rotate":[{"time":0,"angle":0,"curve":"stepped"},{"time":0.5,"angle":0}],"translate":[{"time":0,"x":0,"y":77.53,"curve":"stepped"},{"time":0.1666,"x":-2.25,"y":80.91,"curve":"stepped"},{"time":0.5,"x":-2.25,"y":80.91}],"scale":[{"time":0,"x":1,"y":1,"curve":"stepped"},{"time":0.5,"x":1,"y":1}]}},"drawOrder":[{"time":0},{"time":0.5}]},"run3":{"slots":{"broom_run":{"attachment":[{"time":0,"name":null},{"time":0.6666,"name":null}],"color":[{"time":0,"color":"ffffffff","curve":"stepped"},{"time":0.6666,"color":"ffffffff"}]},"broom_standby":{"attachment":[{"time":0,"name":null},{"time":0.6666,"name":null}],"color":[{"time":0,"color":"ffffffff","curve":"stepped"},{"time":0.6666,"color":"ffffffff"}]},"mask":{"attachment":[{"time":0,"name":"images/mask_end/r3_00"},{"time":0.1666,"name":"images/mask_end/r3_01"},{"time":0.3333,"name":"images/mask_end/r3_02"},{"time":0.5,"name":"images/mask_end/r3_03"},{"time":0.6666,"name":"images/mask_end/r3_03"}],"color":[{"time":0,"color":"ffffffff","curve":"stepped"},{"time":0.6666,"color":"ffffffff"}]}},"bones":{"mask":{"rotate":[{"time":0,"angle":0,"curve":"stepped"},{"time":0.6666,"angle":0}],"translate":[{"time":0,"x":0,"y":77.53,"curve":"stepped"},{"time":0.6666,"x":0,"y":77.53}],"scale":[{"time":0,"x":1,"y":1,"curve":"stepped"},{"time":0.6666,"x":1,"y":1}]},"broom":{"rotate":[{"time":0,"angle":0,"curve":"stepped"},{"time":0.6666,"angle":0}],"translate":[{"time":0,"x":0,"y":0,"curve":"stepped"},{"time":0.6666,"x":0,"y":0}],"scale":[{"time":0,"x":1,"y":1,"curve":"stepped"},{"time":0.6666,"x":1,"y":1}]}},"drawOrder":[{"time":0},{"time":0.6666}]},"run4":{"slots":{"broom_run":{"attachment":[{"time":0,"name":null},{"time":0.6666,"name":null}],"color":[{"time":0,"color":"ffffffff","curve":"stepped"},{"time":0.6666,"color":"ffffffff"}]},"broom_standby":{"attachment":[{"time":0,"name":null},{"time":0.6666,"name":null}],"color":[{"time":0,"color":"ffffffff","curve":"stepped"},{"time":0.6666,"color":"ffffffff"}]},"mask":{"attachment":[{"time":0,"name":"images/mask_end/r4_00"},{"time":0.1666,"name":"images/mask_end/r4_01"},{"time":0.3333,"name":"images/mask_end/r4_02"},{"time":0.5,"name":"images/mask_end/r4_03"},{"time":0.6666,"name":"images/mask_end/r4_03"}],"color":[{"time":0,"color":"ffffffff","curve":"stepped"},{"time":0.6666,"color":"ffffffff"}]}},"bones":{"mask":{"rotate":[{"time":0,"angle":0,"curve":"stepped"},{"time":0.6666,"angle":0}],"translate":[{"time":0,"x":0,"y":77.53,"curve":"stepped"},{"time":0.6666,"x":0,"y":77.53}],"scale":[{"time":0,"x":1,"y":1,"curve":"stepped"},{"time":0.6666,"x":1,"y":1}]},"broom":{"rotate":[{"time":0,"angle":0,"curve":"stepped"},{"time":0.6666,"angle":0}],"translate":[{"time":0,"x":0,"y":0,"curve":"stepped"},{"time":0.6666,"x":0,"y":0}],"scale":[{"time":0,"x":1,"y":1,"curve":"stepped"},{"time":0.6666,"x":1,"y":1}]}},"drawOrder":[{"time":0},{"time":0.6666}]},"run5":{"slots":{"broom_run":{"attachment":[{"time":0,"name":null},{"time":0.6666,"name":null}],"color":[{"time":0,"color":"ffffffff","curve":"stepped"},{"time":0.6666,"color":"ffffffff"}]},"broom_standby":{"attachment":[{"time":0,"name":null},{"time":0.6666,"name":null}],"color":[{"time":0,"color":"ffffffff","curve":"stepped"},{"time":0.6666,"color":"ffffffff"}]},"mask":{"attachment":[{"time":0,"name":"images/mask_end/r3_00"},{"time":0.1666,"name":"images/mask_end/r3_01"},{"time":0.3333,"name":"images/mask_end/r3_02"},{"time":0.5,"name":"images/mask_end/r3_03"},{"time":0.6666,"name":"images/mask_end/r3_03"}],"color":[{"time":0,"color":"ffffffff","curve":"stepped"},{"time":0.6666,"color":"ffffffff"}]}},"bones":{"mask":{"rotate":[{"time":0,"angle":0,"curve":"stepped"},{"time":0.6666,"angle":0}],"translate":[{"time":0,"x":0,"y":77.53,"curve":"stepped"},{"time":0.6666,"x":0,"y":77.53}],"scale":[{"time":0,"x":-1,"y":1,"curve":"stepped"},{"time":0.6666,"x":-1,"y":1}]},"broom":{"rotate":[{"time":0,"angle":0,"curve":"stepped"},{"time":0.6666,"angle":0}],"translate":[{"time":0,"x":0,"y":0,"curve":"stepped"},{"time":0.6666,"x":0,"y":0}],"scale":[{"time":0,"x":1,"y":1,"curve":"stepped"},{"time":0.6666,"x":1,"y":1}]}},"drawOrder":[{"time":0},{"time":0.6666}]},"run6":{"slots":{"broom_run":{"attachment":[{"time":0,"name":"images/broom_run/2_move_1"},{"time":0.1666,"name":null},{"time":0.5,"name":null}],"color":[{"time":0,"color":"ffffffff","curve":"stepped"},{"time":0.5,"color":"ffffffff"}]},"broom_standby":{"attachment":[{"time":0,"name":null},{"time":0.5,"name":null}],"color":[{"time":0,"color":"ffffffff","curve":"stepped"},{"time":0.5,"color":"ffffffff"}]},"mask":{"attachment":[{"time":0,"name":null},{"time":0.1666,"name":"images/mask_end/r2_01"},{"time":0.3333,"name":"images/mask_end/r2_02"},{"time":0.5,"name":"images/mask_end/r2_03"}],"color":[{"time":0,"color":"ffffffff","curve":"stepped"},{"time":0.5,"color":"ffffffff"}]}},"bones":{"broom":{"rotate":[{"time":0,"angle":0,"curve":"stepped"},{"time":0.5,"angle":0}],"translate":[{"time":0,"x":0,"y":0,"curve":"stepped"},{"time":0.5,"x":0,"y":0}],"scale":[{"time":0,"x":-1,"y":1,"curve":"stepped"},{"time":0.5,"x":-1,"y":1}]},"mask":{"rotate":[{"time":0,"angle":0,"curve":"stepped"},{"time":0.5,"angle":0}],"translate":[{"time":0,"x":2.32,"y":81.26,"curve":"stepped"},{"time":0.5,"x":2.32,"y":81.26}],"scale":[{"time":0,"x":-1,"y":1,"curve":"stepped"},{"time":0.5,"x":-1,"y":1}]}},"drawOrder":[{"time":0},{"time":0.5}]},"run7":{"slots":{"broom_run":{"attachment":[{"time":0,"name":"images/broom_run/1_move_1"},{"time":0.1666,"name":"images/broom_run/1_move_3"},{"time":0.3333,"name":"images/broom_run/1_move_5"},{"time":0.5,"name":"images/broom_run/1_move_7"},{"time":0.6666,"name":"images/broom_run/1_move_7"}],"color":[{"time":0,"color":"ffffffff","curve":"stepped"},{"time":0.6666,"color":"ffffffff"}]},"broom_standby":{"attachment":[{"time":0,"name":null},{"time":0.6666,"name":null}],"color":[{"time":0,"color":"ffffffff","curve":"stepped"},{"time":0.6666,"color":"ffffffff"}]},"mask":{"attachment":[{"time":0,"name":null},{"time":0.6666,"name":null}],"color":[{"time":0,"color":"ffffffff","curve":"stepped"},{"time":0.6666,"color":"ffffffff"}]}},"bones":{"broom":{"rotate":[{"time":0,"angle":0,"curve":"stepped"},{"time":0.6666,"angle":0}],"translate":[{"time":0,"x":0,"y":0,"curve":"stepped"},{"time":0.1666,"x":2.53,"y":-10.12,"curve":"stepped"},{"time":0.3333,"x":6.75,"y":1.68,"curve":"stepped"},{"time":0.5,"x":5.9,"y":5.06,"curve":"stepped"},{"time":0.6666,"x":5.9,"y":5.06}],"scale":[{"time":0,"x":-1,"y":1,"curve":"stepped"},{"time":0.6666,"x":-1,"y":1}]},"mask":{"rotate":[{"time":0,"angle":0,"curve":"stepped"},{"time":0.6666,"angle":0}],"translate":[{"time":0,"x":0,"y":0,"curve":"stepped"},{"time":0.6666,"x":0,"y":0}],"scale":[{"time":0,"x":1,"y":1,"curve":"stepped"},{"time":0.6666,"x":1,"y":1}]}},"drawOrder":[{"time":0},{"time":0.6666}]},"stand0":{"slots":{"broom_run":{"attachment":[{"time":0,"name":null},{"time":0.6666,"name":null}],"color":[{"time":0,"color":"ffffffff","curve":"stepped"},{"time":0.6666,"color":"ffffffff"}]},"broom_standby":{"attachment":[{"time":0,"name":"images/broom_standby/0_standby_1"},{"time":0.1666,"name":"images/broom_standby/0_standby_3"},{"time":0.3333,"name":"images/broom_standby/0_standby_5"},{"time":0.5,"name":"images/broom_standby/0_standby_3"},{"time":0.6666,"name":"images/broom_standby/0_standby_1"}],"color":[{"time":0,"color":"ffffffff","curve":"stepped"},{"time":0.6666,"color":"ffffffff"}]},"mask":{"attachment":[{"time":0,"name":null},{"time":0.6666,"name":null}],"color":[{"time":0,"color":"ffffffff","curve":"stepped"},{"time":0.6666,"color":"ffffffff"}]}},"bones":{"broom":{"rotate":[{"time":0,"angle":0,"curve":"stepped"},{"time":0.6666,"angle":0}],"translate":[{"time":0,"x":0,"y":0,"curve":"stepped"},{"time":0.6666,"x":0,"y":0}],"scale":[{"time":0,"x":1,"y":1,"curve":"stepped"},{"time":0.6666,"x":1,"y":1}]},"mask":{"rotate":[{"time":0,"angle":0,"curve":"stepped"},{"time":0.6666,"angle":0}],"translate":[{"time":0,"x":0,"y":0,"curve":"stepped"},{"time":0.6666,"x":0,"y":0}],"scale":[{"time":0,"x":1,"y":1,"curve":"stepped"},{"time":0.6666,"x":1,"y":1}]}},"drawOrder":[{"time":0},{"time":0.6666}]},"stand1":{"slots":{"broom_run":{"attachment":[{"time":0,"name":null},{"time":0.6666,"name":null}],"color":[{"time":0,"color":"ffffffff","curve":"stepped"},{"time":0.6666,"color":"ffffffff"}]},"broom_standby":{"attachment":[{"time":0,"name":"images/broom_standby/1_standby_1"},{"time":0.1666,"name":"images/broom_standby/1_standby_3"},{"time":0.3333,"name":"images/broom_standby/1_standby_5"},{"time":0.5,"name":"images/broom_standby/1_standby_3"},{"time":0.6666,"name":"images/broom_standby/1_standby_1"}],"color":[{"time":0,"color":"ffffffff","curve":"stepped"},{"time":0.6666,"color":"ffffffff"}]},"mask":{"attachment":[{"time":0,"name":null},{"time":0.6666,"name":null}],"color":[{"time":0,"color":"ffffffff","curve":"stepped"},{"time":0.6666,"color":"ffffffff"}]}},"bones":{"broom":{"rotate":[{"time":0,"angle":0,"curve":"stepped"},{"time":0.6666,"angle":0}],"translate":[{"time":0,"x":0,"y":0,"curve":"stepped"},{"time":0.6666,"x":0,"y":0}],"scale":[{"time":0,"x":1,"y":1,"curve":"stepped"},{"time":0.6666,"x":1,"y":1}]},"mask":{"rotate":[{"time":0,"angle":0,"curve":"stepped"},{"time":0.6666,"angle":0}],"translate":[{"time":0,"x":0,"y":0,"curve":"stepped"},{"time":0.6666,"x":0,"y":0}],"scale":[{"time":0,"x":1,"y":1,"curve":"stepped"},{"time":0.6666,"x":1,"y":1}]}},"drawOrder":[{"time":0},{"time":0.6666}]},"stand2":{"slots":{"broom_run":{"attachment":[{"time":0,"name":null},{"time":0.6666,"name":null}],"color":[{"time":0,"color":"ffffffff","curve":"stepped"},{"time":0.6666,"color":"ffffffff"}]},"broom_standby":{"attachment":[{"time":0,"name":"images/broom_standby/2_standby_1"},{"time":0.1666,"name":"images/broom_standby/2_standby_3"},{"time":0.3333,"name":"images/broom_standby/2_standby_5"},{"time":0.5,"name":"images/broom_standby/2_standby_3"},{"time":0.6666,"name":"images/broom_standby/2_standby_1"}],"color":[{"time":0,"color":"ffffffff","curve":"stepped"},{"time":0.6666,"color":"ffffffff"}]},"mask":{"attachment":[{"time":0,"name":null},{"time":0.6666,"name":null}],"color":[{"time":0,"color":"ffffffff","curve":"stepped"},{"time":0.6666,"color":"ffffffff"}]}},"bones":{"broom":{"rotate":[{"time":0,"angle":0,"curve":"stepped"},{"time":0.6666,"angle":0}],"translate":[{"time":0,"x":-3.41,"y":10.71,"curve":"stepped"},{"time":0.6666,"x":-3.41,"y":10.71}],"scale":[{"time":0,"x":1,"y":1,"curve":"stepped"},{"time":0.6666,"x":1,"y":1}]},"mask":{"rotate":[{"time":0,"angle":0,"curve":"stepped"},{"time":0.6666,"angle":0}],"translate":[{"time":0,"x":0,"y":0,"curve":"stepped"},{"time":0.6666,"x":0,"y":0}],"scale":[{"time":0,"x":1,"y":1,"curve":"stepped"},{"time":0.6666,"x":1,"y":1}]}},"drawOrder":[{"time":0},{"time":0.6666}]},"stand3":{"slots":{"broom_run":{"attachment":[{"time":0,"name":null},{"time":0.6666,"name":null}],"color":[{"time":0,"color":"ffffffff","curve":"stepped"},{"time":0.6666,"color":"ffffffff"}]},"broom_standby":{"attachment":[{"time":0,"name":null},{"time":0.6666,"name":null}],"color":[{"time":0,"color":"ffffffff","curve":"stepped"},{"time":0.6666,"color":"ffffffff"}]},"mask":{"attachment":[{"time":0,"name":"images/mask_end/s3_00"},{"time":0.1666,"name":"images/mask_end/s3_01"},{"time":0.3333,"name":"images/mask_end/s3_02"},{"time":0.5,"name":"images/mask_end/s3_01"},{"time":0.6666,"name":"images/mask_end/s3_00"}],"color":[{"time":0,"color":"ffffffff","curve":"stepped"},{"time":0.6666,"color":"ffffffff"}]}},"bones":{"mask":{"rotate":[{"time":0,"angle":0,"curve":"stepped"},{"time":0.6666,"angle":0}],"translate":[{"time":0,"x":0,"y":77.53,"curve":"stepped"},{"time":0.6666,"x":0,"y":77.53}],"scale":[{"time":0,"x":1,"y":1,"curve":"stepped"},{"time":0.6666,"x":1,"y":1}]},"broom":{"rotate":[{"time":0,"angle":0,"curve":"stepped"},{"time":0.6666,"angle":0}],"translate":[{"time":0,"x":0,"y":0,"curve":"stepped"},{"time":0.6666,"x":0,"y":0}],"scale":[{"time":0,"x":1,"y":1,"curve":"stepped"},{"time":0.6666,"x":1,"y":1}]}},"drawOrder":[{"time":0},{"time":0.6666}]},"stand4":{"slots":{"broom_run":{"attachment":[{"time":0,"name":null},{"time":0.6666,"name":null}],"color":[{"time":0,"color":"ffffffff","curve":"stepped"},{"time":0.6666,"color":"ffffffff"}]},"broom_standby":{"attachment":[{"time":0,"name":null},{"time":0.6666,"name":null}],"color":[{"time":0,"color":"ffffffff","curve":"stepped"},{"time":0.6666,"color":"ffffffff"}]},"mask":{"attachment":[{"time":0,"name":"images/mask_end/s4_00"},{"time":0.1666,"name":"images/mask_end/s4_01"},{"time":0.3333,"name":"images/mask_end/s4_02"},{"time":0.5,"name":"images/mask_end/s4_01"},{"time":0.6666,"name":"images/mask_end/s4_00"}],"color":[{"time":0,"color":"ffffffff","curve":"stepped"},{"time":0.6666,"color":"ffffffff"}]}},"bones":{"mask":{"rotate":[{"time":0,"angle":0,"curve":"stepped"},{"time":0.6666,"angle":0}],"translate":[{"time":0,"x":0,"y":77.53,"curve":"stepped"},{"time":0.6666,"x":0,"y":77.53}],"scale":[{"time":0,"x":1,"y":1,"curve":"stepped"},{"time":0.6666,"x":1,"y":1}]},"broom":{"rotate":[{"time":0,"angle":0,"curve":"stepped"},{"time":0.6666,"angle":0}],"translate":[{"time":0,"x":0,"y":0,"curve":"stepped"},{"time":0.6666,"x":0,"y":0}],"scale":[{"time":0,"x":1,"y":1,"curve":"stepped"},{"time":0.6666,"x":1,"y":1}]}},"drawOrder":[{"time":0},{"time":0.6666}]},"stand5":{"slots":{"broom_run":{"attachment":[{"time":0,"name":null},{"time":0.6666,"name":null}],"color":[{"time":0,"color":"ffffffff","curve":"stepped"},{"time":0.6666,"color":"ffffffff"}]},"broom_standby":{"attachment":[{"time":0,"name":null},{"time":0.6666,"name":null}],"color":[{"time":0,"color":"ffffffff","curve":"stepped"},{"time":0.6666,"color":"ffffffff"}]},"mask":{"attachment":[{"time":0,"name":"images/mask_end/s3_00"},{"time":0.1666,"name":"images/mask_end/s3_01"},{"time":0.3333,"name":"images/mask_end/s3_02"},{"time":0.5,"name":"images/mask_end/s3_01"},{"time":0.6666,"name":"images/mask_end/s3_00"}],"color":[{"time":0,"color":"ffffffff","curve":"stepped"},{"time":0.6666,"color":"ffffffff"}]}},"bones":{"mask":{"rotate":[{"time":0,"angle":0,"curve":"stepped"},{"time":0.6666,"angle":0}],"translate":[{"time":0,"x":0,"y":77.53,"curve":"stepped"},{"time":0.6666,"x":0,"y":77.53}],"scale":[{"time":0,"x":-1,"y":1,"curve":"stepped"},{"time":0.6666,"x":-1,"y":1}]},"broom":{"rotate":[{"time":0,"angle":0,"curve":"stepped"},{"time":0.6666,"angle":0}],"translate":[{"time":0,"x":0,"y":0,"curve":"stepped"},{"time":0.6666,"x":0,"y":0}],"scale":[{"time":0,"x":1,"y":1,"curve":"stepped"},{"time":0.6666,"x":1,"y":1}]}},"drawOrder":[{"time":0},{"time":0.6666}]},"stand6":{"slots":{"broom_run":{"attachment":[{"time":0,"name":null},{"time":0.6666,"name":null}],"color":[{"time":0,"color":"ffffffff","curve":"stepped"},{"time":0.6666,"color":"ffffffff"}]},"broom_standby":{"attachment":[{"time":0,"name":"images/broom_standby/2_standby_1"},{"time":0.1666,"name":"images/broom_standby/2_standby_3"},{"time":0.3333,"name":"images/broom_standby/2_standby_5"},{"time":0.5,"name":"images/broom_standby/2_standby_3"},{"time":0.6666,"name":"images/broom_standby/2_standby_1"}],"color":[{"time":0,"color":"ffffffff","curve":"stepped"},{"time":0.6666,"color":"ffffffff"}]},"mask":{"attachment":[{"time":0,"name":null},{"time":0.6666,"name":null}],"color":[{"time":0,"color":"ffffffff","curve":"stepped"},{"time":0.6666,"color":"ffffffff"}]}},"bones":{"broom":{"rotate":[{"time":0,"angle":0,"curve":"stepped"},{"time":0.6666,"angle":0}],"translate":[{"time":0,"x":4.38,"y":11.91,"curve":"stepped"},{"time":0.6666,"x":4.38,"y":11.91}],"scale":[{"time":0,"x":-1,"y":1,"curve":"stepped"},{"time":0.6666,"x":-1,"y":1}]},"mask":{"rotate":[{"time":0,"angle":0,"curve":"stepped"},{"time":0.6666,"angle":0}],"translate":[{"time":0,"x":0,"y":0,"curve":"stepped"},{"time":0.6666,"x":0,"y":0}],"scale":[{"time":0,"x":1,"y":1,"curve":"stepped"},{"time":0.6666,"x":1,"y":1}]}},"drawOrder":[{"time":0},{"time":0.6666}]},"stand7":{"slots":{"broom_run":{"attachment":[{"time":0,"name":null},{"time":0.6666,"name":null}],"color":[{"time":0,"color":"ffffffff","curve":"stepped"},{"time":0.6666,"color":"ffffffff"}]},"broom_standby":{"attachment":[{"time":0,"name":"images/broom_standby/1_standby_1"},{"time":0.1666,"name":"images/broom_standby/1_standby_3"},{"time":0.3333,"name":"images/broom_standby/1_standby_5"},{"time":0.5,"name":"images/broom_standby/1_standby_3"},{"time":0.6666,"name":"images/broom_standby/1_standby_1"}],"color":[{"time":0,"color":"ffffffff","curve":"stepped"},{"time":0.6666,"color":"ffffffff"}]},"mask":{"attachment":[{"time":0,"name":null},{"time":0.6666,"name":null}],"color":[{"time":0,"color":"ffffffff","curve":"stepped"},{"time":0.6666,"color":"ffffffff"}]}},"bones":{"broom":{"rotate":[{"time":0,"angle":0,"curve":"stepped"},{"time":0.6666,"angle":0}],"translate":[{"time":0,"x":0,"y":0,"curve":"stepped"},{"time":0.6666,"x":0,"y":0}],"scale":[{"time":0,"x":-1,"y":1,"curve":"stepped"},{"time":0.6666,"x":-1,"y":1}]},"mask":{"rotate":[{"time":0,"angle":0,"curve":"stepped"},{"time":0.6666,"angle":0}],"translate":[{"time":0,"x":0,"y":0,"curve":"stepped"},{"time":0.6666,"x":0,"y":0}],"scale":[{"time":0,"x":1,"y":1,"curve":"stepped"},{"time":0.6666,"x":1,"y":1}]}},"drawOrder":[{"time":0},{"time":0.6666}]},"victory":{"slots":{"broom_run":{"attachment":[{"time":0,"name":null},{"time":0.8,"name":null}],"color":[{"time":0,"color":"ffffffff","curve":"stepped"},{"time":0.8,"color":"ffffffff"}]},"broom_standby":{"attachment":[{"time":0,"name":null},{"time":0.8,"name":null}],"color":[{"time":0,"color":"ffffffff","curve":"stepped"},{"time":0.8,"color":"ffffffff"}]},"mask":{"attachment":[{"time":0,"name":"images/mask_end/s4_00"},{"time":0.0333,"name":"images/mask_end/v_00"},{"time":0.1333,"name":"images/mask_end/v_01"},{"time":0.3,"name":"images/mask_end/v_02"},{"time":0.3666,"name":"images/mask_end/v_03"},{"time":0.4333,"name":"images/mask_end/v_04"},{"time":0.5333,"name":"images/mask_end/v_05"},{"time":0.6666,"name":"images/mask_end/v_06"},{"time":0.7,"name":"images/mask_end/v_07"},{"time":0.8,"name":"images/mask_end/s4_00"}],"color":[{"time":0,"color":"ffffffff","curve":"stepped"},{"time":0.8,"color":"ffffffff"}]}},"bones":{"mask":{"rotate":[{"time":0,"angle":0,"curve":"stepped"},{"time":0.8,"angle":0}],"translate":[{"time":0,"x":0,"y":77.53,"curve":"stepped"},{"time":0.0333,"x":0,"y":67.64,"curve":"stepped"},{"time":0.8,"x":0,"y":77.53}],"scale":[{"time":0,"x":1,"y":1,"curve":"stepped"},{"time":0.8,"x":1,"y":1}]},"broom":{"rotate":[{"time":0,"angle":0,"curve":"stepped"},{"time":0.8,"angle":0}],"translate":[{"time":0,"x":0,"y":0,"curve":"stepped"},{"time":0.8,"x":0,"y":0}],"scale":[{"time":0,"x":1,"y":1,"curve":"stepped"},{"time":0.8,"x":1,"y":1}]}},"drawOrder":[{"time":0},{"time":0.8}]}}}