{
    "mc": {
        "0_3_walk_0": {
            "frameRate": 7,
            "frames": [
                {
                    "res": "F0075C2A",
                    "x": 393,
                    "y": 310
                },
                {
                    "res": "9A1A2B6C",
                    "x": 394,
                    "y": 312
                },
                {
                    "res": "6ED2A6BE",
                    "x": 395,
                    "y": 313
                },
                {
                    "res": "7EC45437",
                    "x": 395,
                    "y": 310
                },
                {
                    "res": "227E67A7",
                    "x": 392,
                    "y": 312
                },
                {
                    "res": "F80B5403",
                    "x": 390,
                    "y": 314
                },
                {
                    "res": "A31D3A61",
                    "x": 392,
                    "y": 312
                }
            ]
        },
        "0_3_walk_1": {
            "frameRate": 7,
            "frames": [
                {
                    "res": "EC3A3185",
                    "x": 397,
                    "y": 309
                },
                {
                    "res": "5DF7C8D6",
                    "x": 399,
                    "y": 312
                },
                {
                    "res": "E2A22913",
                    "x": 404,
                    "y": 313
                },
                {
                    "res": "5B9D864A",
                    "x": 399,
                    "y": 309
                },
                {
                    "res": "7AA962AA",
                    "x": 397,
                    "y": 311
                },
                {
                    "res": "ECD85A6C",
                    "x": 400,
                    "y": 312
                },
                {
                    "res": "861B9565",
                    "x": 398,
                    "y": 310
                }
            ]
        },
        "0_3_walk_2": {
            "frameRate": 7,
            "frames": [
                {
                    "res": "BF5DA129",
                    "x": 391,
                    "y": 305
                },
                {
                    "res": "C895F0E1",
                    "x": 394,
                    "y": 308
                },
                {
                    "res": "D0651948",
                    "x": 402,
                    "y": 309
                },
                {
                    "res": "6D637E97",
                    "x": 395,
                    "y": 305
                },
                {
                    "res": "7CD04CC1",
                    "x": 392,
                    "y": 307
                },
                {
                    "res": "AA6B9AE9",
                    "x": 403,
                    "y": 307
                },
                {
                    "res": "F4E0E760",
                    "x": 397,
                    "y": 306
                }
            ]
        },
        "0_3_walk_3": {
            "frameRate": 7,
            "frames": [
                {
                    "res": "53D69103",
                    "x": 394,
                    "y": 301
                },
                {
                    "res": "B2FABA49",
                    "x": 392,
                    "y": 304
                },
                {
                    "res": "FC61FAE7",
                    "x": 388,
                    "y": 305
                },
                {
                    "res": "56707AA0",
                    "x": 388,
                    "y": 302
                },
                {
                    "res": "3BC2BAEF",
                    "x": 392,
                    "y": 303
                },
                {
                    "res": "F01C933",
                    "x": 391,
                    "y": 304
                },
                {
                    "res": "EBD04941",
                    "x": 392,
                    "y": 302
                }
            ]
        },
        "0_3_walk_4": {
            "frameRate": 7,
            "frames": [
                {
                    "res": "19EBD19B",
                    "x": 384,
                    "y": 301
                },
                {
                    "res": "A1C506E7",
                    "x": 384,
                    "y": 303
                },
                {
                    "res": "3BF8EB20",
                    "x": 388,
                    "y": 304
                },
                {
                    "res": "9B56CC09",
                    "x": 393,
                    "y": 301
                },
                {
                    "res": "BB273D4B",
                    "x": 393,
                    "y": 303
                },
                {
                    "res": "75936A0A",
                    "x": 392,
                    "y": 304
                },
                {
                    "res": "42939E70",
                    "x": 386,
                    "y": 303
                }
            ]
        }
    },
    "res": {
        "F0075C2A": {
            "x": 196,
            "y": 285,
            "w": 59,
            "h": 93
        },
        "9A1A2B6C": {
            "x": 135,
            "y": 284,
            "w": 59,
            "h": 95
        },
        "6ED2A6BE": {
            "x": 55,
            "y": 402,
            "w": 53,
            "h": 78
        },
        "7EC45437": {
            "x": 310,
            "y": 389,
            "w": 48,
            "h": 88
        },
        "227E67A7": {
            "x": 257,
            "y": 373,
            "w": 51,
            "h": 95
        },
        "F80B5403": {
            "x": 1,
            "y": 387,
            "w": 52,
            "h": 84
        },
        "A31D3A61": {
            "x": 379,
            "y": 383,
            "w": 58,
            "h": 77
        },
        "EC3A3185": {
            "x": 1,
            "y": 293,
            "w": 57,
            "h": 92
        },
        "5DF7C8D6": {
            "x": 1,
            "y": 198,
            "w": 61,
            "h": 93
        },
        "E2A22913": {
            "x": 379,
            "y": 300,
            "w": 60,
            "h": 81
        },
        "5B9D864A": {
            "x": 257,
            "y": 287,
            "w": 65,
            "h": 84
        },
        "7AA962AA": {
            "x": 293,
            "y": 195,
            "w": 64,
            "h": 90
        },
        "ECD85A6C": {
            "x": 112,
            "y": 381,
            "w": 55,
            "h": 83
        },
        "861B9565": {
            "x": 196,
            "y": 380,
            "w": 57,
            "h": 82
        },
        "BF5DA129": {
            "x": 385,
            "y": 102,
            "w": 78,
            "h": 86
        },
        "C895F0E1": {
            "x": 156,
            "y": 101,
            "w": 77,
            "h": 89
        },
        "D0651948": {
            "x": 155,
            "y": 192,
            "w": 69,
            "h": 90
        },
        "6D637E97": {
            "x": 309,
            "y": 102,
            "w": 74,
            "h": 91
        },
        "7CD04CC1": {
            "x": 77,
            "y": 102,
            "w": 76,
            "h": 89
        },
        "AA6B9AE9": {
            "x": 226,
            "y": 192,
            "w": 65,
            "h": 91
        },
        "F4E0E760": {
            "x": 1,
            "y": 107,
            "w": 72,
            "h": 89
        },
        "53D69103": {
            "x": 383,
            "y": 1,
            "w": 71,
            "h": 99
        },
        "B2FABA49": {
            "x": 235,
            "y": 96,
            "w": 72,
            "h": 94
        },
        "FC61FAE7": {
            "x": 156,
            "y": 1,
            "w": 73,
            "h": 98
        },
        "56707AA0": {
            "x": 1,
            "y": 1,
            "w": 74,
            "h": 104
        },
        "3BC2BAEF": {
            "x": 309,
            "y": 1,
            "w": 72,
            "h": 98
        },
        "F01C933": {
            "x": 231,
            "y": 1,
            "w": 76,
            "h": 93
        },
        "EBD04941": {
            "x": 77,
            "y": 1,
            "w": 77,
            "h": 99
        },
        "19EBD19B": {
            "x": 385,
            "y": 190,
            "w": 59,
            "h": 108
        },
        "A1C506E7": {
            "x": 75,
            "y": 193,
            "w": 58,
            "h": 101
        },
        "3BF8EB20": {
            "x": 324,
            "y": 287,
            "w": 53,
            "h": 100
        },
        "9B56CC09": {
            "x": 446,
            "y": 296,
            "w": 48,
            "h": 108
        },
        "BB273D4B": {
            "x": 60,
            "y": 296,
            "w": 50,
            "h": 104
        },
        "75936A0A": {
            "x": 456,
            "y": 1,
            "w": 53,
            "h": 99
        },
        "42939E70": {
            "x": 446,
            "y": 190,
            "w": 58,
            "h": 104
        }
    }
}