{
	"groups": [
		{
			"keys": "checkbox_select_disabled_png,checkbox_select_down_png,checkbox_select_up_png,checkbox_unselect_png,selected_png,border_png,header_png,radiobutton_select_disabled_png,radiobutton_select_down_png,radiobutton_select_up_png,radiobutton_unselect_png,roundthumb_png,thumb_png,track_png,tracklight_png,handle_png,off_png,on_png,button_down_png,button_up_png,thumb_pb_png,track_pb_png,track_sb_png,bg_jpg,description_json,greenBtnDown_png,greenBtnUp_png,redBtnDown_png,redBtnUp_png,greenBtnDown2_png,greenBtnUp2_png,redBtnDown2_png,redBtnUp2_png,button_down2_png,button_up2_png,checkbox_select_disabled2_png,checkbox_select_down2_png,checkbox_select_up2_png,checkbox_unselect2_png,selected2_png,border2_png,header2_png,thumb_pb2_png,track_pb2_png,radiobutton_select_disabled2_png,radiobutton_select_down2_png,radiobutton_select_up2_png,radiobutton_unselect2_png,roundthumb2_png,track_sb2_png,thumb2_png,track2_png,tracklight2_png,handle2_png,off2_png,on2_png,bg2_jpg,User_json,roleModule_1_png,roleModule_2_png,roleModule_3_png,roleModule_4_png,roleModule_5_png,roleModule_6_png,roleModule_7_png,roleModule_8_png,Plant_json,0_0_png,0_1_png,0_2_png,0_3_png,0_4_png,1_0_png,1_1_png,1_2_png,1_3_png,1_4_png,2_0_png,2_1_png,2_2_png,2_3_png,2_4_png,3_0_png,3_1_png,3_2_png,3_3_png,3_4_png,4_0_png,4_1_png,4_2_png,4_3_png,4_4_png,map_json,small_jpg,0_02_png,0_12_png,0_22_png,0_32_png,0_42_png,1_02_png,1_12_png,1_22_png,1_32_png,1_42_png,2_02_png,2_12_png,2_22_png,2_32_png,2_42_png,3_02_png,3_12_png,3_22_png,3_32_png,3_42_png,4_02_png,4_12_png,4_22_png,4_32_png,4_42_png,map2_json,0_03_png,0_13_png,0_23_png,0_33_png,0_43_png,1_03_png,1_13_png,1_23_png,1_33_png,1_43_png,2_03_png,2_13_png,2_23_png,2_33_png,2_43_png,3_03_png,3_13_png,3_23_png,3_33_png,3_43_png,4_03_png,4_13_png,4_23_png,4_33_png,4_43_png,map3_json,a_png,b_png,c_png,d_png,f_png,g_png,bgm_play_mp3,bgm_title_mp3,lose_mp3,win_mp3,applause_mp3,baditem_mp3,button_mp3,crack_mp3,drop_mp3,goodjob_mp3,ice_mp3,icecome_mp3,item_mp3,kill1_mp3,kill2_mp3,kill3_mp3,kill4_mp3,kill5_mp3,kill6_mp3,kill7_mp3,kill8_mp3,kill9_mp3,last5sec_mp3,loseeffect_mp3,readygo_mp3,rebound_mp3,title_mp3,type1_mp3,type2_mp3,type3_mp3,type4_mp3,type5_mp3,type6_mp3,type7_mp3,type8_mp3,type9_mp3,wao_mp3,warn_mp3,wineffect_mp3",
			"name": "preload"
		}
	],
	"resources": [
		{
			"url": "assets/CheckBox/checkbox_select_disabled.png",
			"type": "image",
			"name": "checkbox_select_disabled_png"
		},
		{
			"url": "assets/CheckBox/checkbox_select_down.png",
			"type": "image",
			"name": "checkbox_select_down_png"
		},
		{
			"url": "assets/CheckBox/checkbox_select_up.png",
			"type": "image",
			"name": "checkbox_select_up_png"
		},
		{
			"url": "assets/CheckBox/checkbox_unselect.png",
			"type": "image",
			"name": "checkbox_unselect_png"
		},
		{
			"url": "assets/ItemRenderer/selected.png",
			"type": "image",
			"name": "selected_png"
		},
		{
			"url": "assets/Panel/border.png",
			"type": "image",
			"name": "border_png"
		},
		{
			"url": "assets/Panel/header.png",
			"type": "image",
			"name": "header_png"
		},
		{
			"url": "assets/RadioButton/radiobutton_select_disabled.png",
			"type": "image",
			"name": "radiobutton_select_disabled_png"
		},
		{
			"url": "assets/RadioButton/radiobutton_select_down.png",
			"type": "image",
			"name": "radiobutton_select_down_png"
		},
		{
			"url": "assets/RadioButton/radiobutton_select_up.png",
			"type": "image",
			"name": "radiobutton_select_up_png"
		},
		{
			"url": "assets/RadioButton/radiobutton_unselect.png",
			"type": "image",
			"name": "radiobutton_unselect_png"
		},
		{
			"url": "assets/ScrollBar/roundthumb.png",
			"type": "image",
			"name": "roundthumb_png"
		},
		{
			"url": "assets/Slider/thumb.png",
			"type": "image",
			"name": "thumb_png"
		},
		{
			"url": "assets/Slider/track.png",
			"type": "image",
			"name": "track_png"
		},
		{
			"url": "assets/Slider/tracklight.png",
			"type": "image",
			"name": "tracklight_png"
		},
		{
			"url": "assets/ToggleSwitch/handle.png",
			"type": "image",
			"name": "handle_png"
		},
		{
			"url": "assets/ToggleSwitch/off.png",
			"type": "image",
			"name": "off_png"
		},
		{
			"url": "assets/ToggleSwitch/on.png",
			"type": "image",
			"name": "on_png"
		},
		{
			"url": "assets/Button/button_down.png",
			"type": "image",
			"name": "button_down_png"
		},
		{
			"url": "assets/Button/button_up.png",
			"type": "image",
			"name": "button_up_png"
		},
		{
			"url": "assets/ProgressBar/thumb_pb.png",
			"type": "image",
			"name": "thumb_pb_png"
		},
		{
			"url": "assets/ProgressBar/track_pb.png",
			"type": "image",
			"name": "track_pb_png"
		},
		{
			"url": "assets/ScrollBar/track_sb.png",
			"type": "image",
			"name": "track_sb_png"
		},
		{
			"url": "assets/bg.jpg",
			"type": "image",
			"name": "bg_jpg"
		},
		{
			"url": "config/description.json",
			"type": "json",
			"name": "description_json"
		},
		{
			"url": "assets/Button/greenBtnDown.png",
			"type": "image",
			"name": "greenBtnDown_png"
		},
		{
			"url": "assets/Button/greenBtnUp.png",
			"type": "image",
			"name": "greenBtnUp_png"
		},
		{
			"url": "assets/Button/redBtnDown.png",
			"type": "image",
			"name": "redBtnDown_png"
		},
		{
			"url": "assets/Button/redBtnUp.png",
			"type": "image",
			"name": "redBtnUp_png"
		},
		{
			"url": "assets/Button/greenBtnDown.png",
			"type": "image",
			"name": "greenBtnDown2_png"
		},
		{
			"url": "assets/Button/greenBtnUp.png",
			"type": "image",
			"name": "greenBtnUp2_png"
		},
		{
			"url": "assets/Button/redBtnDown.png",
			"type": "image",
			"name": "redBtnDown2_png"
		},
		{
			"url": "assets/Button/redBtnUp.png",
			"type": "image",
			"name": "redBtnUp2_png"
		},
		{
			"url": "assets/Button/button_down.png",
			"type": "image",
			"name": "button_down2_png"
		},
		{
			"url": "assets/Button/button_up.png",
			"type": "image",
			"name": "button_up2_png"
		},
		{
			"url": "assets/CheckBox/checkbox_select_disabled.png",
			"type": "image",
			"name": "checkbox_select_disabled2_png"
		},
		{
			"url": "assets/CheckBox/checkbox_select_down.png",
			"type": "image",
			"name": "checkbox_select_down2_png"
		},
		{
			"url": "assets/CheckBox/checkbox_select_up.png",
			"type": "image",
			"name": "checkbox_select_up2_png"
		},
		{
			"url": "assets/CheckBox/checkbox_unselect.png",
			"type": "image",
			"name": "checkbox_unselect2_png"
		},
		{
			"url": "assets/ItemRenderer/selected.png",
			"type": "image",
			"name": "selected2_png"
		},
		{
			"url": "assets/Panel/border.png",
			"type": "image",
			"name": "border2_png"
		},
		{
			"url": "assets/Panel/header.png",
			"type": "image",
			"name": "header2_png"
		},
		{
			"url": "assets/ProgressBar/thumb_pb.png",
			"type": "image",
			"name": "thumb_pb2_png"
		},
		{
			"url": "assets/ProgressBar/track_pb.png",
			"type": "image",
			"name": "track_pb2_png"
		},
		{
			"url": "assets/RadioButton/radiobutton_select_disabled.png",
			"type": "image",
			"name": "radiobutton_select_disabled2_png"
		},
		{
			"url": "assets/RadioButton/radiobutton_select_down.png",
			"type": "image",
			"name": "radiobutton_select_down2_png"
		},
		{
			"url": "assets/RadioButton/radiobutton_select_up.png",
			"type": "image",
			"name": "radiobutton_select_up2_png"
		},
		{
			"url": "assets/RadioButton/radiobutton_unselect.png",
			"type": "image",
			"name": "radiobutton_unselect2_png"
		},
		{
			"url": "assets/ScrollBar/roundthumb.png",
			"type": "image",
			"name": "roundthumb2_png"
		},
		{
			"url": "assets/ScrollBar/track_sb.png",
			"type": "image",
			"name": "track_sb2_png"
		},
		{
			"url": "assets/Slider/thumb.png",
			"type": "image",
			"name": "thumb2_png"
		},
		{
			"url": "assets/Slider/track.png",
			"type": "image",
			"name": "track2_png"
		},
		{
			"url": "assets/Slider/tracklight.png",
			"type": "image",
			"name": "tracklight2_png"
		},
		{
			"url": "assets/ToggleSwitch/handle.png",
			"type": "image",
			"name": "handle2_png"
		},
		{
			"url": "assets/ToggleSwitch/off.png",
			"type": "image",
			"name": "off2_png"
		},
		{
			"url": "assets/ToggleSwitch/on.png",
			"type": "image",
			"name": "on2_png"
		},
		{
			"url": "assets/bg.jpg",
			"type": "image",
			"name": "bg2_jpg"
		},
		{
			"url": "config/datasheet/User.json",
			"type": "json",
			"name": "User_json"
		},
		{
			"name": "roleModule_1_png",
			"type": "image",
			"url": "assets/game/ui/roleModule/roleModule_1.png"
		},
		{
			"name": "roleModule_2_png",
			"type": "image",
			"url": "assets/game/ui/roleModule/roleModule_2.png"
		},
		{
			"name": "roleModule_3_png",
			"type": "image",
			"url": "assets/game/ui/roleModule/roleModule_3.png"
		},
		{
			"name": "roleModule_4_png",
			"type": "image",
			"url": "assets/game/ui/roleModule/roleModule_4.png"
		},
		{
			"name": "roleModule_5_png",
			"type": "image",
			"url": "assets/game/ui/roleModule/roleModule_5.png"
		},
		{
			"name": "roleModule_6_png",
			"type": "image",
			"url": "assets/game/ui/roleModule/roleModule_6.png"
		},
		{
			"name": "roleModule_7_png",
			"type": "image",
			"url": "assets/game/ui/roleModule/roleModule_7.png"
		},
		{
			"name": "roleModule_8_png",
			"type": "image",
			"url": "assets/game/ui/roleModule/roleModule_8.png"
		},
		{
			"name": "Plant_json",
			"type": "json",
			"url": "config/datasheet/Plant.json"
		},
		{
			"name": "0_0_png",
			"type": "image",
			"url": "assets/map/1/0_0.png"
		},
		{
			"name": "0_1_png",
			"type": "image",
			"url": "assets/map/1/0_1.png"
		},
		{
			"name": "0_2_png",
			"type": "image",
			"url": "assets/map/1/0_2.png"
		},
		{
			"name": "0_3_png",
			"type": "image",
			"url": "assets/map/1/0_3.png"
		},
		{
			"name": "0_4_png",
			"type": "image",
			"url": "assets/map/1/0_4.png"
		},
		{
			"name": "1_0_png",
			"type": "image",
			"url": "assets/map/1/1_0.png"
		},
		{
			"name": "1_1_png",
			"type": "image",
			"url": "assets/map/1/1_1.png"
		},
		{
			"name": "1_2_png",
			"type": "image",
			"url": "assets/map/1/1_2.png"
		},
		{
			"name": "1_3_png",
			"type": "image",
			"url": "assets/map/1/1_3.png"
		},
		{
			"name": "1_4_png",
			"type": "image",
			"url": "assets/map/1/1_4.png"
		},
		{
			"name": "2_0_png",
			"type": "image",
			"url": "assets/map/1/2_0.png"
		},
		{
			"name": "2_1_png",
			"type": "image",
			"url": "assets/map/1/2_1.png"
		},
		{
			"name": "2_2_png",
			"type": "image",
			"url": "assets/map/1/2_2.png"
		},
		{
			"name": "2_3_png",
			"type": "image",
			"url": "assets/map/1/2_3.png"
		},
		{
			"name": "2_4_png",
			"type": "image",
			"url": "assets/map/1/2_4.png"
		},
		{
			"name": "3_0_png",
			"type": "image",
			"url": "assets/map/1/3_0.png"
		},
		{
			"name": "3_1_png",
			"type": "image",
			"url": "assets/map/1/3_1.png"
		},
		{
			"name": "3_2_png",
			"type": "image",
			"url": "assets/map/1/3_2.png"
		},
		{
			"name": "3_3_png",
			"type": "image",
			"url": "assets/map/1/3_3.png"
		},
		{
			"name": "3_4_png",
			"type": "image",
			"url": "assets/map/1/3_4.png"
		},
		{
			"name": "4_0_png",
			"type": "image",
			"url": "assets/map/1/4_0.png"
		},
		{
			"name": "4_1_png",
			"type": "image",
			"url": "assets/map/1/4_1.png"
		},
		{
			"name": "4_2_png",
			"type": "image",
			"url": "assets/map/1/4_2.png"
		},
		{
			"name": "4_3_png",
			"type": "image",
			"url": "assets/map/1/4_3.png"
		},
		{
			"name": "4_4_png",
			"type": "image",
			"url": "assets/map/1/4_4.png"
		},
		{
			"name": "map_json",
			"type": "json",
			"url": "assets/map/1/map.json"
		},
		{
			"name": "small_jpg",
			"type": "image",
			"url": "assets/map/1/small.jpg"
		},
		{
			"name": "0_02_png",
			"type": "image",
			"url": "assets/map/2/0_0.png"
		},
		{
			"name": "0_12_png",
			"type": "image",
			"url": "assets/map/2/0_1.png"
		},
		{
			"name": "0_22_png",
			"type": "image",
			"url": "assets/map/2/0_2.png"
		},
		{
			"name": "0_32_png",
			"type": "image",
			"url": "assets/map/2/0_3.png"
		},
		{
			"name": "0_42_png",
			"type": "image",
			"url": "assets/map/2/0_4.png"
		},
		{
			"name": "1_02_png",
			"type": "image",
			"url": "assets/map/2/1_0.png"
		},
		{
			"name": "1_12_png",
			"type": "image",
			"url": "assets/map/2/1_1.png"
		},
		{
			"name": "1_22_png",
			"type": "image",
			"url": "assets/map/2/1_2.png"
		},
		{
			"name": "1_32_png",
			"type": "image",
			"url": "assets/map/2/1_3.png"
		},
		{
			"name": "1_42_png",
			"type": "image",
			"url": "assets/map/2/1_4.png"
		},
		{
			"name": "2_02_png",
			"type": "image",
			"url": "assets/map/2/2_0.png"
		},
		{
			"name": "2_12_png",
			"type": "image",
			"url": "assets/map/2/2_1.png"
		},
		{
			"name": "2_22_png",
			"type": "image",
			"url": "assets/map/2/2_2.png"
		},
		{
			"name": "2_32_png",
			"type": "image",
			"url": "assets/map/2/2_3.png"
		},
		{
			"name": "2_42_png",
			"type": "image",
			"url": "assets/map/2/2_4.png"
		},
		{
			"name": "3_02_png",
			"type": "image",
			"url": "assets/map/2/3_0.png"
		},
		{
			"name": "3_12_png",
			"type": "image",
			"url": "assets/map/2/3_1.png"
		},
		{
			"name": "3_22_png",
			"type": "image",
			"url": "assets/map/2/3_2.png"
		},
		{
			"name": "3_32_png",
			"type": "image",
			"url": "assets/map/2/3_3.png"
		},
		{
			"name": "3_42_png",
			"type": "image",
			"url": "assets/map/2/3_4.png"
		},
		{
			"name": "4_02_png",
			"type": "image",
			"url": "assets/map/2/4_0.png"
		},
		{
			"name": "4_12_png",
			"type": "image",
			"url": "assets/map/2/4_1.png"
		},
		{
			"name": "4_22_png",
			"type": "image",
			"url": "assets/map/2/4_2.png"
		},
		{
			"name": "4_32_png",
			"type": "image",
			"url": "assets/map/2/4_3.png"
		},
		{
			"name": "4_42_png",
			"type": "image",
			"url": "assets/map/2/4_4.png"
		},
		{
			"name": "map2_json",
			"type": "json",
			"url": "assets/map/2/map.json"
		},
		{
			"name": "0_03_png",
			"type": "image",
			"url": "assets/map/3/0_0.png"
		},
		{
			"name": "0_13_png",
			"type": "image",
			"url": "assets/map/3/0_1.png"
		},
		{
			"name": "0_23_png",
			"type": "image",
			"url": "assets/map/3/0_2.png"
		},
		{
			"name": "0_33_png",
			"type": "image",
			"url": "assets/map/3/0_3.png"
		},
		{
			"name": "0_43_png",
			"type": "image",
			"url": "assets/map/3/0_4.png"
		},
		{
			"name": "1_03_png",
			"type": "image",
			"url": "assets/map/3/1_0.png"
		},
		{
			"name": "1_13_png",
			"type": "image",
			"url": "assets/map/3/1_1.png"
		},
		{
			"name": "1_23_png",
			"type": "image",
			"url": "assets/map/3/1_2.png"
		},
		{
			"name": "1_33_png",
			"type": "image",
			"url": "assets/map/3/1_3.png"
		},
		{
			"name": "1_43_png",
			"type": "image",
			"url": "assets/map/3/1_4.png"
		},
		{
			"name": "2_03_png",
			"type": "image",
			"url": "assets/map/3/2_0.png"
		},
		{
			"name": "2_13_png",
			"type": "image",
			"url": "assets/map/3/2_1.png"
		},
		{
			"name": "2_23_png",
			"type": "image",
			"url": "assets/map/3/2_2.png"
		},
		{
			"name": "2_33_png",
			"type": "image",
			"url": "assets/map/3/2_3.png"
		},
		{
			"name": "2_43_png",
			"type": "image",
			"url": "assets/map/3/2_4.png"
		},
		{
			"name": "3_03_png",
			"type": "image",
			"url": "assets/map/3/3_0.png"
		},
		{
			"name": "3_13_png",
			"type": "image",
			"url": "assets/map/3/3_1.png"
		},
		{
			"name": "3_23_png",
			"type": "image",
			"url": "assets/map/3/3_2.png"
		},
		{
			"name": "3_33_png",
			"type": "image",
			"url": "assets/map/3/3_3.png"
		},
		{
			"name": "3_43_png",
			"type": "image",
			"url": "assets/map/3/3_4.png"
		},
		{
			"name": "4_03_png",
			"type": "image",
			"url": "assets/map/3/4_0.png"
		},
		{
			"name": "4_13_png",
			"type": "image",
			"url": "assets/map/3/4_1.png"
		},
		{
			"name": "4_23_png",
			"type": "image",
			"url": "assets/map/3/4_2.png"
		},
		{
			"name": "4_33_png",
			"type": "image",
			"url": "assets/map/3/4_3.png"
		},
		{
			"name": "4_43_png",
			"type": "image",
			"url": "assets/map/3/4_4.png"
		},
		{
			"name": "map3_json",
			"type": "json",
			"url": "assets/map/3/map.json"
		},
		{
			"name": "a_png",
			"type": "image",
			"url": "assets/map/deathmatch_spr/a.png"
		},
		{
			"name": "b_png",
			"type": "image",
			"url": "assets/map/deathmatch_spr/b.png"
		},
		{
			"name": "c_png",
			"type": "image",
			"url": "assets/map/deathmatch_spr/c.png"
		},
		{
			"name": "d_png",
			"type": "image",
			"url": "assets/map/deathmatch_spr/d.png"
		},
		{
			"name": "f_png",
			"type": "image",
			"url": "assets/map/deathmatch_spr/f.png"
		},
		{
			"name": "g_png",
			"type": "image",
			"url": "assets/map/deathmatch_spr/g.png"
		},
		{
			"name": "bgm_play_mp3",
			"type": "sound",
			"url": "assets/audio/bgm/bgm_play.mp3"
		},
		{
			"name": "bgm_title_mp3",
			"type": "sound",
			"url": "assets/audio/bgm/bgm_title.mp3"
		},
		{
			"name": "lose_mp3",
			"type": "sound",
			"url": "assets/audio/bgm/lose.mp3"
		},
		{
			"name": "win_mp3",
			"type": "sound",
			"url": "assets/audio/bgm/win.mp3"
		},
		{
			"name": "applause_mp3",
			"type": "sound",
			"url": "assets/audio/sfx/applause.mp3"
		},
		{
			"name": "baditem_mp3",
			"type": "sound",
			"url": "assets/audio/sfx/baditem.mp3"
		},
		{
			"name": "button_mp3",
			"type": "sound",
			"url": "assets/audio/sfx/button.mp3"
		},
		{
			"name": "crack_mp3",
			"type": "sound",
			"url": "assets/audio/sfx/crack.mp3"
		},
		{
			"name": "drop_mp3",
			"type": "sound",
			"url": "assets/audio/sfx/drop.mp3"
		},
		{
			"name": "goodjob_mp3",
			"type": "sound",
			"url": "assets/audio/sfx/goodjob.mp3"
		},
		{
			"name": "ice_mp3",
			"type": "sound",
			"url": "assets/audio/sfx/ice.mp3"
		},
		{
			"name": "icecome_mp3",
			"type": "sound",
			"url": "assets/audio/sfx/icecome.mp3"
		},
		{
			"name": "item_mp3",
			"type": "sound",
			"url": "assets/audio/sfx/item.mp3"
		},
		{
			"name": "kill1_mp3",
			"type": "sound",
			"url": "assets/audio/sfx/kill1.mp3"
		},
		{
			"name": "kill2_mp3",
			"type": "sound",
			"url": "assets/audio/sfx/kill2.mp3"
		},
		{
			"name": "kill3_mp3",
			"type": "sound",
			"url": "assets/audio/sfx/kill3.mp3"
		},
		{
			"name": "kill4_mp3",
			"type": "sound",
			"url": "assets/audio/sfx/kill4.mp3"
		},
		{
			"name": "kill5_mp3",
			"type": "sound",
			"url": "assets/audio/sfx/kill5.mp3"
		},
		{
			"name": "kill6_mp3",
			"type": "sound",
			"url": "assets/audio/sfx/kill6.mp3"
		},
		{
			"name": "kill7_mp3",
			"type": "sound",
			"url": "assets/audio/sfx/kill7.mp3"
		},
		{
			"name": "kill8_mp3",
			"type": "sound",
			"url": "assets/audio/sfx/kill8.mp3"
		},
		{
			"name": "kill9_mp3",
			"type": "sound",
			"url": "assets/audio/sfx/kill9.mp3"
		},
		{
			"name": "last5sec_mp3",
			"type": "sound",
			"url": "assets/audio/sfx/last5sec.mp3"
		},
		{
			"name": "loseeffect_mp3",
			"type": "sound",
			"url": "assets/audio/sfx/loseeffect.mp3"
		},
		{
			"name": "readygo_mp3",
			"type": "sound",
			"url": "assets/audio/sfx/readygo.mp3"
		},
		{
			"name": "rebound_mp3",
			"type": "sound",
			"url": "assets/audio/sfx/rebound.mp3"
		},
		{
			"name": "title_mp3",
			"type": "sound",
			"url": "assets/audio/sfx/title.mp3"
		},
		{
			"name": "type1_mp3",
			"type": "sound",
			"url": "assets/audio/sfx/type1.mp3"
		},
		{
			"name": "type2_mp3",
			"type": "sound",
			"url": "assets/audio/sfx/type2.mp3"
		},
		{
			"name": "type3_mp3",
			"type": "sound",
			"url": "assets/audio/sfx/type3.mp3"
		},
		{
			"name": "type4_mp3",
			"type": "sound",
			"url": "assets/audio/sfx/type4.mp3"
		},
		{
			"name": "type5_mp3",
			"type": "sound",
			"url": "assets/audio/sfx/type5.mp3"
		},
		{
			"name": "type6_mp3",
			"type": "sound",
			"url": "assets/audio/sfx/type6.mp3"
		},
		{
			"name": "type7_mp3",
			"type": "sound",
			"url": "assets/audio/sfx/type7.mp3"
		},
		{
			"name": "type8_mp3",
			"type": "sound",
			"url": "assets/audio/sfx/type8.mp3"
		},
		{
			"name": "type9_mp3",
			"type": "sound",
			"url": "assets/audio/sfx/type9.mp3"
		},
		{
			"name": "wao_mp3",
			"type": "sound",
			"url": "assets/audio/sfx/wao.mp3"
		},
		{
			"name": "warn_mp3",
			"type": "sound",
			"url": "assets/audio/sfx/warn.mp3"
		},
		{
			"name": "wineffect_mp3",
			"type": "sound",
			"url": "assets/audio/sfx/wineffect.mp3"
		}
	]
}