{
	"engineVersion": "5.1.9",
	"compilerVersion": "5.1.9",
	"template": {},
	"target": {
		"current": "web"
	},
	"eui": {
		"exmlRoot": [
			"resource/eui_skins"
		],
		"themes": [
			"resource/default.thm.json"
		],
		"exmlPublishPolicy": "commonjs"
	},
	"modules": [
		{
			"name": "egret"
		},
		{
			"name": "eui"
		},
		{
			"name": "assetsmanager"
		},
		{
			"name": "tween"
		},
		{
			"name": "game"
		},
		{
			"name": "socket"
		},
		{
			"name": "promise"
		},
		{
			"name": "weixinapi",
			"path": "D:/git/egret/egret-game-library/weixinapi/libsrc/src"
		}
	]
}