{
    "width": 1280,
    "height": 1280,
    "tileWidth": 256,
    "tileHeight": 256,
    "cellSize": 32,
    "blocks": [
        0,
        1000,
        2000,
        3000,
        4000,
        5000,
        6000,
        7000,
        8000,
        9000,
        10000,
        11000,
        12000,
        13000,
        14000,
        15000,
        16000,
        17000,
        18000,
        19000,
        20000,
        21000,
        22000,
        23000,
        24000,
        25000,
        26000,
        27000,
        28000,
        29000,
        30000,
        31000,
        32000,
        33000,
        34000,
        35000,
        36000,
        37000,
        38000,
        39000,
        1,
        1001,
        2001,
        3001,
        4001,
        5001,
        6001,
        7001,
        8001,
        9001,
        10001,
        11001,
        12001,
        13001,
        14001,
        15001,
        16001,
        17001,
        18001,
        19001,
        20001,
        21001,
        22001,
        23001,
        24001,
        25001,
        26001,
        27001,
        28001,
        29001,
        30001,
        31001,
        32001,
        33001,
        34001,
        35001,
        36001,
        37001,
        38001,
        39001,
        2,
        1002,
        2002,
        3002,
        4002,
        5002,
        6002,
        7002,
        8002,
        9002,
        10002,
        11002,
        12002,
        13002,
        14002,
        15002,
        16002,
        17002,
        18002,
        19002,
        20002,
        21002,
        22002,
        23002,
        24002,
        25002,
        26002,
        27002,
        28002,
        29002,
        30002,
        31002,
        32002,
        33002,
        34002,
        35002,
        36002,
        37002,
        38002,
        39002,
        3,
        1003,
        2003,
        3003,
        4003,
        5003,
        6003,
        7003,
        8003,
        9003,
        10003,
        11003,
        12003,
        13003,
        14003,
        15003,
        16003,
        17003,
        18003,
        19003,
        20003,
        21003,
        22003,
        23003,
        24003,
        25003,
        26003,
        27003,
        28003,
        29003,
        30003,
        31003,
        32003,
        33003,
        34003,
        35003,
        36003,
        37003,
        38003,
        39003,
        4,
        1004,
        2004,
        3004,
        4004,
        5004,
        8004,
        9004,
        10004,
        11004,
        12004,
        13004,
        14004,
        15004,
        16004,
        17004,
        18004,
        19004,
        20004,
        21004,
        22004,
        23004,
        26004,
        27004,
        28004,
        29004,
        30004,
        31004,
        34004,
        35004,
        36004,
        37004,
        38004,
        39004,
        5,
        1005,
        2005,
        3005,
        4005,
        5005,
        8005,
        9005,
        10005,
        11005,
        12005,
        13005,
        14005,
        15005,
        16005,
        17005,
        18005,
        19005,
        20005,
        21005,
        22005,
        23005,
        26005,
        27005,
        28005,
        29005,
        34005,
        35005,
        36005,
        37005,
        38005,
        39005,
        6,
        1006,
        2006,
        3006,
        36006,
        37006,
        38006,
        39006,
        7,
        1007,
        2007,
        3007,
        36007,
        37007,
        38007,
        39007,
        8,
        1008,
        2008,
        3008,
        38008,
        39008,
        9,
        1009,
        2009,
        3009,
        38009,
        39009,
        10,
        1010,
        2010,
        3010,
        36010,
        37010,
        38010,
        39010,
        11,
        1011,
        2011,
        3011,
        36011,
        37011,
        38011,
        39011,
        12,
        1012,
        2012,
        3012,
        18012,
        19012,
        20012,
        38012,
        39012,
        13,
        1013,
        2013,
        3013,
        17013,
        18013,
        19013,
        20013,
        21013,
        22013,
        38013,
        39013,
        14,
        1014,
        2014,
        3014,
        17014,
        18014,
        19014,
        20014,
        21014,
        22014,
        23014,
        36014,
        37014,
        38014,
        39014,
        15,
        1015,
        2015,
        3015,
        17015,
        18015,
        19015,
        20015,
        21015,
        22015,
        23015,
        36015,
        37015,
        38015,
        39015,
        16,
        1016,
        17016,
        18016,
        19016,
        20016,
        21016,
        22016,
        23016,
        36016,
        37016,
        38016,
        39016,
        17,
        1017,
        17017,
        18017,
        19017,
        20017,
        21017,
        22017,
        36017,
        37017,
        38017,
        39017,
        18,
        1018,
        2018,
        3018,
        12018,
        13018,
        19018,
        20018,
        26018,
        27018,
        36018,
        37018,
        38018,
        39018,
        19,
        1019,
        2019,
        3019,
        12019,
        13019,
        19019,
        20019,
        26019,
        27019,
        36019,
        37019,
        38019,
        39019,
        20,
        1020,
        2020,
        3020,
        38020,
        39020,
        21,
        1021,
        2021,
        3021,
        38021,
        39021,
        22,
        1022,
        2022,
        3022,
        38022,
        39022,
        23,
        1023,
        2023,
        3023,
        38023,
        39023,
        24,
        1024,
        2024,
        3024,
        37024,
        38024,
        39024,
        25,
        1025,
        2025,
        3025,
        36025,
        37025,
        38025,
        39025,
        26,
        1026,
        2026,
        3026,
        36026,
        37026,
        38026,
        39026,
        27,
        1027,
        2027,
        37027,
        38027,
        39027,
        28,
        1028,
        11028,
        12028,
        38028,
        39028,
        29,
        1029,
        11029,
        12029,
        38029,
        39029,
        30,
        1030,
        38030,
        39030,
        31,
        1031,
        38031,
        39031,
        32,
        1032,
        2032,
        38032,
        39032,
        33,
        1033,
        2033,
        3033,
        38033,
        39033,
        34,
        1034,
        2034,
        3034,
        4034,
        5034,
        34034,
        35034,
        36034,
        37034,
        38034,
        39034,
        35,
        1035,
        2035,
        3035,
        4035,
        5035,
        34035,
        35035,
        36035,
        37035,
        38035,
        39035,
        36,
        1036,
        2036,
        3036,
        4036,
        5036,
        18036,
        19036,
        20036,
        21036,
        26036,
        27036,
        28036,
        34036,
        35036,
        36036,
        37036,
        38036,
        39036,
        37,
        1037,
        2037,
        3037,
        4037,
        5037,
        8037,
        9037,
        10037,
        11037,
        18037,
        19037,
        20037,
        21037,
        26037,
        27037,
        28037,
        29037,
        30037,
        31037,
        32037,
        34037,
        35037,
        36037,
        37037,
        38037,
        39037,
        38,
        1038,
        2038,
        3038,
        4038,
        5038,
        6038,
        7038,
        8038,
        9038,
        10038,
        11038,
        12038,
        13038,
        14038,
        15038,
        16038,
        17038,
        18038,
        19038,
        20038,
        21038,
        22038,
        23038,
        24038,
        25038,
        26038,
        27038,
        28038,
        29038,
        30038,
        31038,
        32038,
        33038,
        34038,
        35038,
        36038,
        37038,
        38038,
        39038,
        39,
        1039,
        2039,
        3039,
        4039,
        5039,
        6039,
        7039,
        8039,
        9039,
        10039,
        11039,
        12039,
        13039,
        14039,
        15039,
        16039,
        17039,
        18039,
        19039,
        20039,
        21039,
        22039,
        23039,
        24039,
        25039,
        26039,
        27039,
        28039,
        29039,
        30039,
        31039,
        32039,
        33039,
        34039,
        35039,
        36039,
        37039,
        38039,
        39039
    ],
    "nomons": [
        6004,
        7004,
        24004,
        25004,
        32004,
        33004,
        6005,
        7005,
        24005,
        25005,
        30005,
        31005,
        32005,
        33005,
        4006,
        5006,
        6006,
        7006,
        8006,
        9006,
        10006,
        11006,
        12006,
        13006,
        14006,
        15006,
        16006,
        17006,
        18006,
        19006,
        20006,
        21006,
        22006,
        23006,
        24006,
        25006,
        26006,
        27006,
        28006,
        29006,
        30006,
        31006,
        32006,
        33006,
        34006,
        35006,
        4007,
        5007,
        6007,
        7007,
        8007,
        9007,
        10007,
        11007,
        12007,
        13007,
        14007,
        15007,
        16007,
        17007,
        18007,
        19007,
        20007,
        21007,
        22007,
        23007,
        24007,
        25007,
        26007,
        27007,
        28007,
        29007,
        30007,
        31007,
        32007,
        33007,
        34007,
        35007,
        4008,
        5008,
        6008,
        7008,
        8008,
        9008,
        10008,
        11008,
        12008,
        13008,
        14008,
        15008,
        16008,
        17008,
        18008,
        19008,
        20008,
        21008,
        22008,
        23008,
        24008,
        25008,
        26008,
        27008,
        28008,
        29008,
        30008,
        31008,
        32008,
        33008,
        34008,
        35008,
        36008,
        37008,
        4009,
        5009,
        6009,
        7009,
        33009,
        34009,
        35009,
        36009,
        37009,
        4010,
        5010,
        6010,
        7010,
        33010,
        34010,
        35010,
        4011,
        5011,
        6011,
        7011,
        33011,
        34011,
        35011,
        4012,
        5012,
        6012,
        7012,
        33012,
        34012,
        35012,
        36012,
        37012,
        4013,
        5013,
        6013,
        7013,
        33013,
        34013,
        35013,
        36013,
        37013,
        4014,
        5014,
        6014,
        7014,
        33014,
        34014,
        35014,
        4015,
        5015,
        6015,
        7015,
        33015,
        34015,
        35015,
        2016,
        3016,
        4016,
        5016,
        6016,
        7016,
        33016,
        34016,
        35016,
        2017,
        3017,
        4017,
        5017,
        6017,
        7017,
        33017,
        34017,
        35017,
        4018,
        5018,
        6018,
        7018,
        33018,
        34018,
        35018,
        4019,
        5019,
        6019,
        7019,
        33019,
        34019,
        35019,
        4020,
        5020,
        6020,
        7020,
        33020,
        34020,
        35020,
        36020,
        37020,
        4021,
        5021,
        6021,
        7021,
        33021,
        34021,
        35021,
        36021,
        37021,
        4022,
        5022,
        6022,
        7022,
        33022,
        34022,
        35022,
        36022,
        37022,
        4023,
        5023,
        6023,
        7023,
        33023,
        34023,
        35023,
        36023,
        37023,
        4024,
        5024,
        6024,
        7024,
        33024,
        34024,
        35024,
        36024,
        4025,
        5025,
        6025,
        7025,
        33025,
        34025,
        35025,
        4026,
        5026,
        6026,
        7026,
        33026,
        34026,
        35026,
        3027,
        4027,
        5027,
        6027,
        7027,
        33027,
        34027,
        35027,
        36027,
        2028,
        3028,
        4028,
        5028,
        6028,
        7028,
        33028,
        34028,
        35028,
        36028,
        37028,
        2029,
        3029,
        4029,
        5029,
        6029,
        7029,
        33029,
        34029,
        35029,
        36029,
        37029,
        2030,
        3030,
        4030,
        5030,
        6030,
        7030,
        33030,
        34030,
        35030,
        36030,
        37030,
        2031,
        3031,
        4031,
        5031,
        6031,
        7031,
        33031,
        34031,
        35031,
        36031,
        37031,
        3032,
        4032,
        5032,
        6032,
        7032,
        33032,
        34032,
        35032,
        36032,
        37032,
        4033,
        5033,
        6033,
        7033,
        8033,
        9033,
        10033,
        11033,
        12033,
        13033,
        14033,
        15033,
        16033,
        17033,
        18033,
        19033,
        20033,
        21033,
        22033,
        23033,
        24033,
        25033,
        26033,
        27033,
        28033,
        29033,
        30033,
        31033,
        32033,
        33033,
        34033,
        35033,
        36033,
        37033,
        6034,
        7034,
        8034,
        9034,
        10034,
        11034,
        12034,
        13034,
        14034,
        15034,
        16034,
        17034,
        18034,
        19034,
        20034,
        21034,
        22034,
        23034,
        24034,
        25034,
        26034,
        27034,
        28034,
        29034,
        30034,
        31034,
        32034,
        33034,
        6035,
        7035,
        8035,
        9035,
        10035,
        11035,
        12035,
        13035,
        14035,
        15035,
        16035,
        17035,
        18035,
        19035,
        20035,
        21035,
        22035,
        23035,
        24035,
        25035,
        26035,
        27035,
        28035,
        29035,
        30035,
        31035,
        32035,
        33035,
        6036,
        7036,
        8036,
        9036,
        10036,
        11036,
        12036,
        13036,
        14036,
        15036,
        16036,
        17036,
        22036,
        23036,
        24036,
        25036,
        29036,
        30036,
        31036,
        32036,
        33036,
        6037,
        7037,
        12037,
        13037,
        14037,
        15037,
        16037,
        17037,
        22037,
        23037,
        24037,
        25037,
        33037
    ]
}