{"skeleton":{"hash":"cwOKleINvm3HPwF6Tg8zfCJZ7kM","spine":"2.1.27","width":0,"height":0,"images":""},"bones":[{"name":"root"},{"name":"bone","parent":"root","y":-25.46}],"slots":[{"name":"bishuidun","bone":"bone"}],"skins":{"default":{"bishuidun":{"bishuidun":{"y":25.46,"width":128,"height":128}}}},"animations":{"animation":{"slots":{"bishuidun":{"attachment":[{"time":0,"name":"bishuidun"},{"time":1.3333,"name":"bishuidun"}]}},"bones":{"bone":{"rotate":[{"time":0,"angle":0,"curve":"stepped"},{"time":0.6666,"angle":0,"curve":"stepped"},{"time":1.3333,"angle":0}],"translate":[{"time":0,"x":-2.43,"y":33.92,"curve":[0.25,0,0.75,1]},{"time":0.3333,"x":-2.43,"y":35.96,"curve":[0.25,0,0.75,1]},{"time":0.6666,"x":-2.43,"y":33.92,"curve":[0.25,0,0.625,0.5]},{"time":1,"x":-2.43,"y":35.96,"curve":[0.25,0,0.75,1]},{"time":1.3333,"x":-2.43,"y":33.92}],"scale":[{"time":0,"x":1.681,"y":1.467,"curve":[0.25,0,0.75,1]},{"time":0.3333,"x":1.529,"y":1.609,"curve":[0.25,0,0.75,1]},{"time":0.6666,"x":1.703,"y":1.457,"curve":[0.25,0,0.75,1]},{"time":1,"x":1.529,"y":1.609,"curve":[0.25,0,0.75,1]},{"time":1.3333,"x":1.681,"y":1.477}]}}}}}