{"skeleton":{"hash":"2ObCDvGf8erciGcxfDr+TAcRgDY","spine":"2.1.27","width":0,"height":0,"images":""},"bones":[{"name":"root"},{"name":"bone","parent":"root"}],"slots":[{"name":"c_00","bone":"bone"}],"skins":{"default":{"c_00":{"c_00":{"width":137,"height":189},"c_01":{"width":137,"height":189},"c_02":{"width":137,"height":189},"c_03":{"width":137,"height":189},"c_04":{"width":137,"height":189},"c_05":{"width":137,"height":189}}}},"animations":{"animation":{"slots":{"c_00":{"attachment":[{"time":0,"name":"c_00"},{"time":0.0666,"name":"c_01"},{"time":0.1333,"name":"c_02"},{"time":0.2,"name":"c_03"},{"time":0.3,"name":"c_04"},{"time":0.4,"name":"c_05"},{"time":0.5,"name":null}],"color":[{"time":0,"color":"ffffffff","curve":"stepped"},{"time":0.4,"color":"ffffffff"},{"time":0.5,"color":"ffffff00"}]}},"bones":{"bone":{"rotate":[{"time":0,"angle":0,"curve":"stepped"},{"time":0.5,"angle":0}],"translate":[{"time":0,"x":0,"y":48,"curve":"stepped"},{"time":0.5,"x":0,"y":48}],"scale":[{"time":0,"x":0.8,"y":0.8,"curve":"stepped"},{"time":0.5,"x":0.8,"y":0.8}]}}}}}