{"skeleton":{"hash":"BEV+3+N/tBujFWwPRmvlFReHLvo","spine":"2.1.27","width":256,"height":256,"images":""},"bones":[{"name":"root"},{"name":"bone3","parent":"root"},{"name":"z","parent":"root"}],"slots":[{"name":"b_00","bone":"bone3","blend":"additive"},{"name":"c_00","bone":"z","attachment":"c_00"},{"name":"c_1","bone":"z","attachment":"c_00"},{"name":"c_2","bone":"z","attachment":"c_00"},{"name":"c_0","bone":"z","attachment":"c_00"}],"skins":{"default":{"b_00":{"b_00":{"width":64,"height":64}},"c_0":{"c_00":{"x":-64,"y":64,"width":128,"height":128}},"c_00":{"c_00":{"x":64,"y":-64,"scaleX":-1,"scaleY":-1,"width":128,"height":128}},"c_1":{"c_00":{"x":64,"y":64,"scaleX":-1,"width":128,"height":128}},"c_2":{"c_00":{"x":-64,"y":-64,"scaleY":-1,"width":128,"height":128}}}},"animations":{"animation":{"slots":{"b_00":{"attachment":[{"time":0,"name":"b_00"},{"time":0.3333,"name":null}],"color":[{"time":0,"color":"ffffffff","curve":[0,0.57,0.75,1]},{"time":0.3333,"color":"fffafd00"}]},"c_0":{"attachment":[{"time":0,"name":null},{"time":0.0333,"name":"c_00"}],"color":[{"time":0.0333,"color":"ffffffff","curve":"stepped"},{"time":0.3333,"color":"ffffffff"},{"time":0.5333,"color":"7ac2ff00"}]},"c_00":{"attachment":[{"time":0,"name":null},{"time":0.0333,"name":"c_00"}],"color":[{"time":0.0333,"color":"ffffffff","curve":"stepped"},{"time":0.3333,"color":"ffffffff"},{"time":0.5333,"color":"7ac2ff00"}]},"c_1":{"attachment":[{"time":0,"name":null},{"time":0.0333,"name":"c_00"}],"color":[{"time":0.0333,"color":"ffffffff","curve":"stepped"},{"time":0.3333,"color":"ffffffff"},{"time":0.5333,"color":"7ac2ff00"}]},"c_2":{"attachment":[{"time":0,"name":null},{"time":0.0333,"name":"c_00"}],"color":[{"time":0.0333,"color":"ffffffff","curve":"stepped"},{"time":0.3333,"color":"ffffffff"},{"time":0.5333,"color":"7ac2ff00"}]}},"bones":{"bone3":{"rotate":[{"time":0,"angle":0,"curve":"stepped"},{"time":0.3333,"angle":0}],"translate":[{"time":0,"x":0,"y":0,"curve":"stepped"},{"time":0.3333,"x":0,"y":0}],"scale":[{"time":0,"x":8.95,"y":8.95},{"time":0.3333,"x":0.894,"y":0.894}]},"z":{"rotate":[{"time":0.0333,"angle":0,"curve":"stepped"},{"time":0.1,"angle":0,"curve":"stepped"},{"time":0.5333,"angle":0}],"translate":[{"time":0.0333,"x":0,"y":6.42,"curve":"stepped"},{"time":0.1,"x":0,"y":6.42,"curve":"stepped"},{"time":0.5333,"x":0,"y":6.42}],"scale":[{"time":0.0333,"x":0.518,"y":0.518,"curve":[0,0.32,0.75,1]},{"time":0.1,"x":0.722,"y":0.722,"curve":[0,0.32,0.75,1]},{"time":0.5333,"x":2.556,"y":2.556}]}}}}}