{"skeleton":{"hash":"V+LbR9FXEp73SDUpy+xdiWWco7Y","spine":"2.1.27","width":0,"height":0,"images":""},"bones":[{"name":"root"},{"name":"bone","parent":"root","y":-25.46}],"slots":[{"name":"hunluan","bone":"bone"}],"skins":{"default":{"hunluan":{"hunluan":{"width":128,"height":128}}}},"animations":{"animation":{"slots":{"hunluan":{"attachment":[{"time":0,"name":"hunluan"}]}},"bones":{"bone":{"rotate":[{"time":0,"angle":0,"curve":[0.25,0,0.75,1]},{"time":0.3333,"angle":90},{"time":0.6666,"angle":180},{"time":1,"angle":270},{"time":1.3333,"angle":360}],"translate":[{"time":0,"x":-0.81,"y":151.29,"curve":"stepped"},{"time":1.3333,"x":-0.81,"y":151.29}],"scale":[{"time":0,"x":0.369,"y":0.369,"curve":"stepped"},{"time":1.3333,"x":0.369,"y":0.369}]}}}}}