{"skeleton":{"hash":"fhwcJQR+sNimfoz+TnRcwGf44C4","spine":"2.1.27","width":0,"height":0,"images":""},"bones":[{"name":"root"},{"name":"bone","parent":"root","y":-25.46}],"slots":[{"name":"hunluan","bone":"bone"}],"skins":{"default":{"hunluan":{"hunluan":{"width":128,"height":128}}}},"animations":{"animation":{"slots":{"hunluan":{"attachment":[{"time":0,"name":"hunluan"},{"time":1,"name":"hunluan"}]}},"bones":{"bone":{"rotate":[{"time":0,"angle":0,"curve":[0.25,0,0.75,1]},{"time":0.5,"angle":5.71,"curve":[0.25,0,0.75,1]},{"time":1,"angle":0}],"translate":[{"time":0,"x":-0.81,"y":151.29,"curve":[0.25,0,0.75,1]},{"time":0.5,"x":-0.81,"y":149.54,"curve":[0.25,0,0.75,1]},{"time":1,"x":-0.81,"y":151.29}],"scale":[{"time":0,"x":0.5,"y":0.5,"curve":[0.25,0,0.75,1]},{"time":0.5,"x":0.434,"y":0.434,"curve":[0.25,0,0.75,1]},{"time":1,"x":0.5,"y":0.5}]}}}}}