{"skeleton":{"hash":"poundzaZ1OO26R+y5d1Ij+Fj3aw","spine":"2.1.27","width":0,"height":0,"images":""},"bones":[{"name":"root"},{"name":"bone","parent":"root","y":-25.46}],"slots":[{"name":"a_00","bone":"bone"}],"skins":{"default":{"a_00":{"a_00":{"width":92,"height":176},"a_01":{"width":92,"height":176},"a_02":{"width":92,"height":176},"a_03":{"width":92,"height":176},"a_04":{"width":92,"height":176},"a_05":{"width":92,"height":176},"a_06":{"width":92,"height":176},"a_07":{"width":92,"height":176}}}},"animations":{"animation":{"slots":{"a_00":{"attachment":[{"time":0,"name":"a_00"},{"time":0.1,"name":"a_01"},{"time":0.2,"name":"a_02"},{"time":0.3,"name":"a_03"},{"time":0.4,"name":"a_04"},{"time":0.5,"name":"a_05"},{"time":0.6,"name":"a_06"},{"time":0.7,"name":"a_07"}]}},"bones":{"bone":{"rotate":[{"time":0,"angle":0,"curve":"stepped"},{"time":0.7,"angle":0}],"translate":[{"time":0,"x":55.72,"y":70.35,"curve":"stepped"},{"time":0.7,"x":55.72,"y":70.35}],"scale":[{"time":0,"x":0.6,"y":0.6,"curve":"stepped"},{"time":0.7,"x":0.6,"y":0.6}]}}}}}