{"skeleton":{"hash":"87fr6n1NNK8VPi89MvOXO7Kw7Q4","spine":"2.1.27","width":0,"height":0,"images":""},"bones":[{"name":"root"},{"name":"bone","parent":"root","y":-25.46}],"slots":[{"name":"hunluan","bone":"bone"}],"skins":{"default":{"hunluan":{"hunluan":{"width":128,"height":128}}}},"animations":{"animation":{"slots":{"hunluan":{"attachment":[{"time":0,"name":"hunluan"},{"time":0.6666,"name":"hunluan"}]}},"bones":{"bone":{"rotate":[{"time":0,"angle":-18.84,"curve":[0.25,0,0.75,1]},{"time":0.3333,"angle":-13.13,"curve":[0.25,0,0.75,1]},{"time":0.6666,"angle":-18.84}],"translate":[{"time":0,"x":4.72,"y":155.44,"curve":[0.25,0,0.75,1]},{"time":0.3333,"x":4.72,"y":151.1,"curve":[0.25,0,0.75,1]},{"time":0.6666,"x":4.72,"y":155.44}],"scale":[{"time":0,"x":0.5,"y":0.5,"curve":[0.25,0,0.75,1]},{"time":0.3333,"x":0.434,"y":0.434,"curve":[0.25,0,0.75,1]},{"time":0.6666,"x":0.5,"y":0.5}]}}}}}