{"skeleton":{"hash":"jOLWnxJh+e70i177vZ6weKWHoGY","spine":"2.1.27","width":0,"height":0,"images":""},"bones":[{"name":"root"},{"name":"bone","parent":"root","y":-25.46}],"slots":[{"name":"jiedong_00","bone":"bone"}],"skins":{"default":{"jiedong_00":{"jiedong_00":{"width":300,"height":300},"jiedong_01":{"width":300,"height":300},"jiedong_02":{"width":300,"height":300},"jiedong_03":{"width":300,"height":300}}}},"animations":{"animation":{"slots":{"jiedong_00":{"attachment":[{"time":0,"name":"jiedong_00"},{"time":0.1,"name":"jiedong_01"},{"time":0.2,"name":"jiedong_02"},{"time":0.3,"name":"jiedong_03"},{"time":0.4,"name":null},{"time":0.8333,"name":null}],"color":[{"time":0,"color":"ffffffff","curve":"stepped"},{"time":0.3,"color":"ffffffff"},{"time":0.4,"color":"ffffff00","curve":"stepped"},{"time":0.8333,"color":"ffffff00"}]}},"bones":{"bone":{"rotate":[{"time":0.8333,"angle":0}],"translate":[{"time":0,"x":0,"y":65.95,"curve":"stepped"},{"time":0.8333,"x":0,"y":65.95}],"scale":[{"time":0,"x":1,"y":1,"curve":"stepped"},{"time":0.4,"x":1,"y":1,"curve":"stepped"},{"time":0.8333,"x":1,"y":1}]}}}}}