{"skeleton":{"hash":"I0kfLXNvjDv08xj4PQTmCPG1fSk","spine":"2.1.27","width":0,"height":0,"images":""},"bones":[{"name":"root"},{"name":"bone","parent":"root"}],"slots":[{"name":"d_00","bone":"bone"}],"skins":{"default":{"d_00":{"d_00":{"width":250,"height":250},"d_01":{"width":250,"height":250},"d_02":{"width":250,"height":250},"d_03":{"width":250,"height":250},"d_04":{"width":250,"height":250},"d_05":{"width":250,"height":250}}}},"animations":{"animation":{"slots":{"d_00":{"attachment":[{"time":0,"name":"d_00"},{"time":0.0666,"name":"d_01"},{"time":0.1,"name":"d_01"},{"time":0.1333,"name":null},{"time":0.2333,"name":"d_02"},{"time":0.3333,"name":"d_03"},{"time":0.4666,"name":"d_04"},{"time":0.5666,"name":"d_05"},{"time":0.8333,"name":null}],"color":[{"time":0,"color":"ffffffff","curve":"stepped"},{"time":0.5666,"color":"ffffffff"},{"time":0.8333,"color":"ffffff00"}]}},"bones":{"bone":{"rotate":[{"time":0,"angle":0,"curve":"stepped"},{"time":0.8333,"angle":0}],"translate":[{"time":0,"x":-8.99,"y":50.99,"curve":"stepped"},{"time":0.8333,"x":-8.99,"y":-5}],"scale":[{"time":0,"x":1.32,"y":1.32,"curve":"stepped"},{"time":0.0333,"x":1,"y":1,"curve":"stepped"},{"time":0.0666,"x":1,"y":1,"curve":"stepped"},{"time":0.1,"x":0.923,"y":0.923,"curve":"stepped"},{"time":0.2333,"x":0.669,"y":0.669,"curve":"stepped"},{"time":0.2666,"x":1,"y":1,"curve":"stepped"},{"time":0.4666,"x":1,"y":1,"curve":[0.25,0,0.75,1]},{"time":0.8333,"x":1.049,"y":1.049}]}}}}}