{"skeleton":{"hash":"LyRIqAWUtxBiawVAiS+fY8nJpoQ","spine":"2.1.27","width":0,"height":0,"images":""},"bones":[{"name":"root"},{"name":"bone","parent":"root"}],"slots":[{"name":"b_00","bone":"bone"}],"skins":{"default":{"b_00":{"b_00":{"width":131,"height":131},"b_01":{"width":131,"height":131},"b_02":{"width":131,"height":131},"b_03":{"width":131,"height":131},"b_04":{"width":131,"height":131}}}},"animations":{"animation":{"slots":{"b_00":{"attachment":[{"time":0,"name":"b_00"},{"time":0.1333,"name":"b_01"},{"time":0.2666,"name":"b_02"},{"time":0.3333,"name":"b_03"},{"time":0.4333,"name":"b_04"},{"time":0.6666,"name":null}],"color":[{"time":0,"color":"ffffffff","curve":"stepped"},{"time":0.4333,"color":"ffffffff"},{"time":0.6666,"color":"ffffff00"}]}},"bones":{"bone":{"rotate":[{"time":0,"angle":-32.64,"curve":"stepped"},{"time":0.1333,"angle":-32.64,"curve":"stepped"},{"time":0.6666,"angle":-32.64}],"translate":[{"time":0,"x":-3.81,"y":3.85,"curve":"stepped"},{"time":0.1333,"x":-3,"y":11.99,"curve":"stepped"},{"time":0.6666,"x":-3,"y":11.99,"curve":"stepped"},{"time":1.4,"x":-3,"y":11.99}],"scale":[{"time":0,"x":0.6,"y":0.6,"curve":"stepped"},{"time":0.1333,"x":1,"y":1,"curve":"stepped"},{"time":0.6666,"x":1,"y":1}]}}}}}