{"skeleton":{"hash":"tYrp+C6bV5wylVqMW8Pae3Vq61c","spine":"2.1.27","width":0,"height":0,"images":""},"bones":[{"name":"root"},{"name":"bone","parent":"root"}],"slots":[{"name":"a","bone":"bone"}],"skins":{"default":{"a":{"images/a_00":{"width":150,"height":150},"images/a_02":{"width":150,"height":150},"images/a_03":{"width":150,"height":150},"images/a_04":{"width":150,"height":150},"images/a_05":{"width":150,"height":150},"images/a_07":{"width":150,"height":150},"images/a_09":{"width":150,"height":150},"images/a_11":{"width":150,"height":150},"images/a_12":{"width":150,"height":150}}}},"animations":{"animation":{"slots":{"a":{"attachment":[{"time":0,"name":null},{"time":0.5,"name":"images/a_00"},{"time":0.5666,"name":"images/a_02"},{"time":0.6,"name":"images/a_03"},{"time":0.6666,"name":"images/a_04"},{"time":0.7,"name":"images/a_05"},{"time":0.8,"name":"images/a_07"},{"time":0.9,"name":"images/a_09"},{"time":0.9666,"name":"images/a_11"},{"time":1.0333,"name":"images/a_12"},{"time":1.1666,"name":null}],"color":[{"time":0,"color":"ffffffff","curve":"stepped"},{"time":0.5,"color":"ffffffff","curve":"stepped"},{"time":1.0333,"color":"ffffffff"},{"time":1.1666,"color":"ffffff00"}]}},"bones":{"bone":{"rotate":[{"time":0,"angle":0,"curve":"stepped"},{"time":0.5,"angle":0,"curve":"stepped"},{"time":1.1666,"angle":0}],"translate":[{"time":0,"x":-4.88,"y":30.93,"curve":"stepped"},{"time":0.5,"x":-4.88,"y":30.93,"curve":"stepped"},{"time":1.1666,"x":-4.88,"y":30.93}],"scale":[{"time":0,"x":1,"y":1,"curve":"stepped"},{"time":0.5,"x":1,"y":1,"curve":"stepped"},{"time":1.1666,"x":1,"y":1}]}}}}}