{
    "width": 1280,
    "height": 1280,
    "tileWidth": 256,
    "tileHeight": 256,
    "cellSize": 32,
    "blocks": [
        0,
        1000,
        2000,
        3000,
        4000,
        5000,
        6000,
        7000,
        8000,
        9000,
        10000,
        11000,
        12000,
        13000,
        14000,
        15000,
        16000,
        17000,
        18000,
        19000,
        20000,
        21000,
        22000,
        23000,
        24000,
        25000,
        26000,
        27000,
        28000,
        29000,
        30000,
        31000,
        32000,
        33000,
        34000,
        35000,
        36000,
        37000,
        38000,
        39000,
        1,
        1001,
        2001,
        3001,
        4001,
        5001,
        6001,
        7001,
        8001,
        9001,
        10001,
        11001,
        12001,
        13001,
        14001,
        15001,
        16001,
        17001,
        18001,
        19001,
        20001,
        21001,
        22001,
        23001,
        24001,
        25001,
        26001,
        27001,
        28001,
        29001,
        30001,
        31001,
        32001,
        33001,
        34001,
        35001,
        36001,
        37001,
        38001,
        39001,
        2,
        1002,
        2002,
        3002,
        4002,
        5002,
        6002,
        7002,
        8002,
        9002,
        10002,
        11002,
        12002,
        13002,
        14002,
        15002,
        16002,
        17002,
        18002,
        19002,
        20002,
        21002,
        22002,
        23002,
        24002,
        25002,
        26002,
        27002,
        28002,
        29002,
        30002,
        31002,
        32002,
        33002,
        34002,
        35002,
        36002,
        37002,
        38002,
        39002,
        3,
        1003,
        2003,
        3003,
        4003,
        5003,
        6003,
        7003,
        8003,
        9003,
        10003,
        11003,
        12003,
        13003,
        14003,
        15003,
        16003,
        17003,
        18003,
        19003,
        20003,
        21003,
        22003,
        23003,
        24003,
        25003,
        26003,
        27003,
        28003,
        29003,
        30003,
        31003,
        32003,
        33003,
        34003,
        35003,
        36003,
        37003,
        38003,
        39003,
        4,
        1004,
        2004,
        3004,
        4004,
        5004,
        34004,
        35004,
        36004,
        37004,
        38004,
        39004,
        5,
        1005,
        2005,
        3005,
        4005,
        5005,
        34005,
        35005,
        36005,
        37005,
        38005,
        39005,
        6,
        1006,
        2006,
        3006,
        36006,
        37006,
        38006,
        39006,
        7,
        1007,
        2007,
        3007,
        36007,
        37007,
        38007,
        39007,
        8,
        1008,
        38008,
        39008,
        9,
        1009,
        38009,
        39009,
        10,
        1010,
        38010,
        39010,
        11,
        1011,
        38011,
        39011,
        12,
        1012,
        38012,
        39012,
        13,
        1013,
        38013,
        39013,
        14,
        1014,
        38014,
        39014,
        15,
        1015,
        38015,
        39015,
        16,
        1016,
        38016,
        39016,
        17,
        1017,
        38017,
        39017,
        18,
        1018,
        2018,
        3018,
        36018,
        37018,
        38018,
        39018,
        19,
        1019,
        2019,
        3019,
        19019,
        20019,
        36019,
        37019,
        38019,
        39019,
        20,
        1020,
        19020,
        20020,
        38020,
        39020,
        21,
        1021,
        38021,
        39021,
        22,
        1022,
        38022,
        39022,
        23,
        1023,
        38023,
        39023,
        24,
        1024,
        38024,
        39024,
        25,
        1025,
        38025,
        39025,
        26,
        1026,
        38026,
        39026,
        27,
        1027,
        38027,
        39027,
        28,
        1028,
        38028,
        39028,
        29,
        1029,
        38029,
        39029,
        30,
        1030,
        38030,
        39030,
        31,
        1031,
        38031,
        39031,
        32,
        1032,
        38032,
        39032,
        33,
        1033,
        38033,
        39033,
        34,
        1034,
        2034,
        3034,
        4034,
        35034,
        36034,
        37034,
        38034,
        39034,
        35,
        1035,
        2035,
        3035,
        4035,
        5035,
        34035,
        35035,
        36035,
        37035,
        38035,
        39035,
        36,
        1036,
        2036,
        3036,
        4036,
        5036,
        19036,
        20036,
        34036,
        35036,
        36036,
        37036,
        38036,
        39036,
        37,
        1037,
        2037,
        3037,
        4037,
        5037,
        18037,
        19037,
        20037,
        21037,
        34037,
        35037,
        36037,
        37037,
        38037,
        39037,
        38,
        1038,
        2038,
        3038,
        4038,
        5038,
        6038,
        7038,
        8038,
        9038,
        10038,
        11038,
        12038,
        13038,
        14038,
        15038,
        16038,
        17038,
        18038,
        19038,
        20038,
        21038,
        22038,
        23038,
        24038,
        25038,
        26038,
        27038,
        28038,
        29038,
        30038,
        31038,
        32038,
        33038,
        34038,
        35038,
        36038,
        37038,
        38038,
        39038,
        39,
        1039,
        2039,
        3039,
        4039,
        5039,
        6039,
        7039,
        8039,
        9039,
        10039,
        11039,
        12039,
        13039,
        14039,
        15039,
        16039,
        17039,
        18039,
        19039,
        20039,
        21039,
        22039,
        23039,
        24039,
        25039,
        26039,
        27039,
        28039,
        29039,
        30039,
        31039,
        32039,
        33039,
        34039,
        35039,
        36039,
        37039,
        38039,
        39039
    ],
    "nomons": [
        6004,
        7004,
        8004,
        9004,
        10004,
        11004,
        12004,
        13004,
        14004,
        15004,
        16004,
        17004,
        18004,
        19004,
        20004,
        21004,
        22004,
        23004,
        24004,
        25004,
        26004,
        27004,
        28004,
        29004,
        30004,
        31004,
        32004,
        33004,
        6005,
        7005,
        8005,
        9005,
        10005,
        11005,
        12005,
        13005,
        14005,
        15005,
        16005,
        17005,
        18005,
        19005,
        20005,
        21005,
        22005,
        23005,
        24005,
        25005,
        26005,
        27005,
        28005,
        29005,
        30005,
        31005,
        32005,
        33005,
        4006,
        5006,
        6006,
        7006,
        8006,
        9006,
        10006,
        11006,
        12006,
        13006,
        14006,
        15006,
        16006,
        17006,
        18006,
        19006,
        20006,
        21006,
        22006,
        23006,
        24006,
        25006,
        26006,
        27006,
        28006,
        29006,
        30006,
        31006,
        32006,
        33006,
        34006,
        35006,
        4007,
        5007,
        6007,
        33007,
        34007,
        35007,
        2008,
        3008,
        4008,
        35008,
        36008,
        37008,
        2009,
        3009,
        4009,
        35009,
        36009,
        37009,
        2010,
        3010,
        4010,
        35010,
        36010,
        37010,
        2011,
        3011,
        4011,
        35011,
        36011,
        37011,
        2012,
        3012,
        4012,
        35012,
        36012,
        37012,
        2013,
        3013,
        4013,
        35013,
        36013,
        37013,
        2014,
        3014,
        4014,
        35014,
        36014,
        37014,
        2015,
        3015,
        4015,
        35015,
        36015,
        37015,
        2016,
        3016,
        4016,
        35016,
        36016,
        37016,
        2017,
        3017,
        4017,
        35017,
        36017,
        37017,
        4018,
        5018,
        18018,
        19018,
        20018,
        21018,
        34018,
        35018,
        4019,
        5019,
        18019,
        21019,
        34019,
        35019,
        2020,
        3020,
        4020,
        18020,
        21020,
        35020,
        36020,
        37020,
        2021,
        3021,
        4021,
        18021,
        19021,
        20021,
        21021,
        35021,
        36021,
        37021,
        2022,
        3022,
        4022,
        35022,
        36022,
        37022,
        2023,
        3023,
        4023,
        35023,
        36023,
        37023,
        2024,
        3024,
        4024,
        35024,
        36024,
        37024,
        2025,
        3025,
        4025,
        35025,
        36025,
        37025,
        2026,
        3026,
        4026,
        35026,
        36026,
        37026,
        2027,
        3027,
        4027,
        35027,
        36027,
        37027,
        2028,
        3028,
        4028,
        35028,
        36028,
        37028,
        2029,
        3029,
        4029,
        35029,
        36029,
        37029,
        2030,
        3030,
        4030,
        35030,
        36030,
        37030,
        2031,
        3031,
        4031,
        35031,
        36031,
        37031,
        2032,
        3032,
        4032,
        5032,
        6032,
        33032,
        34032,
        35032,
        36032,
        37032,
        2033,
        3033,
        4033,
        5033,
        6033,
        7033,
        32033,
        33033,
        34033,
        35033,
        36033,
        37033,
        5034,
        6034,
        7034,
        32034,
        33034,
        34034,
        6035,
        7035,
        8035,
        9035,
        10035,
        11035,
        12035,
        13035,
        14035,
        15035,
        16035,
        17035,
        18035,
        19035,
        20035,
        21035,
        22035,
        23035,
        24035,
        25035,
        26035,
        27035,
        28035,
        29035,
        30035,
        31035,
        32035,
        33035,
        6036,
        7036,
        8036,
        9036,
        10036,
        11036,
        12036,
        13036,
        14036,
        15036,
        16036,
        17036,
        18036,
        21036,
        22036,
        23036,
        24036,
        25036,
        26036,
        27036,
        28036,
        29036,
        30036,
        31036,
        32036,
        33036,
        6037,
        7037,
        8037,
        9037,
        10037,
        11037,
        12037,
        13037,
        14037,
        15037,
        16037,
        17037,
        22037,
        23037,
        24037,
        25037,
        26037,
        27037,
        28037,
        29037,
        30037,
        31037,
        32037,
        33037
    ]
}