{"mc":{
	"0_3_attack_0":{
		"frameRate":7,
		"frames":[
			
			{
			"res":"917F9147",
			"x":400,
			"y":308
			},
			{
			"res":"B3435DF2",
			"x":389,
			"y":305
			},
			{
			"res":"5FCDF36F",
			"x":384,
			"y":302
			},
			{
			"res":"408E1332",
			"x":389,
			"y":313
			},
			{
			"res":"5EDD4AA9",
			"x":393,
			"y":323
			},
			{
			"res":"57618F6A",
			"x":393,
			"y":319
			},
			{
			"res":"FFE445B2",
			"x":394,
			"y":313
			}]
		},
		
	"0_3_attack_1":{
		"frameRate":7,
		"frames":[
					{
			"res":"71D920E3",
			"x":407,
			"y":309
			},
			{
			"res":"DA0A61CB",
			"x":386,
			"y":306
			},
			{
			"res":"3142282",
			"x":393,
			"y":303
			},
			{
			"res":"9CB13AE4",
			"x":383,
			"y":311
			},
			{
			"res":"7C582FAC",
			"x":394,
			"y":324
			},
			{
			"res":"8CA051A6",
			"x":397,
			"y":316
			},
			{
			"res":"FA010198",
			"x":392,
			"y":313
			}
		]
	},
		
	"0_3_attack_2":{
		"frameRate":7,
		"frames":[
					{
			"res":"BB43114B",
			"x":402,
			"y":307
			},
			{
			"res":"33060B0F",
			"x":387,
			"y":305
			},
			{
			"res":"E31DE57C",
			"x":405,
			"y":302
			},
			{
			"res":"7D4E0AC6",
			"x":389,
			"y":306
			},
			{
			"res":"A69E4F9C",
			"x":391,
			"y":323
			},
			{
			"res":"FFA94C52",
			"x":387,
			"y":318
			},
			{
			"res":"F0F5CCA7",
			"x":397,
			"y":310
			}
		]
	},
		
	"0_3_attack_3":{
		"frameRate":7,
		"frames":[
					{
			"res":"8F2109AE",
			"x":396,
			"y":305
			},
			{
			"res":"F419BA56",
			"x":398,
			"y":306
			},
			{
			"res":"66F0B988",
			"x":399,
			"y":306
			},
			{
			"res":"65FDC40F",
			"x":394,
			"y":300
			},
			{
			"res":"A83AA162",
			"x":388,
			"y":314
			},
			{
			"res":"DD7E42C2",
			"x":390,
			"y":310
			},
			{
			"res":"D6906C79",
			"x":395,
			"y":306
			}
	
		]
	},
		
	"0_3_attack_4":{
		"frameRate":7,
		"frames":[
			{
			"res":"C07B486A",
			"x":395,
			"y":305
			},
			{
			"res":"4B9DE8C3",
			"x":398,
			"y":307
			},
			{
			"res":"1920A655",
			"x":402,
			"y":309
			},
			{
			"res":"A3FB8E91",
			"x":397,
			"y":305
			},
			{
			"res":"DD83D245",
			"x":396,
			"y":308
			},
			{
			"res":"F605840B",
			"x":398,
			"y":305
			},
			{
			"res":"D1AE33DB",
			"x":396,
			"y":304
			}
		]
	}
},
	"res":{
		"917F9147":{"x":430,"y":101,"w":41,"h":91},
		"B3435DF2":{"x":288,"y":80,"w":49,"h":94},
		"5FCDF36F":{"x":235,"y":181,"w":50,"h":96},
		"408E1332":{"x":336,"y":270,"w":50,"h":86},
		"5EDD4AA9":{"x":434,"y":1,"w":47,"h":77},
		"57618F6A":{"x":235,"y":279,"w":45,"h":80},
		"FFE445B2":{"x":388,"y":202,"w":46,"h":86},
		"71D920E3":{"x":436,"y":194,"w":40,"h":90},
		"DA0A61CB":{"x":1,"y":286,"w":64,"h":93},
		"3142282":{"x":244,"y":366,"w":55,"h":96},
		"9CB13AE4":{"x":365,"y":366,"w":59,"h":89},
		"7C582FAC":{"x":235,"y":1,"w":63,"h":77},
		"8CA051A6":{"x":301,"y":366,"w":62,"h":85},
		"FA010198":{"x":1,"y":381,"w":66,"h":87},
		"BB43114B":{"x":336,"y":176,"w":49,"h":92},
		"33060B0F":{"x":1,"y":1,"w":71,"h":93},
		"E31DE57C":{"x":129,"y":92,"w":54,"h":96},
		"7D4E0AC6":{"x":67,"y":271,"w":61,"h":93},
		"A69E4F9C":{"x":144,"y":1,"w":66,"h":77},
		"FFA94C52":{"x":1,"y":96,"w":80,"h":82},
		"F0F5CCA7":{"x":126,"y":366,"w":61,"h":89},
		"8F2109AE":{"x":183,"y":190,"w":50,"h":99},
		"F419BA56":{"x":189,"y":366,"w":53,"h":100},
		"66F0B988":{"x":426,"y":366,"w":53,"h":98},
		"65FDC40F":{"x":1,"y":180,"w":58,"h":104},
		"A83AA162":{"x":61,"y":180,"w":66,"h":89},
		"DD7E42C2":{"x":74,"y":1,"w":68,"h":89},
		"D6906C79":{"x":69,"y":366,"w":55,"h":99},
		"C07B486A":{"x":387,"y":101,"w":41,"h":99},
		"4B9DE8C3":{"x":185,"y":80,"w":49,"h":99},
		"1920A655":{"x":236,"y":80,"w":50,"h":95},
		"A3FB8E91":{"x":130,"y":190,"w":51,"h":101},
		"DD83D245":{"x":287,"y":177,"w":47,"h":100},
		"F605840B":{"x":387,"y":1,"w":45,"h":98},
		"D1AE33DB":{"x":339,"y":1,"w":46,"h":100}
	}}