{"skeleton":{"hash":"hqIQiICnP5utdH4KTDOq7khv4ak","spine":"2.1.27","width":0,"height":0,"images":""},"bones":[{"name":"root"},{"name":"bone","parent":"root","y":78,"scaleX":0.8,"scaleY":0.8},{"name":"bone2","parent":"root"}],"slots":[{"name":"run","bone":"bone"},{"name":"stand","bone":"bone"},{"name":"drop","bone":"bone"},{"name":"ice","bone":"bone2"}],"skins":{"default":{"drop":{"4_drop/4_drop_01":{"width":1024,"height":1024},"4_drop/4_drop_02":{"width":1024,"height":1024},"4_drop/4_drop_03":{"width":1024,"height":1024},"4_drop/4_drop_04":{"width":1024,"height":1024},"4_drop/4_drop_05":{"width":1024,"height":1024},"4_drop/4_drop_06":{"width":1024,"height":1024},"4_drop/4_drop_07":{"width":1024,"height":1024}},"ice":{"ice":{"width":149,"height":176}},"run":{"4_move/4_move_02":{"width":1024,"height":1024},"4_move/4_move_03":{"width":1024,"height":1024}},"stand":{"4_stand/4_stand_01":{"width":1024,"height":1024},"4_stand/4_stand_03":{"width":1024,"height":1024},"4_stand/4_stand_05":{"width":1024,"height":1024},"4_stand/4_stand_07":{"width":1024,"height":1024},"4_stand/4_stand_09":{"width":1024,"height":1024}}}},"animations":{"drop":{"slots":{"drop":{"attachment":[{"time":0,"name":"4_drop/4_drop_01"},{"time":0.1,"name":"4_drop/4_drop_02"},{"time":0.2,"name":"4_drop/4_drop_03"},{"time":0.2666,"name":"4_drop/4_drop_04"},{"time":0.3666,"name":"4_drop/4_drop_05"},{"time":0.4333,"name":"4_drop/4_drop_06"},{"time":0.5333,"name":"4_drop/4_drop_07"},{"time":0.8333,"name":null},{"time":1.1666,"name":null}],"color":[{"time":0,"color":"ffffffff","curve":"stepped"},{"time":0.5333,"color":"ffffffff"},{"time":0.8333,"color":"ffffff00","curve":"stepped"},{"time":1.1666,"color":"ffffff00"}]},"ice":{"attachment":[{"time":0,"name":null},{"time":1.1666,"name":null}],"color":[{"time":0,"color":"ffffffff","curve":"stepped"},{"time":1.1666,"color":"ffffffff"}]},"run":{"attachment":[{"time":0,"name":null},{"time":0.8333,"name":null},{"time":1.1666,"name":null}],"color":[{"time":0,"color":"ffffffff","curve":"stepped"},{"time":0.8333,"color":"ffffffff","curve":"stepped"},{"time":1.1666,"color":"ffffffff"}]},"stand":{"attachment":[{"time":0,"name":null},{"time":0.8333,"name":null},{"time":1.1666,"name":null}],"color":[{"time":0,"color":"ffffffff","curve":"stepped"},{"time":0.8333,"color":"ffffffff","curve":"stepped"},{"time":1.1666,"color":"ffffffff"}]}},"bones":{"bone":{"rotate":[{"time":0,"angle":0,"curve":"stepped"},{"time":1.1666,"angle":0}],"translate":[{"time":0,"x":0,"y":0,"curve":"stepped"},{"time":0.1,"x":0,"y":16.39,"curve":"stepped"},{"time":0.2,"x":0,"y":0,"curve":"stepped"},{"time":0.2666,"x":0,"y":68.67,"curve":"stepped"},{"time":0.3666,"x":0,"y":126.07,"curve":"stepped"},{"time":0.4333,"x":0,"y":128.12,"curve":"stepped"},{"time":0.5333,"x":0,"y":142.47,"curve":"stepped"},{"time":1.1666,"x":0,"y":-8.84}],"scale":[{"time":0,"x":1,"y":1,"curve":"stepped"},{"time":1.1666,"x":1,"y":1}]},"bone2":{"rotate":[{"time":0,"angle":0,"curve":"stepped"},{"time":1.1666,"angle":0}],"translate":[{"time":0,"x":0,"y":0,"curve":"stepped"},{"time":1.1666,"x":0,"y":0}],"scale":[{"time":0,"x":1,"y":1,"curve":"stepped"},{"time":1.1666,"x":1,"y":1}]}},"drawOrder":[{"time":0},{"time":1.1666}]},"freeze":{"slots":{"drop":{"attachment":[{"time":0,"name":null}],"color":[{"time":0,"color":"ffffffff"}]},"ice":{"attachment":[{"time":0,"name":"ice"}],"color":[{"time":0,"color":"ffffffb0"}]},"run":{"attachment":[{"time":0,"name":null}],"color":[{"time":0,"color":"ffffffff"}]},"stand":{"attachment":[{"time":0,"name":"4_stand/4_stand_01"}],"color":[{"time":0,"color":"ffffffff"}]}},"bones":{"bone":{"rotate":[{"time":0,"angle":0}],"translate":[{"time":0,"x":0,"y":0}],"scale":[{"time":0,"x":1,"y":1}]},"bone2":{"rotate":[{"time":0,"angle":0}],"translate":[{"time":0,"x":0.56,"y":66.65}],"scale":[{"time":0,"x":0.9,"y":0.9}]}},"drawOrder":[{"time":0}]},"run":{"slots":{"drop":{"attachment":[{"time":0,"name":null},{"time":0.5,"name":null}],"color":[{"time":0,"color":"ffffffff","curve":"stepped"},{"time":0.5,"color":"ffffffff"}]},"ice":{"attachment":[{"time":0,"name":null},{"time":0.5,"name":null}],"color":[{"time":0,"color":"ffffffff","curve":"stepped"},{"time":0.5,"color":"ffffffff"}]},"run":{"attachment":[{"time":0,"name":null},{"time":0.1666,"name":"4_move/4_move_02"},{"time":0.3333,"name":"4_move/4_move_03"},{"time":0.5,"name":null}],"color":[{"time":0,"color":"ffffffff","curve":"stepped"},{"time":0.5,"color":"ffffffff"}]},"stand":{"attachment":[{"time":0,"name":"4_stand/4_stand_01"},{"time":0.1666,"name":null},{"time":0.5,"name":"4_stand/4_stand_01"}],"color":[{"time":0,"color":"ffffffff","curve":"stepped"},{"time":0.5,"color":"ffffffff"}]}},"bones":{"bone":{"rotate":[{"time":0,"angle":0,"curve":"stepped"},{"time":0.5,"angle":0}],"translate":[{"time":0,"x":0,"y":0,"curve":"stepped"},{"time":0.5,"x":0,"y":0}],"scale":[{"time":0,"x":1,"y":1,"curve":"stepped"},{"time":0.5,"x":1,"y":1}]},"bone2":{"rotate":[{"time":0,"angle":0,"curve":"stepped"},{"time":0.5,"angle":0}],"translate":[{"time":0,"x":0,"y":0,"curve":"stepped"},{"time":0.5,"x":0,"y":0}],"scale":[{"time":0,"x":1,"y":1,"curve":"stepped"},{"time":0.5,"x":1,"y":1}]}},"drawOrder":[{"time":0},{"time":0.5}]},"stand":{"slots":{"drop":{"attachment":[{"time":0,"name":null},{"time":0.8333,"name":null}],"color":[{"time":0,"color":"ffffffff","curve":"stepped"},{"time":0.8333,"color":"ffffffff"}]},"ice":{"attachment":[{"time":0,"name":null},{"time":0.8333,"name":null}],"color":[{"time":0,"color":"ffffffff","curve":"stepped"},{"time":0.8333,"color":"ffffffff"}]},"run":{"attachment":[{"time":0,"name":null},{"time":0.8333,"name":null}],"color":[{"time":0,"color":"ffffffff","curve":"stepped"},{"time":0.8333,"color":"ffffffff"}]},"stand":{"attachment":[{"time":0,"name":"4_stand/4_stand_01"},{"time":0.1666,"name":"4_stand/4_stand_03"},{"time":0.3333,"name":"4_stand/4_stand_05"},{"time":0.5,"name":"4_stand/4_stand_07"},{"time":0.6666,"name":"4_stand/4_stand_09"},{"time":0.8333,"name":"4_stand/4_stand_01"}],"color":[{"time":0,"color":"ffffffff","curve":"stepped"},{"time":0.8333,"color":"ffffffff"}]}},"bones":{"bone":{"rotate":[{"time":0,"angle":0,"curve":"stepped"},{"time":0.8333,"angle":0}],"translate":[{"time":0,"x":0,"y":0,"curve":"stepped"},{"time":0.8333,"x":0,"y":0}],"scale":[{"time":0,"x":1,"y":1,"curve":"stepped"},{"time":0.8333,"x":1,"y":1}]},"bone2":{"rotate":[{"time":0,"angle":0,"curve":"stepped"},{"time":0.8333,"angle":0}],"translate":[{"time":0,"x":0,"y":0,"curve":"stepped"},{"time":0.8333,"x":0,"y":0}],"scale":[{"time":0,"x":1,"y":1,"curve":"stepped"},{"time":0.8333,"x":1,"y":1}]}},"drawOrder":[{"time":0},{"time":0.8333}]}}}