{"skeleton":{"hash":"MG/6tIgYbL+R4mQNYJ5xQtLrkR4","spine":"2.1.27","width":0,"height":0,"images":""},"bones":[{"name":"root"},{"name":"bone","parent":"root","y":82,"scaleX":0.6,"scaleY":0.6},{"name":"bone2","parent":"root"}],"slots":[{"name":"stand","bone":"bone"},{"name":"drop","bone":"bone"},{"name":"run","bone":"bone"},{"name":"ice","bone":"bone2"}],"skins":{"default":{"drop":{"4_drop/4_drop_02":{"width":1024,"height":1024},"4_drop/4_drop_04":{"width":1024,"height":1024},"4_drop/4_drop_05":{"width":1024,"height":1024},"4_drop/4_drop_06":{"width":1024,"height":1024}},"ice":{"a/a_00":{"width":140,"height":93},"a/a_03":{"width":140,"height":93},"a/a_04":{"width":140,"height":93},"a/a_05":{"width":140,"height":93},"a/a_07":{"width":140,"height":93},"a/a_09":{"width":140,"height":93},"ice":{"width":104,"height":123}},"run":{"4_move/4_move_02":{"width":1024,"height":1024},"4_move/4_move_03":{"width":1024,"height":1024},"4_move/4_move_04":{"width":1024,"height":1024}},"stand":{"4_stand/4_stand_01":{"width":1024,"height":1024},"4_stand/4_stand_02":{"width":1024,"height":1024},"4_stand/4_stand_03":{"width":1024,"height":1024},"4_stand/4_stand_04":{"width":1024,"height":1024},"4_stand/4_stand_05":{"width":1024,"height":1024},"4_stand/4_stand_06":{"width":1024,"height":1024},"4_stand/4_stand_07":{"width":1024,"height":1024},"4_stand/4_stand_08":{"width":1024,"height":1024}}}},"animations":{"attack":{"slots":{"drop":{"attachment":[{"time":0,"name":null},{"time":1.0666,"name":null}],"color":[{"time":0,"color":"ffffffff","curve":"stepped"},{"time":1.0666,"color":"ffffffff"}]},"ice":{"attachment":[{"time":0,"name":null},{"time":0.1666,"name":"a/a_00"},{"time":0.2333,"name":"a/a_03"},{"time":0.3333,"name":"a/a_04"},{"time":0.4333,"name":"a/a_05"},{"time":0.5333,"name":"a/a_07"},{"time":0.6333,"name":"a/a_09"},{"time":0.7666,"name":null},{"time":1.0666,"name":null}],"color":[{"time":0,"color":"ffffffff","curve":"stepped"},{"time":0.1666,"color":"ffffffff","curve":"stepped"},{"time":0.6666,"color":"ffffffff","curve":[0.25,0,0.75,1]},{"time":0.7666,"color":"ffffff00","curve":"stepped"},{"time":1.0666,"color":"ffffffff"}]},"run":{"attachment":[{"time":0,"name":null},{"time":0.2,"name":"4_move/4_move_02"},{"time":0.4,"name":"4_move/4_move_03"},{"time":0.5,"name":null},{"time":1.0666,"name":null}],"color":[{"time":0,"color":"ffffffff","curve":"stepped"},{"time":1.0666,"color":"ffffffff"}]},"stand":{"attachment":[{"time":0,"name":"4_stand/4_stand_01"},{"time":0.2,"name":null},{"time":1.0666,"name":"4_stand/4_stand_01"}],"color":[{"time":0,"color":"ffffffff","curve":"stepped"},{"time":1.0666,"color":"ffffffff"}]}},"bones":{"bone":{"rotate":[{"time":0,"angle":0,"curve":"stepped"},{"time":1.0666,"angle":0}],"translate":[{"time":0,"x":0,"y":0,"curve":"stepped"},{"time":1.0666,"x":0,"y":0}],"scale":[{"time":0,"x":1,"y":1,"curve":"stepped"},{"time":1.0666,"x":1,"y":1}]},"bone2":{"rotate":[{"time":0,"angle":0,"curve":"stepped"},{"time":0.1666,"angle":0,"curve":"stepped"},{"time":0.7666,"angle":0,"curve":"stepped"},{"time":1.0666,"angle":0}],"translate":[{"time":0,"x":0,"y":0,"curve":"stepped"},{"time":0.1666,"x":3.61,"y":42.9,"curve":"stepped"},{"time":0.7666,"x":3.61,"y":22.3,"curve":"stepped"},{"time":1.0666,"x":3.61,"y":9.03}],"scale":[{"time":0,"x":1,"y":1,"curve":"stepped"},{"time":0.1666,"x":2.5,"y":2.5,"curve":"stepped"},{"time":0.3333,"x":2.5,"y":2.5,"curve":"stepped"},{"time":0.4333,"x":2.7,"y":2.7,"curve":"stepped"},{"time":0.7666,"x":2.5,"y":2.5,"curve":"stepped"},{"time":1.0666,"x":1.455,"y":1.455}]}},"drawOrder":[{"time":0},{"time":1.0666}]},"drop":{"slots":{"drop":{"attachment":[{"time":0,"name":null},{"time":0.0666,"name":"4_drop/4_drop_02"},{"time":0.3,"name":"4_drop/4_drop_05"},{"time":0.4666,"name":"4_drop/4_drop_06"},{"time":0.8333,"name":null},{"time":1.1666,"name":null}],"color":[{"time":0,"color":"ffffffff","curve":"stepped"},{"time":0.6,"color":"ffffffff"},{"time":0.8333,"color":"ffffff00","curve":"stepped"},{"time":1.1666,"color":"ffffff00"}]},"ice":{"attachment":[{"time":0,"name":null},{"time":1.1666,"name":null}],"color":[{"time":0,"color":"ffffffff","curve":"stepped"},{"time":1.1666,"color":"ffffffff"}]},"run":{"attachment":[{"time":0,"name":null},{"time":1.1666,"name":null}],"color":[{"time":0,"color":"ffffffff","curve":"stepped"},{"time":1.1666,"color":"ffffffff"}]},"stand":{"attachment":[{"time":0,"name":"4_stand/4_stand_01"},{"time":0.0666,"name":null},{"time":0.8333,"name":null},{"time":1.1666,"name":null}],"color":[{"time":0,"color":"ffffffff","curve":"stepped"},{"time":0.8333,"color":"ffffffff","curve":"stepped"},{"time":1.1666,"color":"ffffffff"}]}},"bones":{"bone":{"rotate":[{"time":0,"angle":0,"curve":"stepped"},{"time":1.1666,"angle":0}],"translate":[{"time":0,"x":0,"y":0,"curve":"stepped"},{"time":0.0666,"x":0,"y":42.86,"curve":"stepped"},{"time":0.3,"x":0,"y":107.84,"curve":"stepped"},{"time":0.4666,"x":0,"y":123.44,"curve":"stepped"},{"time":1.1666,"x":0,"y":-18.59}],"scale":[{"time":0,"x":1,"y":1,"curve":"stepped"},{"time":1.1666,"x":1,"y":1}]},"bone2":{"rotate":[{"time":0,"angle":0,"curve":"stepped"},{"time":1.1666,"angle":0}],"translate":[{"time":0,"x":0,"y":0,"curve":"stepped"},{"time":1.1666,"x":0,"y":0}],"scale":[{"time":0,"x":1,"y":1,"curve":"stepped"},{"time":1.1666,"x":1,"y":1}]}},"drawOrder":[{"time":0},{"time":1.1666}]},"freeze":{"slots":{"drop":{"attachment":[{"time":0,"name":null}],"color":[{"time":0,"color":"ffffffff"}]},"ice":{"attachment":[{"time":0,"name":"ice"}],"color":[{"time":0,"color":"ffffffff"}]},"run":{"attachment":[{"time":0,"name":null}],"color":[{"time":0,"color":"ffffffff"}]},"stand":{"attachment":[{"time":0,"name":"4_stand/4_stand_01"}],"color":[{"time":0,"color":"ffffffff"}]}},"bones":{"bone":{"rotate":[{"time":0,"angle":0}],"translate":[{"time":0,"x":0,"y":0}],"scale":[{"time":0,"x":1,"y":1}]},"bone2":{"rotate":[{"time":0,"angle":0}],"translate":[{"time":0,"x":0.56,"y":62.62}],"scale":[{"time":0,"x":1.4,"y":1.4}]}},"drawOrder":[{"time":0}]},"run":{"slots":{"drop":{"attachment":[{"time":0,"name":null},{"time":0.6666,"name":null}],"color":[{"time":0,"color":"ffffffff","curve":"stepped"},{"time":0.6666,"color":"ffffffff"}]},"ice":{"attachment":[{"time":0,"name":null},{"time":0.6666,"name":null}],"color":[{"time":0,"color":"ffffffff","curve":"stepped"},{"time":0.6666,"color":"ffffffff"}]},"run":{"attachment":[{"time":0,"name":null},{"time":0.1666,"name":"4_move/4_move_02"},{"time":0.3333,"name":"4_move/4_move_03"},{"time":0.5,"name":"4_move/4_move_04"},{"time":0.6666,"name":null}],"color":[{"time":0,"color":"ffffffff","curve":"stepped"},{"time":0.6666,"color":"ffffffff"}]},"stand":{"attachment":[{"time":0,"name":"4_stand/4_stand_01"},{"time":0.1666,"name":null},{"time":0.6666,"name":"4_stand/4_stand_01"}],"color":[{"time":0,"color":"ffffffff","curve":"stepped"},{"time":0.6666,"color":"ffffffff"}]}},"bones":{"bone":{"rotate":[{"time":0,"angle":0,"curve":"stepped"},{"time":0.6666,"angle":0}],"translate":[{"time":0,"x":0,"y":0,"curve":"stepped"},{"time":0.6666,"x":0,"y":0}],"scale":[{"time":0,"x":1,"y":1,"curve":"stepped"},{"time":0.6666,"x":1,"y":1}]},"bone2":{"rotate":[{"time":0,"angle":0,"curve":"stepped"},{"time":0.6666,"angle":0}],"translate":[{"time":0,"x":0,"y":0,"curve":"stepped"},{"time":0.6666,"x":0,"y":0}],"scale":[{"time":0,"x":1,"y":1,"curve":"stepped"},{"time":0.6666,"x":1,"y":1}]}},"drawOrder":[{"time":0},{"time":0.6666}]},"stand":{"slots":{"drop":{"attachment":[{"time":0,"name":null},{"time":0.8,"name":null}],"color":[{"time":0,"color":"ffffffff","curve":"stepped"},{"time":0.8,"color":"ffffffff"}]},"ice":{"attachment":[{"time":0,"name":null},{"time":0.8,"name":null}],"color":[{"time":0,"color":"ffffffff","curve":"stepped"},{"time":0.8,"color":"ffffffff"}]},"run":{"attachment":[{"time":0,"name":null},{"time":0.8,"name":null}],"color":[{"time":0,"color":"ffffffff","curve":"stepped"},{"time":0.8,"color":"ffffffff"}]},"stand":{"attachment":[{"time":0,"name":"4_stand/4_stand_01"},{"time":0.1,"name":"4_stand/4_stand_02"},{"time":0.2,"name":"4_stand/4_stand_03"},{"time":0.3,"name":"4_stand/4_stand_04"},{"time":0.4,"name":"4_stand/4_stand_05"},{"time":0.5,"name":"4_stand/4_stand_06"},{"time":0.6,"name":"4_stand/4_stand_07"},{"time":0.7,"name":"4_stand/4_stand_08"},{"time":0.8,"name":"4_stand/4_stand_01"}],"color":[{"time":0,"color":"ffffffff","curve":"stepped"},{"time":0.8,"color":"ffffffff"}]}},"bones":{"bone":{"rotate":[{"time":0,"angle":0,"curve":"stepped"},{"time":0.8,"angle":0}],"translate":[{"time":0,"x":0,"y":0,"curve":"stepped"},{"time":0.8,"x":0,"y":0}],"scale":[{"time":0,"x":1,"y":1,"curve":"stepped"},{"time":0.8,"x":1,"y":1}]},"bone2":{"rotate":[{"time":0,"angle":0,"curve":"stepped"},{"time":0.8,"angle":0}],"translate":[{"time":0,"x":0,"y":0,"curve":"stepped"},{"time":0.8,"x":0,"y":0}],"scale":[{"time":0,"x":1,"y":1,"curve":"stepped"},{"time":0.8,"x":1,"y":1}]}},"drawOrder":[{"time":0},{"time":0.8}]}}}