{"skeleton":{"hash":"yvJIMIDgzBf3BZejxjIt6t+09cg","spine":"2.1.27","width":0,"height":0,"images":""},"bones":[{"name":"root","scaleX":0.8,"scaleY":0.8},{"name":"bone","parent":"root","y":106.24},{"name":"bone2","parent":"root","scaleX":1.25,"scaleY":1.25}],"slots":[{"name":"run","bone":"bone"},{"name":"stand","bone":"bone"},{"name":"drop","bone":"bone"},{"name":"ice","bone":"bone2"}],"skins":{"default":{"drop":{"2_drop/2_drop_02":{"width":1024,"height":1024},"2_drop/2_drop_03":{"width":1024,"height":1024},"2_drop/2_drop_04":{"width":1024,"height":1024}},"ice":{"ice":{"width":149,"height":176}},"run":{"2_move/2_move_01":{"width":1024,"height":1024},"2_move/2_move_02":{"width":1024,"height":1024},"2_move/2_move_03":{"width":1024,"height":1024},"2_move/2_move_04":{"width":1024,"height":1024},"2_move/2_move_05":{"width":1024,"height":1024}},"stand":{"2_stand/2_stand_01":{"width":1024,"height":1024},"2_stand/2_stand_02":{"width":1024,"height":1024},"2_stand/2_stand_03":{"width":1024,"height":1024},"2_stand/2_stand_04":{"width":1024,"height":1024},"2_stand/2_stand_05":{"width":1024,"height":1024},"2_stand/2_stand_06":{"width":1024,"height":1024}}}},"animations":{"drop":{"slots":{"drop":{"attachment":[{"time":0,"name":null},{"time":0.1666,"name":"2_drop/2_drop_02"},{"time":0.2666,"name":"2_drop/2_drop_03"},{"time":0.3666,"name":"2_drop/2_drop_04"},{"time":0.8333,"name":null},{"time":1.1666,"name":null}],"color":[{"time":0,"color":"ffffffff","curve":"stepped"},{"time":0.4666,"color":"ffffffff"},{"time":0.8333,"color":"ffffff00","curve":"stepped"},{"time":1.1666,"color":"ffffff00"}]},"ice":{"attachment":[{"time":0,"name":null},{"time":1.1666,"name":null}],"color":[{"time":0,"color":"ffffffff","curve":"stepped"},{"time":1.1666,"color":"ffffffff"}]},"run":{"attachment":[{"time":0,"name":null},{"time":0.8333,"name":null},{"time":1.1666,"name":null}],"color":[{"time":0,"color":"ffffffff","curve":"stepped"},{"time":0.8333,"color":"ffffffff","curve":"stepped"},{"time":1.1666,"color":"ffffffff"}]},"stand":{"attachment":[{"time":0,"name":"2_stand/2_stand_01"},{"time":0.1666,"name":null},{"time":0.8333,"name":null},{"time":1.1666,"name":null}],"color":[{"time":0,"color":"ffffffff","curve":"stepped"},{"time":0.8333,"color":"ffffffff","curve":"stepped"},{"time":1.1666,"color":"ffffffff"}]}},"bones":{"bone":{"rotate":[{"time":0,"angle":0,"curve":"stepped"},{"time":1.1666,"angle":0}],"translate":[{"time":0,"x":0,"y":0,"curve":"stepped"},{"time":0.1666,"x":0,"y":39.18,"curve":"stepped"},{"time":0.2666,"x":0,"y":59.31,"curve":"stepped"},{"time":0.3666,"x":0,"y":80.12,"curve":"stepped"},{"time":1.1666,"x":0,"y":-8.84}],"scale":[{"time":0,"x":1,"y":1,"curve":"stepped"},{"time":1.1666,"x":1,"y":1}]},"bone2":{"rotate":[{"time":0,"angle":0,"curve":"stepped"},{"time":1.1666,"angle":0}],"translate":[{"time":0,"x":0,"y":0,"curve":"stepped"},{"time":1.1666,"x":0,"y":0}],"scale":[{"time":0,"x":1,"y":1,"curve":"stepped"},{"time":1.1666,"x":1,"y":1}]}},"drawOrder":[{"time":0},{"time":1.1666}]},"freeze":{"slots":{"drop":{"attachment":[{"time":0,"name":null}],"color":[{"time":0,"color":"ffffffff"}]},"ice":{"attachment":[{"time":0,"name":"ice"}],"color":[{"time":0,"color":"ffffffff"}]},"run":{"attachment":[{"time":0,"name":null}],"color":[{"time":0,"color":"ffffffff"}]},"stand":{"attachment":[{"time":0,"name":"2_stand/2_stand_01"}],"color":[{"time":0,"color":"ffffffff"}]}},"bones":{"bone":{"rotate":[{"time":0,"angle":0}],"translate":[{"time":0,"x":0,"y":0}],"scale":[{"time":0,"x":1,"y":1}]},"bone2":{"rotate":[{"time":0,"angle":0}],"translate":[{"time":0,"x":1.79,"y":99.4}],"scale":[{"time":0,"x":1.2,"y":1.2}]}},"drawOrder":[{"time":0}]},"run":{"slots":{"drop":{"attachment":[{"time":0,"name":null},{"time":0.5333,"name":null}],"color":[{"time":0,"color":"ffffffff","curve":"stepped"},{"time":0.5333,"color":"ffffffff"}]},"ice":{"attachment":[{"time":0,"name":null},{"time":0.5333,"name":null}],"color":[{"time":0,"color":"ffffffff","curve":"stepped"},{"time":0.5333,"color":"ffffffff"}]},"run":{"attachment":[{"time":0,"name":"2_move/2_move_01"},{"time":0.1333,"name":"2_move/2_move_02"},{"time":0.2666,"name":"2_move/2_move_03"},{"time":0.4,"name":"2_move/2_move_04"},{"time":0.5333,"name":"2_move/2_move_05"}],"color":[{"time":0,"color":"ffffffff","curve":"stepped"},{"time":0.5333,"color":"ffffffff"}]},"stand":{"attachment":[{"time":0,"name":null},{"time":0.5333,"name":null}],"color":[{"time":0,"color":"ffffffff","curve":"stepped"},{"time":0.5333,"color":"ffffffff"}]}},"bones":{"bone":{"rotate":[{"time":0,"angle":0,"curve":"stepped"},{"time":0.5333,"angle":0}],"translate":[{"time":0,"x":0,"y":0,"curve":"stepped"},{"time":0.5333,"x":0,"y":0}],"scale":[{"time":0,"x":1,"y":1,"curve":"stepped"},{"time":0.5333,"x":1,"y":1}]},"bone2":{"rotate":[{"time":0,"angle":0,"curve":"stepped"},{"time":0.5333,"angle":0}],"translate":[{"time":0,"x":0,"y":0,"curve":"stepped"},{"time":0.5333,"x":0,"y":0}],"scale":[{"time":0,"x":1,"y":1,"curve":"stepped"},{"time":0.5333,"x":1,"y":1}]}},"drawOrder":[{"time":0},{"time":0.5333}]},"stand":{"slots":{"drop":{"attachment":[{"time":0,"name":null},{"time":0.8,"name":null}],"color":[{"time":0,"color":"ffffffff","curve":"stepped"},{"time":0.8,"color":"ffffffff"}]},"ice":{"attachment":[{"time":0,"name":null},{"time":0.8,"name":null}],"color":[{"time":0,"color":"ffffffff","curve":"stepped"},{"time":0.8,"color":"ffffffff"}]},"run":{"attachment":[{"time":0,"name":null},{"time":0.8,"name":null}],"color":[{"time":0,"color":"ffffffff","curve":"stepped"},{"time":0.8,"color":"ffffffff"}]},"stand":{"attachment":[{"time":0,"name":"2_stand/2_stand_01"},{"time":0.1333,"name":"2_stand/2_stand_02"},{"time":0.2666,"name":"2_stand/2_stand_03"},{"time":0.4,"name":"2_stand/2_stand_04"},{"time":0.5333,"name":"2_stand/2_stand_05"},{"time":0.6666,"name":"2_stand/2_stand_06"},{"time":0.8,"name":"2_stand/2_stand_01"}],"color":[{"time":0,"color":"ffffffff","curve":"stepped"},{"time":0.8,"color":"ffffffff"}]}},"bones":{"bone":{"rotate":[{"time":0,"angle":0,"curve":"stepped"},{"time":0.8,"angle":0}],"translate":[{"time":0,"x":0,"y":0,"curve":"stepped"},{"time":0.8,"x":0,"y":0}],"scale":[{"time":0,"x":1,"y":1,"curve":"stepped"},{"time":0.8,"x":1,"y":1}]},"bone2":{"rotate":[{"time":0,"angle":0,"curve":"stepped"},{"time":0.8,"angle":0}],"translate":[{"time":0,"x":0,"y":0,"curve":"stepped"},{"time":0.8,"x":0,"y":0}],"scale":[{"time":0,"x":1,"y":1,"curve":"stepped"},{"time":0.8,"x":1,"y":1}]}},"drawOrder":[{"time":0},{"time":0.8}]}}}