{"skeleton":{"hash":"LxjWcajkC4P2OvPHTQz6XMztYx8","spine":"2.1.27","width":0,"height":0,"images":""},"bones":[{"name":"root"},{"name":"bone","parent":"root","y":130,"scaleX":0.75,"scaleY":0.75},{"name":"bone2","parent":"root"}],"slots":[{"name":"jump","bone":"bone"},{"name":"stand","bone":"bone"},{"name":"drop","bone":"bone"},{"name":"ice","bone":"bone2"}],"skins":{"default":{"drop":{"4_drop/4_drop_02":{"width":2048,"height":2048},"4_drop/4_drop_03":{"width":2048,"height":2048},"4_drop/4_drop_04":{"width":2048,"height":2048},"4_drop/4_drop_07":{"width":2048,"height":2048}},"ice":{"ice":{"width":149,"height":176}},"jump":{"4_jump/4_jump_03":{"width":2048,"height":2048},"4_jump/4_jump_05":{"width":2048,"height":2048},"4_jump/4_jump_07":{"width":2048,"height":2048},"4_jump/4_jump_09":{"width":2048,"height":2048},"4_jump/4_jump_10":{"width":2048,"height":2048}},"stand":{"4_stand/4_stand_02":{"width":2048,"height":2048},"4_stand/4_stand_04":{"width":2048,"height":2048},"4_stand/4_stand_06":{"width":2048,"height":2048},"4_stand/4_stand_08":{"width":2048,"height":2048},"4_stand/4_stand_10":{"width":2048,"height":2048},"4_stand/4_stand_12":{"width":2048,"height":2048}}}},"animations":{"drop":{"slots":{"drop":{"attachment":[{"time":0,"name":null},{"time":0.0666,"name":"4_drop/4_drop_02"},{"time":0.1666,"name":"4_drop/4_drop_03"},{"time":0.2333,"name":"4_drop/4_drop_04"},{"time":0.3333,"name":"4_drop/4_drop_07"},{"time":1.1666,"name":null}],"color":[{"time":0,"color":"ffffffff","curve":"stepped"},{"time":0.3333,"color":"ffffffff"},{"time":0.8333,"color":"ffffff00","curve":"stepped"},{"time":1.1666,"color":"ffffff00"}]},"ice":{"attachment":[{"time":0,"name":null},{"time":1.1666,"name":null}],"color":[{"time":0,"color":"ffffffff","curve":"stepped"},{"time":1.1666,"color":"ffffffff"}]},"jump":{"attachment":[{"time":0,"name":null},{"time":1.1666,"name":null}],"color":[{"time":0,"color":"ffffffff","curve":"stepped"},{"time":1.1666,"color":"ffffffff"}]},"stand":{"attachment":[{"time":0,"name":"4_stand/4_stand_02"},{"time":0.0666,"name":null},{"time":1.1666,"name":null}],"color":[{"time":0,"color":"ffffffff","curve":"stepped"},{"time":1.1666,"color":"ffffffff"}]}},"bones":{"bone":{"rotate":[{"time":0,"angle":0,"curve":"stepped"},{"time":1.1666,"angle":0}],"translate":[{"time":0,"x":0,"y":0,"curve":"stepped"},{"time":0.0666,"x":0,"y":27.57,"curve":"stepped"},{"time":0.1666,"x":0,"y":117.13,"curve":"stepped"},{"time":0.2333,"x":0,"y":195.23,"curve":"stepped"},{"time":0.3333,"x":0,"y":252.35,"curve":[0.33,0.33,0.664,0.66]},{"time":1.1666,"x":0,"y":249.08}],"scale":[{"time":0,"x":1,"y":1,"curve":"stepped"},{"time":1.1666,"x":1,"y":1}]},"bone2":{"rotate":[{"time":0,"angle":0,"curve":"stepped"},{"time":1.1666,"angle":0}],"translate":[{"time":0,"x":0,"y":0,"curve":"stepped"},{"time":1.1666,"x":0,"y":0}],"scale":[{"time":0,"x":1,"y":1,"curve":"stepped"},{"time":1.1666,"x":1,"y":1}]}},"drawOrder":[{"time":0},{"time":1.1666}]},"freeze":{"slots":{"drop":{"attachment":[{"time":0,"name":null}],"color":[{"time":0,"color":"ffffffff"}]},"ice":{"attachment":[{"time":0,"name":"ice"}],"color":[{"time":0,"color":"ffffffff"}]},"jump":{"attachment":[{"time":0,"name":null}],"color":[{"time":0,"color":"ffffffff"}]},"stand":{"attachment":[{"time":0,"name":"4_stand/4_stand_02"}],"color":[{"time":0,"color":"ffffffff"}]}},"bones":{"bone":{"rotate":[{"time":0,"angle":0}],"translate":[{"time":0,"x":0,"y":0}],"scale":[{"time":0,"x":1,"y":1}]},"bone2":{"rotate":[{"time":0,"angle":0}],"translate":[{"time":0,"x":0.56,"y":136.79}],"scale":[{"time":0,"x":1.8,"y":1.8}]}},"drawOrder":[{"time":0}]},"jump":{"slots":{"drop":{"attachment":[{"time":0,"name":null},{"time":0.8,"name":null},{"time":1.1,"name":null}],"color":[{"time":0,"color":"ffffffff","curve":"stepped"},{"time":0.8,"color":"ffffffff","curve":"stepped"},{"time":1.1,"color":"ffffffff"}]},"ice":{"attachment":[{"time":0,"name":null},{"time":0.8,"name":null},{"time":1.1,"name":null}],"color":[{"time":0,"color":"ffffffff","curve":"stepped"},{"time":0.8,"color":"ffffffff","curve":"stepped"},{"time":1.1,"color":"ffffffff"}]},"jump":{"attachment":[{"time":0,"name":null},{"time":0.1,"name":"4_jump/4_jump_03"},{"time":0.2333,"name":"4_jump/4_jump_05"},{"time":0.4,"name":"4_jump/4_jump_07"},{"time":0.6,"name":"4_jump/4_jump_09"},{"time":0.7333,"name":"4_jump/4_jump_10"},{"time":0.8,"name":null},{"time":1.1,"name":null}],"color":[{"time":0,"color":"ffffffff","curve":"stepped"},{"time":0.8,"color":"ffffffff","curve":"stepped"},{"time":1.1,"color":"ffffffff"}]},"stand":{"attachment":[{"time":0,"name":"4_stand/4_stand_02"},{"time":0.1,"name":null},{"time":0.7333,"name":null},{"time":0.8,"name":"4_stand/4_stand_02"},{"time":1.1,"name":"4_stand/4_stand_02"}],"color":[{"time":0,"color":"ffffffff","curve":"stepped"},{"time":0.8,"color":"ffffffff","curve":"stepped"},{"time":1.1,"color":"ffffffff"}]}},"bones":{"bone":{"rotate":[{"time":0,"angle":0,"curve":"stepped"},{"time":0.8,"angle":0,"curve":"stepped"},{"time":1.1,"angle":0}],"translate":[{"time":0,"x":0,"y":0,"curve":"stepped"},{"time":0.1,"x":0,"y":0,"curve":"stepped"},{"time":0.2333,"x":0,"y":0,"curve":"stepped"},{"time":0.4,"x":0,"y":15.53,"curve":"stepped"},{"time":0.6,"x":0,"y":0,"curve":"stepped"},{"time":0.7333,"x":0,"y":0,"curve":"stepped"},{"time":0.8,"x":0,"y":0,"curve":"stepped"},{"time":1.1,"x":0,"y":0}],"scale":[{"time":0,"x":1,"y":1,"curve":"stepped"},{"time":0.8,"x":1,"y":1,"curve":"stepped"},{"time":1.1,"x":1,"y":1}]},"bone2":{"rotate":[{"time":0,"angle":0,"curve":"stepped"},{"time":0.8,"angle":0,"curve":"stepped"},{"time":1.1,"angle":0}],"translate":[{"time":0,"x":0,"y":0,"curve":"stepped"},{"time":0.8,"x":0,"y":0,"curve":"stepped"},{"time":1.1,"x":0,"y":0}],"scale":[{"time":0,"x":1,"y":1,"curve":"stepped"},{"time":0.8,"x":1,"y":1,"curve":"stepped"},{"time":1.1,"x":1,"y":1}]}},"drawOrder":[{"time":0},{"time":0.8},{"time":1.1}]},"run":{"slots":{"drop":{"attachment":[{"time":0,"name":null},{"time":0.8,"name":null}],"color":[{"time":0,"color":"ffffffff","curve":"stepped"},{"time":0.8,"color":"ffffffff"}]},"ice":{"attachment":[{"time":0,"name":null},{"time":0.8,"name":null}],"color":[{"time":0,"color":"ffffffff","curve":"stepped"},{"time":0.8,"color":"ffffffff"}]},"jump":{"attachment":[{"time":0,"name":null},{"time":0.8,"name":null}],"color":[{"time":0,"color":"ffffffff","curve":"stepped"},{"time":0.8,"color":"ffffffff"}]},"stand":{"attachment":[{"time":0,"name":"4_stand/4_stand_02"},{"time":0.1333,"name":"4_stand/4_stand_04"},{"time":0.2666,"name":"4_stand/4_stand_06"},{"time":0.4,"name":"4_stand/4_stand_08"},{"time":0.5333,"name":"4_stand/4_stand_10"},{"time":0.6666,"name":"4_stand/4_stand_12"},{"time":0.8,"name":"4_stand/4_stand_02"}],"color":[{"time":0,"color":"ffffffff","curve":"stepped"},{"time":0.8,"color":"ffffffff"}]}},"bones":{"bone":{"rotate":[{"time":0,"angle":0,"curve":"stepped"},{"time":0.8,"angle":0}],"translate":[{"time":0,"x":0,"y":0,"curve":"stepped"},{"time":0.8,"x":0,"y":0}],"scale":[{"time":0,"x":1,"y":1,"curve":"stepped"},{"time":0.8,"x":1,"y":1}]},"bone2":{"rotate":[{"time":0,"angle":0,"curve":"stepped"},{"time":0.8,"angle":0}],"translate":[{"time":0,"x":0,"y":0,"curve":"stepped"},{"time":0.8,"x":0,"y":0}],"scale":[{"time":0,"x":1,"y":1,"curve":"stepped"},{"time":0.8,"x":1,"y":1}]}},"drawOrder":[{"time":0},{"time":0.8}]},"stand":{"slots":{"drop":{"attachment":[{"time":0,"name":null},{"time":0.8,"name":null}],"color":[{"time":0,"color":"ffffffff","curve":"stepped"},{"time":0.8,"color":"ffffffff"}]},"ice":{"attachment":[{"time":0,"name":null},{"time":0.8,"name":null}],"color":[{"time":0,"color":"ffffffff","curve":"stepped"},{"time":0.8,"color":"ffffffff"}]},"jump":{"attachment":[{"time":0,"name":null},{"time":0.8,"name":null}],"color":[{"time":0,"color":"ffffffff","curve":"stepped"},{"time":0.8,"color":"ffffffff"}]},"stand":{"attachment":[{"time":0,"name":"4_stand/4_stand_02"},{"time":0.1333,"name":"4_stand/4_stand_04"},{"time":0.2666,"name":"4_stand/4_stand_06"},{"time":0.4,"name":"4_stand/4_stand_08"},{"time":0.5333,"name":"4_stand/4_stand_10"},{"time":0.6666,"name":"4_stand/4_stand_12"},{"time":0.8,"name":"4_stand/4_stand_02"}],"color":[{"time":0,"color":"ffffffff","curve":"stepped"},{"time":0.8,"color":"ffffffff"}]}},"bones":{"bone":{"rotate":[{"time":0,"angle":0,"curve":"stepped"},{"time":0.8,"angle":0}],"translate":[{"time":0,"x":0,"y":0,"curve":"stepped"},{"time":0.8,"x":0,"y":0}],"scale":[{"time":0,"x":1,"y":1,"curve":"stepped"},{"time":0.8,"x":1,"y":1}]},"bone2":{"rotate":[{"time":0,"angle":0,"curve":"stepped"},{"time":0.8,"angle":0}],"translate":[{"time":0,"x":0,"y":0,"curve":"stepped"},{"time":0.8,"x":0,"y":0}],"scale":[{"time":0,"x":1,"y":1,"curve":"stepped"},{"time":0.8,"x":1,"y":1}]}},"drawOrder":[{"time":0},{"time":0.8}]}}}