{"skeleton":{"hash":"6InGNsrN/N478sbPJmpTl08vpLc","spine":"2.1.27","width":0,"height":0,"images":""},"bones":[{"name":"root"},{"name":"bone","parent":"root","y":-10,"scaleX":0.7,"scaleY":0.7},{"name":"bone8","parent":"root"},{"name":"zzz","parent":"root"},{"name":"zzz2","parent":"root"},{"name":"bone2","parent":"bone","y":50,"scaleX":0.76,"scaleY":0.76}],"slots":[{"name":"run","bone":"bone"},{"name":"stand","bone":"bone2"},{"name":"drop","bone":"bone"},{"name":"sleep","bone":"bone"},{"name":"attack","bone":"bone"},{"name":"ice","bone":"bone8"},{"name":"4_attack/10","bone":"zzz"},{"name":"4_attack/11","bone":"zzz2"}],"skins":{"default":{"4_attack/10":{"4_attack/80":{"width":37,"height":36}},"4_attack/11":{"4_attack/81":{"width":79,"height":111}},"attack":{"4_attack/4_attack_02":{"width":1024,"height":1024},"4_attack/4_attack_04":{"width":1024,"height":1024},"4_attack/4_attack_06":{"width":1024,"height":1024}},"drop":{"4_drop/4_drop_02":{"width":1024,"height":1024},"4_drop/4_drop_04":{"width":1024,"height":1024},"4_drop/4_drop_06":{"width":1024,"height":1024}},"ice":{"ice":{"width":149,"height":176}},"run":{"4_move/4_move_01":{"width":1024,"height":1024},"4_move/4_move_02":{"width":1024,"height":1024},"4_move/4_move_03":{"width":1024,"height":1024},"4_move/4_move_04":{"width":1024,"height":1024},"4_move/4_move_05":{"width":1024,"height":1024}},"sleep":{"4_sleep/4_sleep_02":{"width":1024,"height":1024},"4_sleep/4_sleep_04":{"width":1024,"height":1024},"4_sleep/4_sleep_06":{"width":1024,"height":1024},"4_sleep/4_sleep_08":{"width":1024,"height":1024},"4_sleep/4_sleep_09":{"width":1024,"height":1024},"4_sleep/4_sleep_10":{"width":1024,"height":1024}},"stand":{"4_stand/4_stand_01":{"y":-50,"width":1024,"height":1024},"4_stand/4_stand_04":{"y":-50,"width":1024,"height":1024},"4_stand/4_stand_07":{"y":-50,"width":1024,"height":1024},"4_stand/4_stand_10":{"y":-50,"width":1024,"height":1024},"4_stand/4_stand_13":{"y":-50,"width":1024,"height":1024}}}},"animations":{"drop":{"slots":{"4_attack/10":{"attachment":[{"time":0,"name":null},{"time":1,"name":null}],"color":[{"time":0,"color":"ffffffff","curve":"stepped"},{"time":1,"color":"ffffffff"}]},"4_attack/11":{"attachment":[{"time":0,"name":null},{"time":1,"name":null}],"color":[{"time":0,"color":"ffffffff","curve":"stepped"},{"time":1,"color":"ffffffff"}]},"attack":{"attachment":[{"time":0,"name":null},{"time":1,"name":null}],"color":[{"time":0,"color":"ffffffff","curve":"stepped"},{"time":1,"color":"ffffffff"}]},"drop":{"attachment":[{"time":0,"name":null},{"time":0.1333,"name":"4_drop/4_drop_02"},{"time":0.2333,"name":"4_drop/4_drop_04"},{"time":0.3333,"name":"4_drop/4_drop_06"},{"time":1,"name":null}],"color":[{"time":0,"color":"ffffffff","curve":"stepped"},{"time":0.5333,"color":"ffffffff"},{"time":1,"color":"ffffff00"}]},"ice":{"attachment":[{"time":0,"name":null},{"time":1,"name":null}],"color":[{"time":0,"color":"ffffffff","curve":"stepped"},{"time":1,"color":"ffffffff"}]},"run":{"attachment":[{"time":0,"name":null},{"time":1,"name":null}],"color":[{"time":0,"color":"ffffffff","curve":"stepped"},{"time":1,"color":"ffffffff"}]},"sleep":{"attachment":[{"time":0,"name":null},{"time":1,"name":null}],"color":[{"time":0,"color":"ffffffff","curve":"stepped"},{"time":1,"color":"ffffffff"}]},"stand":{"attachment":[{"time":0,"name":"4_stand/4_stand_01"},{"time":0.1333,"name":null},{"time":1,"name":null}],"color":[{"time":0,"color":"ffffffff","curve":"stepped"},{"time":1,"color":"ffffffff"}]}},"bones":{"bone":{"rotate":[{"time":0,"angle":0,"curve":"stepped"},{"time":1,"angle":0}],"translate":[{"time":0,"x":0,"y":0,"curve":"stepped"},{"time":0.1333,"x":3.26,"y":130.16,"curve":"stepped"},{"time":0.2333,"x":3.26,"y":169.21,"curve":"stepped"},{"time":1,"x":6.7,"y":107.27}],"scale":[{"time":0,"x":1,"y":1,"curve":"stepped"},{"time":0.1333,"x":0.76,"y":0.76,"curve":"stepped"},{"time":0.2333,"x":0.76,"y":0.76,"curve":"stepped"},{"time":0.3333,"x":0.76,"y":0.76,"curve":"stepped"},{"time":1,"x":1,"y":1}]},"bone8":{"rotate":[{"time":0,"angle":0,"curve":"stepped"},{"time":1,"angle":0}],"translate":[{"time":0,"x":0,"y":0,"curve":"stepped"},{"time":1,"x":0,"y":0}],"scale":[{"time":0,"x":1,"y":1,"curve":"stepped"},{"time":1,"x":1,"y":1}]},"bone2":{"rotate":[{"time":0,"angle":0,"curve":"stepped"},{"time":1,"angle":0}],"translate":[{"time":0,"x":0,"y":0,"curve":"stepped"},{"time":1,"x":0,"y":0}],"scale":[{"time":0,"x":1,"y":1,"curve":"stepped"},{"time":1,"x":1,"y":1}]},"zzz2":{"rotate":[{"time":0,"angle":0,"curve":"stepped"},{"time":1,"angle":0}],"translate":[{"time":0,"x":0,"y":0,"curve":"stepped"},{"time":1,"x":0,"y":0}],"scale":[{"time":0,"x":1,"y":1,"curve":"stepped"},{"time":1,"x":1,"y":1}]},"zzz":{"rotate":[{"time":0,"angle":0,"curve":"stepped"},{"time":1,"angle":0}],"translate":[{"time":0,"x":0,"y":0,"curve":"stepped"},{"time":1,"x":0,"y":0}],"scale":[{"time":0,"x":1,"y":1,"curve":"stepped"},{"time":1,"x":1,"y":1}]}},"drawOrder":[{"time":0},{"time":1}]},"freeze":{"slots":{"4_attack/10":{"attachment":[{"time":0,"name":null}],"color":[{"time":0,"color":"ffffffff"}]},"4_attack/11":{"attachment":[{"time":0,"name":null}],"color":[{"time":0,"color":"ffffffff"}]},"attack":{"attachment":[{"time":0,"name":null}],"color":[{"time":0,"color":"ffffffff"}]},"drop":{"attachment":[{"time":0,"name":null}],"color":[{"time":0,"color":"ffffffff"}]},"ice":{"attachment":[{"time":0,"name":"ice"}],"color":[{"time":0,"color":"ffffffbe"}]},"run":{"attachment":[{"time":0,"name":null}],"color":[{"time":0,"color":"ffffffff"}]},"sleep":{"attachment":[{"time":0,"name":null}],"color":[{"time":0,"color":"ffffffff"}]},"stand":{"attachment":[{"time":0,"name":"4_stand/4_stand_01"}],"color":[{"time":0,"color":"ffffffff"}]}},"bones":{"bone":{"rotate":[{"time":0,"angle":0}],"translate":[{"time":0,"x":0,"y":0}],"scale":[{"time":0,"x":1,"y":1}]},"bone8":{"rotate":[{"time":0,"angle":0}],"translate":[{"time":0,"x":0,"y":86.58}],"scale":[{"time":0,"x":1,"y":1}]},"bone2":{"rotate":[{"time":0,"angle":0}],"translate":[{"time":0,"x":0,"y":0}],"scale":[{"time":0,"x":1,"y":1}]},"zzz2":{"rotate":[{"time":0,"angle":0}],"translate":[{"time":0,"x":0,"y":0}],"scale":[{"time":0,"x":1,"y":1}]},"zzz":{"rotate":[{"time":0,"angle":0}],"translate":[{"time":0,"x":0,"y":0}],"scale":[{"time":0,"x":1,"y":1}]}},"drawOrder":[{"time":0}]},"onhit":{"slots":{"4_attack/10":{"attachment":[{"time":0,"name":null},{"time":0.5333,"name":"4_attack/80"},{"time":0.8,"name":"4_attack/80"}],"color":[{"time":0,"color":"ffffffff","curve":"stepped"},{"time":0.8,"color":"ffffffff"}]},"4_attack/11":{"attachment":[{"time":0,"name":null},{"time":0.5333,"name":"4_attack/81"},{"time":0.8,"name":"4_attack/81"}],"color":[{"time":0,"color":"ffffffff","curve":"stepped"},{"time":0.8,"color":"ffffffff"}]},"attack":{"attachment":[{"time":0,"name":null},{"time":0.1333,"name":"4_attack/4_attack_02"},{"time":0.2666,"name":"4_attack/4_attack_04"},{"time":0.4,"name":"4_attack/4_attack_06"},{"time":0.5333,"name":null},{"time":0.8,"name":null}],"color":[{"time":0,"color":"ffffffff","curve":"stepped"},{"time":0.8,"color":"ffffffff"}]},"drop":{"attachment":[{"time":0,"name":null},{"time":0.8,"name":null}],"color":[{"time":0,"color":"ffffffff","curve":"stepped"},{"time":0.8,"color":"ffffffff"}]},"ice":{"attachment":[{"time":0,"name":null},{"time":0.8,"name":null}],"color":[{"time":0,"color":"ffffffff","curve":"stepped"},{"time":0.8,"color":"ffffffff"}]},"run":{"attachment":[{"time":0,"name":null},{"time":0.8,"name":null}],"color":[{"time":0,"color":"ffffffff","curve":"stepped"},{"time":0.8,"color":"ffffffff"}]},"sleep":{"attachment":[{"time":0,"name":null},{"time":0.8,"name":null}],"color":[{"time":0,"color":"ffffffff","curve":"stepped"},{"time":0.8,"color":"ffffffff"}]},"stand":{"attachment":[{"time":0,"name":"4_stand/4_stand_01"},{"time":0.1333,"name":null},{"time":0.8,"name":"4_stand/4_stand_01"}],"color":[{"time":0,"color":"ffffffff","curve":"stepped"},{"time":0.8,"color":"ffffffff"}]}},"bones":{"bone":{"rotate":[{"time":0,"angle":0,"curve":"stepped"},{"time":0.8,"angle":0}],"translate":[{"time":0,"x":0,"y":0,"curve":"stepped"},{"time":0.8,"x":0,"y":0}],"scale":[{"time":0,"x":1,"y":1,"curve":"stepped"},{"time":0.1333,"x":0.857,"y":0.857,"curve":"stepped"},{"time":0.8,"x":1,"y":1}]},"bone8":{"rotate":[{"time":0,"angle":0,"curve":"stepped"},{"time":0.8,"angle":0}],"translate":[{"time":0,"x":0,"y":0,"curve":"stepped"},{"time":0.8,"x":0,"y":0}],"scale":[{"time":0,"x":1,"y":1,"curve":"stepped"},{"time":0.8,"x":1,"y":1}]},"bone2":{"rotate":[{"time":0,"angle":0,"curve":"stepped"},{"time":0.8,"angle":0}],"translate":[{"time":0,"x":0,"y":0,"curve":"stepped"},{"time":0.8,"x":0,"y":0}],"scale":[{"time":0,"x":1,"y":1,"curve":"stepped"},{"time":0.8,"x":1,"y":1}]},"zzz2":{"rotate":[{"time":0,"angle":0,"curve":"stepped"},{"time":0.5333,"angle":0,"curve":"stepped"},{"time":0.6666,"angle":1.32,"curve":"stepped"},{"time":0.8,"angle":1.32}],"translate":[{"time":0,"x":0,"y":0,"curve":"stepped"},{"time":0.5333,"x":-6.51,"y":142.42,"curve":"stepped"},{"time":0.6666,"x":0,"y":137.05,"curve":"stepped"},{"time":0.8,"x":0,"y":137.05}],"scale":[{"time":0,"x":1,"y":1,"curve":"stepped"},{"time":0.5333,"x":0.6,"y":0.6,"curve":"stepped"},{"time":0.8,"x":0.6,"y":0.6}]},"zzz":{"rotate":[{"time":0,"angle":0,"curve":"stepped"},{"time":0.5333,"angle":0,"curve":"stepped"},{"time":0.6666,"angle":47.7,"curve":"stepped"},{"time":0.8,"angle":47.7}],"translate":[{"time":0,"x":0,"y":0,"curve":"stepped"},{"time":0.5333,"x":-1.96,"y":16.24,"curve":"stepped"},{"time":0.6666,"x":-10.35,"y":-10.77,"curve":"stepped"},{"time":0.8,"x":-10.35,"y":-10.77}],"scale":[{"time":0,"x":1,"y":1,"curve":"stepped"},{"time":0.5333,"x":0.6,"y":0.6,"curve":"stepped"},{"time":0.8,"x":0.6,"y":0.6}]}},"drawOrder":[{"time":0},{"time":0.8}]},"run":{"slots":{"4_attack/10":{"attachment":[{"time":0,"name":null},{"time":0.5,"name":null}],"color":[{"time":0,"color":"ffffffff","curve":"stepped"},{"time":0.5,"color":"ffffffff"}]},"4_attack/11":{"attachment":[{"time":0,"name":null},{"time":0.5,"name":null}],"color":[{"time":0,"color":"ffffffff","curve":"stepped"},{"time":0.5,"color":"ffffffff"}]},"attack":{"attachment":[{"time":0,"name":null},{"time":0.5,"name":null}],"color":[{"time":0,"color":"ffffffff","curve":"stepped"},{"time":0.5,"color":"ffffffff"}]},"drop":{"attachment":[{"time":0,"name":null},{"time":0.5,"name":null}],"color":[{"time":0,"color":"ffffffff","curve":"stepped"},{"time":0.5,"color":"ffffffff"}]},"ice":{"attachment":[{"time":0,"name":null},{"time":0.5,"name":null}],"color":[{"time":0,"color":"ffffffff","curve":"stepped"},{"time":0.5,"color":"ffffffff"}]},"run":{"attachment":[{"time":0,"name":"4_move/4_move_01"},{"time":0.1,"name":"4_move/4_move_02"},{"time":0.2,"name":"4_move/4_move_03"},{"time":0.3,"name":"4_move/4_move_04"},{"time":0.4,"name":"4_move/4_move_05"},{"time":0.5,"name":"4_move/4_move_01"}],"color":[{"time":0,"color":"ffffffff","curve":"stepped"},{"time":0.5,"color":"ffffffff"}]},"sleep":{"attachment":[{"time":0,"name":null},{"time":0.5,"name":null}],"color":[{"time":0,"color":"ffffffff","curve":"stepped"},{"time":0.5,"color":"ffffffff"}]},"stand":{"attachment":[{"time":0,"name":null},{"time":0.5,"name":null}],"color":[{"time":0,"color":"ffffffff","curve":"stepped"},{"time":0.5,"color":"ffffffff"}]}},"bones":{"bone":{"rotate":[{"time":0,"angle":0,"curve":"stepped"},{"time":0.5,"angle":0}],"translate":[{"time":0,"x":0,"y":4.12,"curve":"stepped"},{"time":0.5,"x":0,"y":4.12}],"scale":[{"time":0,"x":0.857,"y":0.857,"curve":"stepped"},{"time":0.5,"x":0.857,"y":0.857}]},"bone8":{"rotate":[{"time":0,"angle":0,"curve":"stepped"},{"time":0.5,"angle":0}],"translate":[{"time":0,"x":0,"y":0,"curve":"stepped"},{"time":0.5,"x":0,"y":0}],"scale":[{"time":0,"x":1,"y":1,"curve":"stepped"},{"time":0.5,"x":1,"y":1}]},"bone2":{"rotate":[{"time":0,"angle":0,"curve":"stepped"},{"time":0.5,"angle":0}],"translate":[{"time":0,"x":0,"y":0,"curve":"stepped"},{"time":0.5,"x":0,"y":0}],"scale":[{"time":0,"x":1,"y":1,"curve":"stepped"},{"time":0.5,"x":1,"y":1}]},"zzz2":{"rotate":[{"time":0,"angle":0,"curve":"stepped"},{"time":0.5,"angle":0}],"translate":[{"time":0,"x":0,"y":0,"curve":"stepped"},{"time":0.5,"x":0,"y":0}],"scale":[{"time":0,"x":1,"y":1,"curve":"stepped"},{"time":0.5,"x":1,"y":1}]},"zzz":{"rotate":[{"time":0,"angle":0,"curve":"stepped"},{"time":0.5,"angle":0}],"translate":[{"time":0,"x":0,"y":0,"curve":"stepped"},{"time":0.5,"x":0,"y":0}],"scale":[{"time":0,"x":1,"y":1,"curve":"stepped"},{"time":0.5,"x":1,"y":1}]}},"drawOrder":[{"time":0},{"time":0.5}]},"sleep":{"slots":{"4_attack/10":{"attachment":[{"time":0,"name":null},{"time":4.3666,"name":null}],"color":[{"time":0,"color":"ffffffff"}]},"4_attack/11":{"attachment":[{"time":0,"name":null},{"time":4.3666,"name":null}],"color":[{"time":0,"color":"ffffffff"}]},"attack":{"attachment":[{"time":0,"name":null},{"time":4.3666,"name":null}],"color":[{"time":0,"color":"ffffffff","curve":"stepped"},{"time":4.3666,"color":"ffffffff"}]},"drop":{"attachment":[{"time":0,"name":null},{"time":4.3666,"name":null}],"color":[{"time":0,"color":"ffffffff","curve":"stepped"},{"time":4.3666,"color":"ffffffff"}]},"ice":{"attachment":[{"time":0,"name":null},{"time":4.3666,"name":null}],"color":[{"time":0,"color":"ffffffff","curve":"stepped"},{"time":4.3666,"color":"ffffffff"}]},"run":{"attachment":[{"time":0,"name":null},{"time":4.3666,"name":null}],"color":[{"time":0,"color":"ffffffff","curve":"stepped"},{"time":4.3666,"color":"ffffffff"}]},"sleep":{"attachment":[{"time":0,"name":null},{"time":0.1,"name":"4_sleep/4_sleep_02"},{"time":0.2,"name":"4_sleep/4_sleep_04"},{"time":0.3,"name":"4_sleep/4_sleep_06"},{"time":0.4,"name":"4_sleep/4_sleep_08"},{"time":0.6666,"name":"4_sleep/4_sleep_09"},{"time":0.9333,"name":"4_sleep/4_sleep_10"},{"time":1.2333,"name":"4_sleep/4_sleep_09"},{"time":1.7666,"name":"4_sleep/4_sleep_08"},{"time":1.9666,"name":"4_sleep/4_sleep_09"},{"time":2.1666,"name":"4_sleep/4_sleep_10"},{"time":2.4666,"name":"4_sleep/4_sleep_09"},{"time":2.8,"name":"4_sleep/4_sleep_08"},{"time":3.1666,"name":"4_sleep/4_sleep_09"},{"time":3.5666,"name":"4_sleep/4_sleep_10"},{"time":4,"name":"4_sleep/4_sleep_06"},{"time":4.1333,"name":"4_sleep/4_sleep_04"},{"time":4.2666,"name":"4_sleep/4_sleep_02"},{"time":4.3666,"name":null}],"color":[{"time":0,"color":"ffffffff","curve":"stepped"},{"time":4.3666,"color":"ffffffff"}]},"stand":{"attachment":[{"time":0,"name":"4_stand/4_stand_01"},{"time":0.1,"name":null},{"time":4.3666,"name":"4_stand/4_stand_01"}],"color":[{"time":0,"color":"ffffffff","curve":"stepped"},{"time":4.3666,"color":"ffffffff"}]}},"bones":{"bone":{"rotate":[{"time":0,"angle":0,"curve":"stepped"},{"time":4.3666,"angle":0}],"translate":[{"time":0,"x":0,"y":0,"curve":"stepped"},{"time":4.3666,"x":0,"y":0}],"scale":[{"time":0,"x":1,"y":1,"curve":"stepped"},{"time":0.1,"x":0.857,"y":0.857,"curve":"stepped"},{"time":4.3666,"x":1,"y":1}]},"bone8":{"rotate":[{"time":0,"angle":0,"curve":"stepped"},{"time":4.3666,"angle":0}],"translate":[{"time":0,"x":0,"y":0,"curve":"stepped"},{"time":4.3666,"x":0,"y":0}],"scale":[{"time":0,"x":1,"y":1,"curve":"stepped"},{"time":4.3666,"x":1,"y":1}]},"bone2":{"rotate":[{"time":0,"angle":0,"curve":"stepped"},{"time":4.3666,"angle":0}],"translate":[{"time":0,"x":0,"y":0,"curve":"stepped"},{"time":4.3666,"x":0,"y":0}],"scale":[{"time":0,"x":1,"y":1,"curve":"stepped"},{"time":4.3666,"x":1,"y":1}]},"zzz2":{"rotate":[{"time":0,"angle":0,"curve":"stepped"},{"time":4.3666,"angle":0}],"translate":[{"time":0,"x":0,"y":0,"curve":"stepped"},{"time":4.3666,"x":0,"y":0}],"scale":[{"time":0,"x":1,"y":1,"curve":"stepped"},{"time":4.3666,"x":1,"y":1}]},"zzz":{"rotate":[{"time":0,"angle":0,"curve":"stepped"},{"time":4.3666,"angle":0}],"translate":[{"time":0,"x":0,"y":0,"curve":"stepped"},{"time":4.3666,"x":0,"y":0}],"scale":[{"time":0,"x":1,"y":1,"curve":"stepped"},{"time":4.3666,"x":1,"y":1}]}},"drawOrder":[{"time":0},{"time":4.3666}]},"stand":{"slots":{"4_attack/10":{"attachment":[{"time":0,"name":null},{"time":0.9333,"name":null}],"color":[{"time":0,"color":"ffffffff","curve":"stepped"},{"time":0.9333,"color":"ffffffff"}]},"4_attack/11":{"attachment":[{"time":0,"name":null},{"time":0.9333,"name":null}],"color":[{"time":0,"color":"ffffffff","curve":"stepped"},{"time":0.9333,"color":"ffffffff"}]},"attack":{"attachment":[{"time":0,"name":null},{"time":0.9333,"name":null}],"color":[{"time":0,"color":"ffffffff","curve":"stepped"},{"time":0.9333,"color":"ffffffff"}]},"drop":{"attachment":[{"time":0,"name":null},{"time":0.9333,"name":null}],"color":[{"time":0,"color":"ffffffff","curve":"stepped"},{"time":0.9333,"color":"ffffffff"}]},"ice":{"attachment":[{"time":0,"name":null},{"time":0.8333,"name":null},{"time":0.9333,"name":null}],"color":[{"time":0,"color":"ffffffff","curve":"stepped"},{"time":0.6666,"color":"ffffffff","curve":"stepped"},{"time":0.8333,"color":"ffffffff","curve":"stepped"},{"time":0.9333,"color":"ffffffff"}]},"run":{"attachment":[{"time":0,"name":null},{"time":0.9333,"name":null}],"color":[{"time":0,"color":"ffffffff","curve":"stepped"},{"time":0.9333,"color":"ffffffff"}]},"sleep":{"attachment":[{"time":0,"name":null},{"time":0.9333,"name":null}],"color":[{"time":0,"color":"ffffffff","curve":"stepped"},{"time":0.9333,"color":"ffffffff"}]},"stand":{"attachment":[{"time":0,"name":"4_stand/4_stand_01"},{"time":0.2,"name":"4_stand/4_stand_04"},{"time":0.4,"name":"4_stand/4_stand_07"},{"time":0.6,"name":"4_stand/4_stand_10"},{"time":0.8,"name":"4_stand/4_stand_13"},{"time":0.9333,"name":"4_stand/4_stand_01"}],"color":[{"time":0,"color":"ffffffff","curve":"stepped"},{"time":0.8,"color":"ffffffff","curve":"stepped"},{"time":0.9333,"color":"ffffffff"}]}},"bones":{"bone":{"rotate":[{"time":0,"angle":0,"curve":"stepped"},{"time":0.9333,"angle":0}],"translate":[{"time":0,"x":0,"y":0,"curve":"stepped"},{"time":0.9333,"x":0,"y":0}],"scale":[{"time":0,"x":1,"y":1,"curve":"stepped"},{"time":0.9333,"x":1,"y":1}]},"bone8":{"rotate":[{"time":0,"angle":0,"curve":"stepped"},{"time":0.6666,"angle":0,"curve":"stepped"},{"time":0.8333,"angle":0,"curve":"stepped"},{"time":0.9333,"angle":0}],"translate":[{"time":0,"x":0,"y":0,"curve":"stepped"},{"time":0.6666,"x":0,"y":0,"curve":"stepped"},{"time":0.8333,"x":0,"y":0,"curve":"stepped"},{"time":0.9333,"x":0,"y":0}],"scale":[{"time":0,"x":1,"y":1,"curve":"stepped"},{"time":0.6666,"x":1,"y":1,"curve":"stepped"},{"time":0.8333,"x":1,"y":1,"curve":"stepped"},{"time":0.9333,"x":1,"y":1}]},"bone2":{"rotate":[{"time":0,"angle":0,"curve":"stepped"},{"time":0.9333,"angle":0}],"translate":[{"time":0,"x":0,"y":0,"curve":"stepped"},{"time":0.9333,"x":0,"y":0}],"scale":[{"time":0,"x":1,"y":1,"curve":"stepped"},{"time":0.9333,"x":1,"y":1}]},"zzz2":{"rotate":[{"time":0,"angle":0,"curve":"stepped"},{"time":0.9333,"angle":0}],"translate":[{"time":0,"x":0,"y":0,"curve":"stepped"},{"time":0.9333,"x":0,"y":0}],"scale":[{"time":0,"x":1,"y":1,"curve":"stepped"},{"time":0.9333,"x":1,"y":1}]},"zzz":{"rotate":[{"time":0,"angle":0,"curve":"stepped"},{"time":0.9333,"angle":0}],"translate":[{"time":0,"x":0,"y":0,"curve":"stepped"},{"time":0.9333,"x":0,"y":0}],"scale":[{"time":0,"x":1,"y":1,"curve":"stepped"},{"time":0.9333,"x":1,"y":1}]}},"drawOrder":[{"time":0},{"time":0.9333}]}}}