{"skeleton":{"hash":"n2Ui7f801z5KCUuwkHtrlUFT3OA","spine":"2.1.27","width":0,"height":0,"images":""},"bones":[{"name":"root","scaleX":0.8,"scaleY":0.8},{"name":"bone","parent":"root","y":89.18},{"name":"bone2","parent":"root","y":39.18}],"slots":[{"name":"run","bone":"bone"},{"name":"stand","bone":"bone"},{"name":"drop","bone":"bone"},{"name":"ice","bone":"bone2"}],"skins":{"default":{"drop":{"2_drop/2_drop_01":{"width":1024,"height":1024},"2_drop/2_drop_02":{"width":1024,"height":1024},"2_drop/2_drop_03":{"width":1024,"height":1024}},"ice":{"ice":{"width":149,"height":176}},"run":{"2_move/2_move_02":{"width":1024,"height":1024},"2_move/2_move_04":{"width":1024,"height":1024},"2_move/2_move_06":{"width":1024,"height":1024},"2_move/2_move_08":{"width":1024,"height":1024},"2_move/2_move_10":{"width":1024,"height":1024}},"stand":{"2_stand/2_stand_01":{"width":1024,"height":1024},"2_stand/2_stand_03":{"width":1024,"height":1024},"2_stand/2_stand_05":{"width":1024,"height":1024},"2_stand/2_stand_07":{"width":1024,"height":1024}}}},"animations":{"drop":{"slots":{"drop":{"attachment":[{"time":0,"name":null},{"time":0.0333,"name":"2_drop/2_drop_01"},{"time":0.1333,"name":"2_drop/2_drop_02"},{"time":0.2,"name":"2_drop/2_drop_03"},{"time":0.8333,"name":null},{"time":1.3333,"name":null}],"color":[{"time":0,"color":"ffffffff","curve":"stepped"},{"time":0.4333,"color":"ffffffff"},{"time":0.8333,"color":"ffffff00","curve":"stepped"},{"time":1.3333,"color":"ffffff00"}]},"ice":{"attachment":[{"time":0,"name":null},{"time":1.3333,"name":null}],"color":[{"time":0,"color":"ffffffff","curve":"stepped"},{"time":1.3333,"color":"ffffffff"}]},"run":{"attachment":[{"time":0,"name":null},{"time":0.8333,"name":null},{"time":1.3333,"name":null}],"color":[{"time":0,"color":"ffffffff","curve":"stepped"},{"time":0.8333,"color":"ffffffff","curve":"stepped"},{"time":1.3333,"color":"ffffffff"}]},"stand":{"attachment":[{"time":0,"name":"2_stand/2_stand_01"},{"time":0.0333,"name":null},{"time":0.8333,"name":null},{"time":1.3333,"name":null}],"color":[{"time":0,"color":"ffffffff","curve":"stepped"},{"time":0.8333,"color":"ffffffff","curve":"stepped"},{"time":1.3333,"color":"ffffffff"}]}},"bones":{"bone":{"translate":[{"time":0,"x":0,"y":0,"curve":"stepped"},{"time":0.1333,"x":0,"y":34.12,"curve":"stepped"},{"time":0.2,"x":-1.23,"y":72.15,"curve":[0.304,0,0.639,0.35]},{"time":1.3333,"x":-0.58,"y":61.24}]}},"drawOrder":[{"time":0},{"time":1.3333}]},"freeze":{"slots":{"drop":{"attachment":[{"time":0,"name":null}],"color":[{"time":0,"color":"ffffffff"}]},"ice":{"attachment":[{"time":0,"name":"ice"}],"color":[{"time":0,"color":"ffffffc7"}]},"run":{"attachment":[{"time":0,"name":null}],"color":[{"time":0,"color":"ffffffff"}]},"stand":{"attachment":[{"time":0,"name":"2_stand/2_stand_01"}],"color":[{"time":0,"color":"ffffffff"}]}},"bones":{"bone2":{"translate":[{"time":0,"x":-10.02,"y":54.17}],"scale":[{"time":0,"x":1.5,"y":1.375}]}},"drawOrder":[{"time":0}]},"run":{"slots":{"drop":{"attachment":[{"time":0,"name":null},{"time":0.6666,"name":null}],"color":[{"time":0,"color":"ffffffff","curve":"stepped"},{"time":0.6666,"color":"ffffffff"}]},"ice":{"attachment":[{"time":0,"name":null},{"time":0.6666,"name":null}],"color":[{"time":0,"color":"ffffffff","curve":"stepped"},{"time":0.6666,"color":"ffffffff"}]},"run":{"attachment":[{"time":0,"name":"2_move/2_move_02"},{"time":0.1666,"name":"2_move/2_move_04"},{"time":0.3333,"name":"2_move/2_move_06"},{"time":0.5,"name":"2_move/2_move_08"},{"time":0.6666,"name":"2_move/2_move_10"}],"color":[{"time":0,"color":"ffffffff","curve":"stepped"},{"time":0.6666,"color":"ffffffff"}]},"stand":{"attachment":[{"time":0,"name":null},{"time":0.6666,"name":null}],"color":[{"time":0,"color":"ffffffff","curve":"stepped"},{"time":0.6666,"color":"ffffffff"}]}},"drawOrder":[{"time":0},{"time":0.6666}]},"stand":{"slots":{"drop":{"attachment":[{"time":0,"name":null},{"time":0.6666,"name":null}],"color":[{"time":0,"color":"ffffffff","curve":"stepped"},{"time":0.6666,"color":"ffffffff"}]},"ice":{"attachment":[{"time":0,"name":null},{"time":0.6666,"name":null}],"color":[{"time":0,"color":"ffffffff","curve":"stepped"},{"time":0.6666,"color":"ffffffff"}]},"run":{"attachment":[{"time":0,"name":null},{"time":0.6666,"name":null}],"color":[{"time":0,"color":"ffffffff","curve":"stepped"},{"time":0.6666,"color":"ffffffff"}]},"stand":{"attachment":[{"time":0,"name":"2_stand/2_stand_01"},{"time":0.1666,"name":"2_stand/2_stand_03"},{"time":0.3333,"name":"2_stand/2_stand_05"},{"time":0.5,"name":"2_stand/2_stand_07"},{"time":0.6666,"name":"2_stand/2_stand_01"}],"color":[{"time":0,"color":"ffffffff","curve":"stepped"},{"time":0.6666,"color":"ffffffff"}]}},"bones":{"bone":{"translate":[{"time":0.6666,"x":0,"y":0}]}},"drawOrder":[{"time":0},{"time":0.6666}]}}}