{"skeleton":{"hash":"vT/9ESadyawuD0H97sqSdA687Iw","spine":"2.1.27","width":52.48,"height":10,"images":""},"bones":[{"name":"root"},{"name":"bone","parent":"root","length":1,"x":-93.83},{"name":"bone2","parent":"root","length":1,"x":-52.52},{"name":"bone3","parent":"root","length":1,"x":-12.39},{"name":"bone4","parent":"root","length":1,"x":25.96},{"name":"bone5","parent":"root","length":1,"x":63.73},{"name":"dian1","parent":"root","length":1,"x":86.67,"y":3.06,"color":"9c0200ff"},{"name":"dian2","parent":"root","length":1,"x":101.26,"y":3.06,"color":"9c0200ff"},{"name":"dian3","parent":"root","length":1,"x":115.76,"y":3.06,"color":"9c0200ff"},{"name":"dian4","parent":"root","length":1,"x":129.16,"y":3.06,"color":"9c0200ff"}],"slots":[{"name":"ppword_01","bone":"bone"},{"name":"ppword_02","bone":"bone2"},{"name":"ppword_03","bone":"bone3"},{"name":"ppword_04","bone":"bone4"},{"name":"ppword_05","bone":"bone5"},{"name":"ppword_06","bone":"dian1","attachment":"ppword_06"},{"name":"ppword_6","bone":"dian2","attachment":"ppword_06"},{"name":"ppword_7","bone":"dian3","attachment":"ppword_06"},{"name":"ppword_8","bone":"dian4","attachment":"ppword_06"}],"skins":{"default":{"ppword_01":{"ppword_01":{"width":33,"height":35}},"ppword_02":{"ppword_02":{"width":35,"height":35}},"ppword_03":{"ppword_03":{"width":34,"height":34}},"ppword_04":{"ppword_04":{"width":35,"height":34}},"ppword_05":{"ppword_05":{"width":31,"height":35}},"ppword_06":{"ppword_06":{"y":-12.84,"width":10,"height":10}},"ppword_6":{"ppword_06":{"y":-12.84,"width":10,"height":10}},"ppword_7":{"ppword_06":{"y":-12.84,"width":10,"height":10}},"ppword_8":{"ppword_06":{"y":-12.84,"width":10,"height":10}}}},"animations":{"animation":{"slots":{"ppword_01":{"attachment":[{"time":0,"name":"ppword_01"},{"time":1,"name":"ppword_01"}],"color":[{"time":0,"color":"ffffffff","curve":"stepped"},{"time":1,"color":"ffffffff"}]},"ppword_02":{"attachment":[{"time":0,"name":"ppword_02"},{"time":1,"name":"ppword_02"}],"color":[{"time":0,"color":"ffffffff","curve":"stepped"},{"time":1,"color":"ffffffff"}]},"ppword_03":{"attachment":[{"time":0,"name":"ppword_03"},{"time":1,"name":"ppword_03"}],"color":[{"time":0,"color":"ffffffff","curve":"stepped"},{"time":1,"color":"ffffffff"}]},"ppword_04":{"attachment":[{"time":0,"name":"ppword_04"},{"time":1,"name":"ppword_04"}],"color":[{"time":0,"color":"ffffffff","curve":"stepped"},{"time":1,"color":"ffffffff"}]},"ppword_05":{"attachment":[{"time":0,"name":"ppword_05"},{"time":1,"name":"ppword_05"}],"color":[{"time":0,"color":"ffffffff","curve":"stepped"},{"time":1,"color":"ffffffff"}]},"ppword_06":{"attachment":[{"time":0,"name":"ppword_06"},{"time":0.6,"name":null},{"time":1,"name":null}],"color":[{"time":0,"color":"ffffffff","curve":"stepped"},{"time":1,"color":"ffffffff"}]},"ppword_6":{"attachment":[{"time":0,"name":null},{"time":0.2,"name":"ppword_06"},{"time":0.7,"name":null},{"time":1,"name":null}],"color":[{"time":0,"color":"ffffffff","curve":"stepped"},{"time":1,"color":"ffffffff"}]},"ppword_7":{"attachment":[{"time":0,"name":null},{"time":0.2666,"name":"ppword_06"},{"time":0.7666,"name":null},{"time":1,"name":null}],"color":[{"time":0,"color":"ffffffff","curve":"stepped"},{"time":1,"color":"ffffffff"}]},"ppword_8":{"attachment":[{"time":0,"name":null},{"time":0.4,"name":"ppword_06"},{"time":0.8666,"name":null},{"time":1,"name":null}],"color":[{"time":0,"color":"ffffffff","curve":"stepped"},{"time":1,"color":"ffffffff"}]}},"bones":{"bone":{"rotate":[{"time":0,"angle":0,"curve":[0.25,0,0.75,1]},{"time":0.5,"angle":4.06,"curve":[0.25,0,0.75,1]},{"time":1,"angle":0}],"translate":[{"time":0,"x":0,"y":0,"curve":[0.25,0,0.75,1]},{"time":0.5,"x":0,"y":15,"curve":[0.25,0,0.75,1]},{"time":1,"x":0,"y":0}],"scale":[{"time":0,"x":0.9,"y":0.8,"curve":[0.25,0,0.75,1]},{"time":0.5,"x":1,"y":1,"curve":[0.25,0,0.75,1]},{"time":1,"x":0.9,"y":0.8}]},"bone2":{"rotate":[{"time":0,"angle":0,"curve":[0.25,0,0.75,1]},{"time":0.5,"angle":-4.56,"curve":[0.25,0,0.75,1]},{"time":1,"angle":0}],"translate":[{"time":0,"x":0,"y":15,"curve":[0.25,0,0.75,1]},{"time":0.5,"x":0,"y":0,"curve":[0.25,0,0.75,1]},{"time":1,"x":0,"y":15}],"scale":[{"time":0,"x":1,"y":1,"curve":[0.25,0,0.75,1]},{"time":0.5,"x":0.9,"y":0.9,"curve":[0.25,0,0.75,1]},{"time":1,"x":1,"y":1}]},"bone3":{"rotate":[{"time":0,"angle":-9.77,"curve":[0.25,0,0.75,1]},{"time":0.5,"angle":-7.23,"curve":[0.25,0,0.75,1]},{"time":1,"angle":-9.77}],"translate":[{"time":0,"x":0,"y":0,"curve":[0.25,0,0.75,1]},{"time":0.5,"x":0,"y":15,"curve":[0.25,0,0.75,1]},{"time":1,"x":0,"y":0}],"scale":[{"time":0,"x":0.9,"y":0.8,"curve":[0.25,0,0.75,1]},{"time":0.5,"x":1,"y":1,"curve":[0.25,0,0.75,1]},{"time":1,"x":0.9,"y":0.8}]},"bone4":{"rotate":[{"time":0,"angle":4.95,"curve":[0.25,0,0.75,1]},{"time":0.5,"angle":-0.89,"curve":[0.25,0,0.75,1]},{"time":1,"angle":4.95}],"translate":[{"time":0,"x":0,"y":15,"curve":[0.25,0,0.75,1]},{"time":0.5,"x":0,"y":0,"curve":[0.25,0,0.75,1]},{"time":1,"x":0,"y":15}],"scale":[{"time":0,"x":1,"y":1,"curve":[0.25,0,0.75,1]},{"time":0.5,"x":0.9,"y":0.9,"curve":[0.25,0,0.75,1]},{"time":1,"x":1,"y":1}]},"bone5":{"rotate":[{"time":0,"angle":-4.87,"curve":[0.25,0,0.75,1]},{"time":0.5,"angle":0,"curve":[0.25,0,0.75,1]},{"time":1,"angle":-4.87}],"translate":[{"time":0,"x":0,"y":0,"curve":[0.25,0,0.75,1]},{"time":0.5,"x":0,"y":15.41,"curve":[0.25,0,0.75,1]},{"time":1,"x":0,"y":0}],"scale":[{"time":0,"x":0.9,"y":0.8,"curve":[0.25,0,0.75,1]},{"time":0.5,"x":1,"y":1,"curve":[0.25,0,0.75,1]},{"time":1,"x":0.9,"y":0.8}]},"dian1":{"rotate":[{"time":0,"angle":0,"curve":"stepped"},{"time":1,"angle":0}],"translate":[{"time":0,"x":0,"y":0},{"time":0.3,"x":0,"y":7.67},{"time":0.6,"x":0,"y":0,"curve":"stepped"},{"time":1,"x":0,"y":0}],"scale":[{"time":0,"x":1,"y":1,"curve":"stepped"},{"time":1,"x":1,"y":1}]},"dian2":{"rotate":[{"time":0,"angle":0,"curve":"stepped"},{"time":1,"angle":0}],"translate":[{"time":0,"x":0,"y":0,"curve":"stepped"},{"time":0.2,"x":0,"y":0},{"time":0.4666,"x":0,"y":7.67},{"time":0.7,"x":0,"y":0,"curve":"stepped"},{"time":1,"x":0,"y":0}],"scale":[{"time":0,"x":1,"y":1,"curve":"stepped"},{"time":1,"x":1,"y":1}]},"dian3":{"rotate":[{"time":0,"angle":0,"curve":"stepped"},{"time":1,"angle":0}],"translate":[{"time":0,"x":0,"y":0,"curve":"stepped"},{"time":0.2666,"x":0,"y":0},{"time":0.5333,"x":0,"y":7.67},{"time":0.7666,"x":0,"y":0,"curve":"stepped"},{"time":1,"x":0,"y":0}],"scale":[{"time":0,"x":1,"y":1,"curve":"stepped"},{"time":1,"x":1,"y":1}]},"dian4":{"rotate":[{"time":0,"angle":0,"curve":"stepped"},{"time":1,"angle":0}],"translate":[{"time":0,"x":0,"y":0,"curve":"stepped"},{"time":0.4,"x":0,"y":0},{"time":0.6,"x":0,"y":6.67},{"time":0.8666,"x":0,"y":0,"curve":"stepped"},{"time":1,"x":0,"y":0}],"scale":[{"time":0,"x":1,"y":1,"curve":"stepped"},{"time":1,"x":1,"y":1}]}},"drawOrder":[{"time":0},{"time":1}]}}}