{"skeleton":{"hash":"SG/WKth3Gae3aiGORiATxr6lF8g","spine":"2.1.27","width":0,"height":0,"images":""},"bones":[{"name":"root"},{"name":"bone","parent":"root"}],"slots":[{"name":"fire","bone":"bone"}],"skins":{"default":{"fire":{"images/Fire 09_02":{"width":80,"height":127},"images/Fire 09_05":{"width":80,"height":127},"images/Fire 09_08":{"width":80,"height":127},"images/Fire 09_11":{"width":80,"height":127},"images/Fire 09_14":{"width":80,"height":127},"images/Fire 09_17":{"width":80,"height":127},"images/Fire 09_20":{"width":80,"height":127},"images/Fire 09_23":{"width":80,"height":127}}}},"animations":{"animation":{"slots":{"fire":{"attachment":[{"time":0,"name":"images/Fire 09_02"},{"time":0.1,"name":"images/Fire 09_05"},{"time":0.2,"name":"images/Fire 09_08"},{"time":0.3,"name":"images/Fire 09_11"},{"time":0.4,"name":"images/Fire 09_14"},{"time":0.5,"name":"images/Fire 09_17"},{"time":0.6,"name":"images/Fire 09_20"},{"time":0.7,"name":"images/Fire 09_23"},{"time":0.7666,"name":"images/Fire 09_23"}]}},"bones":{"bone":{"rotate":[{"time":0,"angle":0,"curve":"stepped"},{"time":0.7666,"angle":0}],"translate":[{"time":0,"x":2.01,"y":47.1,"curve":"stepped"},{"time":0.7666,"x":2.01,"y":47.1}],"scale":[{"time":0,"x":1,"y":1,"curve":"stepped"},{"time":0.7666,"x":1,"y":1}]}}}}}