{"skeleton":{"hash":"qX/5kV0szXn6KvUeuRYvHhyb53g","spine":"2.1.27","width":0,"height":0,"images":""},"bones":[{"name":"root","y":-199.38,"scaleX":0.7,"scaleY":0.7},{"name":"bone4","parent":"root","length":2,"x":-214.74,"y":85.25,"color":"9b0007ff"},{"name":"bone5","parent":"root","length":2,"x":-64.74,"y":85.25,"color":"9b0007ff"},{"name":"bone6","parent":"root","length":2,"x":85.25,"y":85.25,"color":"9b0007ff"},{"name":"bone7","parent":"root","length":2,"x":235.25,"y":85.25,"color":"9b0007ff"},{"name":"yanhua1","parent":"root","length":333,"color":"40ff00ff"},{"name":"yanhua2","parent":"root","length":333,"color":"40ff00ff"},{"name":"yanhua3","parent":"root","length":333,"color":"40ff00ff"},{"name":"yanhua4","parent":"root","length":333,"color":"40ff00ff"}],"slots":[{"name":"yanhua","bone":"yanhua1"},{"name":"yanhua2","bone":"yanhua2"},{"name":"yanhua3","bone":"yanhua3"},{"name":"yanhua4","bone":"yanhua4"},{"name":"s","bone":"bone4"},{"name":"j","bone":"bone5"},{"name":"w","bone":"bone6"},{"name":"c","bone":"bone7"}],"skins":{"default":{"c":{"c":{"width":130,"height":160}},"j":{"j":{"width":126,"height":162}},"s":{"s":{"width":127,"height":158}},"w":{"w":{"width":126,"height":163}},"yanhua":{"images/a_0":{"width":400,"height":400},"images/a_4":{"width":400,"height":400},"images/a_6":{"width":400,"height":400},"images/a_8":{"width":400,"height":400},"images/a_10":{"width":400,"height":400},"images/a_12":{"width":400,"height":400},"images/a_14":{"width":400,"height":400},"images/a_16":{"width":400,"height":400},"images/a_18":{"width":400,"height":400},"images/a_20":{"width":400,"height":400}},"yanhua2":{"images/a_0":{"width":400,"height":400},"images/a_4":{"width":400,"height":400},"images/a_6":{"width":400,"height":400},"images/a_8":{"width":400,"height":400},"images/a_10":{"width":400,"height":400},"images/a_12":{"width":400,"height":400},"images/a_14":{"width":400,"height":400},"images/a_16":{"width":400,"height":400},"images/a_18":{"width":400,"height":400},"images/a_20":{"width":400,"height":400}},"yanhua3":{"images/a_0":{"width":400,"height":400},"images/a_4":{"width":400,"height":400},"images/a_6":{"width":400,"height":400},"images/a_8":{"width":400,"height":400},"images/a_10":{"width":400,"height":400},"images/a_12":{"width":400,"height":400},"images/a_14":{"width":400,"height":400},"images/a_16":{"width":400,"height":400},"images/a_18":{"width":400,"height":400},"images/a_20":{"width":400,"height":400}},"yanhua4":{"images/a_0":{"width":400,"height":400},"images/a_4":{"width":400,"height":400},"images/a_6":{"width":400,"height":400},"images/a_8":{"width":400,"height":400},"images/a_10":{"width":400,"height":400},"images/a_12":{"width":400,"height":400},"images/a_14":{"width":400,"height":400},"images/a_16":{"width":400,"height":400},"images/a_18":{"width":400,"height":400},"images/a_20":{"width":400,"height":400}}}},"animations":{"animation":{"slots":{"c":{"attachment":[{"time":0,"name":null},{"time":0.2,"name":"c"},{"time":0.5666,"name":null},{"time":1.1666,"name":null}],"color":[{"time":0,"color":"ffffffff","curve":"stepped"},{"time":0.2,"color":"ffffffff","curve":"stepped"},{"time":0.5,"color":"ffffffff"},{"time":0.5666,"color":"ffffff00","curve":"stepped"},{"time":1.1666,"color":"ffffff00"}]},"j":{"attachment":[{"time":0,"name":null},{"time":0.0666,"name":"j"},{"time":0.5,"name":null},{"time":1.1666,"name":null}],"color":[{"time":0,"color":"ffffffff","curve":"stepped"},{"time":0.0666,"color":"ffffffff","curve":"stepped"},{"time":0.5,"color":"ffffffff","curve":"stepped"},{"time":1.1666,"color":"ffffff00"}]},"s":{"attachment":[{"time":0,"name":"s"},{"time":0.1,"name":"s"},{"time":0.4666,"name":null},{"time":1.1666,"name":null}],"color":[{"time":0,"color":"ffffffff","curve":"stepped"},{"time":0.4333,"color":"ffffffff"},{"time":0.4666,"color":"ffffff00","curve":"stepped"},{"time":1.1666,"color":"ffffff00"}]},"w":{"attachment":[{"time":0,"name":null},{"time":0.1333,"name":"w"},{"time":0.5333,"name":null},{"time":1.1666,"name":null}],"color":[{"time":0,"color":"ffffffff","curve":"stepped"},{"time":0.1333,"color":"ffffffff","curve":"stepped"},{"time":0.4666,"color":"ffffffff"},{"time":0.5333,"color":"ffffff00","curve":"stepped"},{"time":1.1666,"color":"ffffff00"}]},"yanhua":{"attachment":[{"time":0,"name":null},{"time":0.0666,"name":"images/a_0"},{"time":0.1,"name":"images/a_4"},{"time":0.1333,"name":"images/a_6"},{"time":0.2333,"name":"images/a_8"},{"time":0.3,"name":"images/a_10"},{"time":0.3666,"name":"images/a_12"},{"time":0.4333,"name":"images/a_14"},{"time":0.5333,"name":"images/a_16"},{"time":0.5666,"name":"images/a_18"},{"time":0.6666,"name":"images/a_20"},{"time":0.7333,"name":null},{"time":1.1666,"name":null}],"color":[{"time":0,"color":"ffffffff","curve":"stepped"},{"time":1.1666,"color":"ffffffff"}]},"yanhua2":{"attachment":[{"time":0,"name":null},{"time":0.1,"name":"images/a_0"},{"time":0.1666,"name":"images/a_4"},{"time":0.2333,"name":"images/a_6"},{"time":0.3,"name":"images/a_8"},{"time":0.4,"name":"images/a_10"},{"time":0.4666,"name":"images/a_12"},{"time":0.5333,"name":"images/a_14"},{"time":0.6333,"name":"images/a_16"},{"time":0.7,"name":"images/a_18"},{"time":0.7666,"name":"images/a_20"},{"time":0.8333,"name":null},{"time":1.1666,"name":null}],"color":[{"time":0,"color":"ffffffff","curve":"stepped"},{"time":1.1666,"color":"ffffffff"}]},"yanhua3":{"attachment":[{"time":0,"name":null},{"time":0.2333,"name":"images/a_0"},{"time":0.3,"name":"images/a_4"},{"time":0.3666,"name":"images/a_6"},{"time":0.4,"name":"images/a_8"},{"time":0.5,"name":"images/a_10"},{"time":0.5666,"name":"images/a_12"},{"time":0.6333,"name":"images/a_14"},{"time":0.6666,"name":"images/a_16"},{"time":0.7333,"name":"images/a_18"},{"time":0.8,"name":"images/a_20"},{"time":0.8666,"name":null},{"time":1.1666,"name":null}],"color":[{"time":0,"color":"ffffffff","curve":"stepped"},{"time":1.1666,"color":"ffffffff"}]},"yanhua4":{"attachment":[{"time":0,"name":null},{"time":0.3,"name":"images/a_0"},{"time":0.3333,"name":"images/a_4"},{"time":0.4,"name":"images/a_6"},{"time":0.4666,"name":"images/a_8"},{"time":0.5333,"name":"images/a_10"},{"time":0.6,"name":"images/a_12"},{"time":0.6666,"name":"images/a_14"},{"time":0.7333,"name":"images/a_16"},{"time":0.8,"name":"images/a_18"},{"time":0.8666,"name":"images/a_20"},{"time":0.9333,"name":null},{"time":1.1666,"name":null}],"color":[{"time":0,"color":"ffffffff","curve":"stepped"},{"time":1.1666,"color":"ffffffff"}]}},"bones":{"yanhua1":{"rotate":[{"time":0,"angle":0,"curve":"stepped"},{"time":0.0666,"angle":128.38,"curve":"stepped"},{"time":0.7333,"angle":128.38,"curve":"stepped"},{"time":1.1666,"angle":111.56}],"translate":[{"time":0,"x":0,"y":0,"curve":"stepped"},{"time":0.0666,"x":-253.82,"y":97,"curve":"stepped"},{"time":0.7333,"x":-253.82,"y":97,"curve":"stepped"},{"time":1.1666,"x":-241.3,"y":28.14}],"scale":[{"time":0,"x":1,"y":1,"curve":"stepped"},{"time":0.0666,"x":2.267,"y":2.267,"curve":"stepped"},{"time":0.7333,"x":2.267,"y":2.267,"curve":"stepped"},{"time":1.1666,"x":2.096,"y":2.096}]},"yanhua2":{"rotate":[{"time":0,"angle":0,"curve":"stepped"},{"time":0.1,"angle":-42.32,"curve":"stepped"},{"time":0.8333,"angle":-42.32,"curve":"stepped"},{"time":1.1666,"angle":-42.32}],"translate":[{"time":0,"x":0,"y":0,"curve":"stepped"},{"time":0.1,"x":-102.63,"y":-33.17,"curve":"stepped"},{"time":0.8333,"x":-102.63,"y":-33.17,"curve":"stepped"},{"time":1.1666,"x":-102.63,"y":-33.17}],"scale":[{"time":0,"x":1,"y":1,"curve":"stepped"},{"time":0.1,"x":2.059,"y":2.059,"curve":"stepped"},{"time":0.8333,"x":2.059,"y":2.059,"curve":"stepped"},{"time":1.1666,"x":2.059,"y":2.059}]},"bone4":{"rotate":[{"time":0,"angle":35.48,"curve":[0,0.74,0.75,1]},{"time":0.1,"angle":0,"curve":"stepped"},{"time":0.4666,"angle":0,"curve":"stepped"},{"time":1.1666,"angle":-8.82}],"translate":[{"time":0,"x":-109.48,"y":322.4,"curve":[0,0.74,0.75,1]},{"time":0.1,"x":-8.78,"y":0},{"time":0.1666,"x":-8.78,"y":19.02},{"time":0.2333,"x":-8.78,"y":0,"curve":"stepped"},{"time":0.4666,"x":-8.78,"y":0,"curve":"stepped"},{"time":1.1666,"x":-8.78,"y":-58.56}],"scale":[{"time":0,"x":2.2,"y":2,"curve":[0,0.74,0.75,1]},{"time":0.1,"x":1,"y":1,"curve":[0.25,0,0.75,1]},{"time":0.1666,"x":1.2,"y":1.2,"curve":[0.25,0,0.75,1]},{"time":0.2333,"x":1,"y":1,"curve":"stepped"},{"time":0.4666,"x":1,"y":1,"curve":"stepped"},{"time":1.1666,"x":0.5,"y":0.5}]},"bone5":{"rotate":[{"time":0,"angle":0,"curve":"stepped"},{"time":0.0666,"angle":28.58,"curve":[0,0.42,0.75,1]},{"time":0.1666,"angle":0,"curve":"stepped"},{"time":0.5,"angle":0,"curve":"stepped"},{"time":1.1666,"angle":3.73}],"translate":[{"time":0,"x":0,"y":0,"curve":"stepped"},{"time":0.0666,"x":117.95,"y":375.67,"curve":[0,0.42,0.75,1]},{"time":0.1666,"x":0,"y":0,"curve":"stepped"},{"time":0.5,"x":0,"y":0,"curve":"stepped"},{"time":1.1666,"x":0,"y":-39.92}],"scale":[{"time":0,"x":1,"y":1,"curve":"stepped"},{"time":0.0666,"x":2,"y":2,"curve":[0,0.42,0.75,1]},{"time":0.1666,"x":1,"y":1,"curve":[0.25,0,0.75,1]},{"time":0.2333,"x":1.2,"y":1.2,"curve":[0.25,0,0.75,1]},{"time":0.3,"x":1,"y":1,"curve":"stepped"},{"time":0.5,"x":1,"y":1,"curve":"stepped"},{"time":1.1666,"x":0.5,"y":0.5}]},"bone6":{"rotate":[{"time":0,"angle":0},{"time":0.1333,"angle":50.97,"curve":[0,0.42,0.75,1]},{"time":0.2333,"angle":0,"curve":"stepped"},{"time":0.5333,"angle":0,"curve":"stepped"},{"time":1.1666,"angle":-8.82}],"translate":[{"time":0,"x":-28.17,"y":0},{"time":0.1333,"x":85.97,"y":421.34,"curve":[0,0.42,0.75,1]},{"time":0.2333,"x":3.32,"y":0,"curve":"stepped"},{"time":1.1666,"x":3.32,"y":0}],"scale":[{"time":0,"x":1,"y":1},{"time":0.1333,"x":2,"y":2,"curve":[0,0.42,0.75,1]},{"time":0.2333,"x":1,"y":1,"curve":[0.25,0,0.75,1]},{"time":0.3,"x":1.2,"y":1.2,"curve":[0.25,0,0.75,1]},{"time":0.3666,"x":1,"y":1,"curve":"stepped"},{"time":0.5333,"x":1,"y":1,"curve":"stepped"},{"time":1.1666,"x":0.5,"y":0.5}]},"bone7":{"rotate":[{"time":0,"angle":0,"curve":"stepped"},{"time":0.2,"angle":35.48,"curve":[0,0.47,0.75,1]},{"time":0.3,"angle":0,"curve":"stepped"},{"time":0.5666,"angle":0,"curve":"stepped"},{"time":1.1666,"angle":-8.82}],"translate":[{"time":0,"x":-62.6,"y":0,"curve":"stepped"},{"time":0.2,"x":-62.6,"y":322.4,"curve":[0,0.47,0.75,1]},{"time":0.3,"x":8.97,"y":0,"curve":"stepped"},{"time":0.5666,"x":8.97,"y":0,"curve":"stepped"},{"time":1.1666,"x":8.97,"y":-63.88}],"scale":[{"time":0,"x":1,"y":1,"curve":"stepped"},{"time":0.2,"x":2,"y":2,"curve":[0,0.47,0.75,1]},{"time":0.3,"x":1,"y":1,"curve":[0.25,0,0.75,1]},{"time":0.3666,"x":1.2,"y":1.2,"curve":[0.25,0,0.75,1]},{"time":0.4333,"x":1,"y":1,"curve":"stepped"},{"time":0.5666,"x":1,"y":1,"curve":"stepped"},{"time":1.1666,"x":0.5,"y":0.5}]},"yanhua3":{"rotate":[{"time":0,"angle":0},{"time":0.2333,"angle":-132.82,"curve":"stepped"},{"time":0.8666,"angle":-132.82,"curve":"stepped"},{"time":1.1666,"angle":-132.82}],"translate":[{"time":0,"x":0,"y":0},{"time":0.2333,"x":88.93,"y":190.62,"curve":"stepped"},{"time":0.8666,"x":88.93,"y":190.62,"curve":"stepped"},{"time":1.1666,"x":88.93,"y":190.62}],"scale":[{"time":0,"x":1,"y":1},{"time":0.2333,"x":1.845,"y":1.845,"curve":"stepped"},{"time":0.8666,"x":1.845,"y":1.845,"curve":"stepped"},{"time":1.1666,"x":1.845,"y":1.845}]},"yanhua4":{"rotate":[{"time":0,"angle":0},{"time":0.3,"angle":44.36,"curve":"stepped"},{"time":0.9333,"angle":44.36,"curve":"stepped"},{"time":1.1666,"angle":44.36}],"translate":[{"time":0,"x":0,"y":0},{"time":0.3,"x":345.55,"y":52.36,"curve":"stepped"},{"time":0.9333,"x":345.55,"y":52.36,"curve":"stepped"},{"time":1.1666,"x":345.55,"y":52.36}],"scale":[{"time":0,"x":1,"y":1},{"time":0.3,"x":2.558,"y":2.558,"curve":"stepped"},{"time":0.9333,"x":2.558,"y":2.558,"curve":"stepped"},{"time":1.1666,"x":2.558,"y":2.558}]}},"drawOrder":[{"time":0},{"time":1.1666}]}}}