<?xml version="1.0" encoding="utf-8"?>
<component size="640,960">
  <displayList>
    <text id="n20" name="n20" xy="18,22" size="593,76" fontSize="22" autoSize="height" text="默认情况下，子元件在容器内的深度由他们加入容器的顺序决定。但我们可以利用sortingOrder属性自定义深度。这种特性在多个模块都向同一个容器添加子元件时特别有用。"/>
    <component id="n22" name="n22" src="rwlc7x" xy="50,402"/>
    <component id="n24" name="btn0" src="rwlc7y" xy="58,155" size="167,45">
      <Button title="Add a child"/>
    </component>
    <component id="n25" name="btn1" src="rwlc7y" xy="60,245" size="454,53">
      <Button title="Add a child with bigger sortingOrder"/>
    </component>
  </displayList>
</component>