<?xml version="1.0" encoding="utf-8"?>
<component size="640,890">
  <displayList>
    <text id="n0" name="n0" xy="12,19" size="605,71" fontSize="16" autoSize="none" text="动画（MovieClip）有两种制作方式&#xA;1、直接导入gif图片&#xA;2、导入Flash swf（仅Flash平台支持显示）&#xA;3、使用菜单：编辑-》新建动画"/>
    <text id="n1" name="n1" xy="24,115" size="338,21" fontSize="17" text="直接导入gif图片，编辑器会转换为动画格式"/>
    <jta id="n8" name="n8" src="hixt1v" xy="404,102"/>
    <text id="n9" name="n9" xy="29,208" size="124,21" fontSize="17" text="导入序列帧创建"/>
    <text id="n12" name="n12" xy="48,353" size="175,21" fontSize="17" text="动画也支持一般的变换"/>
    <jta id="n13" name="n13" src="hixt1v" xy="97,400" color="#0066cc"/>
    <jta id="n14" name="n14" src="hixt1v" xy="60,627" frame="1" playing="false"/>
    <jta id="n15" name="n15" src="hixt1v" xy="343,384" pivot="0.5,0.5" size="155,144" alpha="0.33" rotation="-49" frame="1"/>
    <text id="n17" name="n17" xy="50,570" size="430,21" fontSize="17" text="动画可以放置在任何地方，也可以方便地设置播放和停止"/>
    <component id="n18" name="n18" src="rpmb10" xy="163,635" size="84,42">
      <Button title="点我" icon="ui://9leh0eyfhixt1v"/>
    </component>
    <jta id="n19" name="n19" src="t9fj5f" xy="190,179"/>
    <jta id="n22" name="n22" src="hixt1v" xy="221,400" grayed="true"/>
  </displayList>
</component>