<?xml version="1.0" encoding="utf-8"?>
<component size="640,890">
  <controller name="c1" pages="0,,1," selected="0"/>
  <displayList>
    <text id="n0" name="n0" xy="18,19" size="591,63" fontSize="16" autoSize="none" text="“关联”是FairyGUI核心特色功能之一。“关联”定义元件之间的位置和大小关系。点击下面的按钮，观察不同效果。"/>
    <graph id="n2" name="n2" xy="176,212" size="100,100" type="rect" fillColor="#ff009900">
      <relation target="n1" sidePair="left-left,top-top"/>
    </graph>
    <graph id="n1" name="n1" xy="40,212" size="100,100" type="rect">
      <gearXY controller="c1" pages="0,1" values="-|340,212" default="40,212" tween="true"/>
    </graph>
    <component id="n5" name="n5" src="rpmb12" xy="38,102">
      <Button controller="c1" page="1"/>
    </component>
    <graph id="n7" name="n7" xy="279,374" size="100,100" type="rect" fillColor="#ff009900">
      <relation target="n8" sidePair="width-width,height-height"/>
    </graph>
    <graph id="n8" name="n8" xy="49,374" size="100,100" type="rect">
      <gearSize controller="c1" pages="0,1" values="-|188,165,1.00,1.00" default="100,100,1.00,1.00" tween="true"/>
    </graph>
    <graph id="n9" name="n9" xy="284,613" size="98,100" type="rect" fillColor="#ff009900">
      <relation target="n10" sidePair="leftext-right"/>
    </graph>
    <graph id="n10" name="n10" xy="155,613" size="100,100" type="rect">
      <gearXY controller="c1" pages="0,1" values="155,613|30,615" default="153,546" tween="true"/>
    </graph>
    <graph id="n12" name="n12" xy="486,761" size="99,104" type="rect" fillColor="#ff009900">
      <gearSize controller="c1" pages="0,1" values="-|285,104,1.00,1.00" default="99,104,1.00,1.00" tween="true"/>
      <relation target="" sidePair="right-right"/>
    </graph>
  </displayList>
</component>